#ID,P1,P2,Result,,,,
1,000hgpT01dgD60ma7gN0Aos8a1sobQo0WGzSa1sHO7p01ASyamU9nDp01AP3p00g7Vok9reOt00ePXakVWHwalJndra2siPEg01cbwgp4Vl9god33RU00z0Fa2sqm5amTbupU00UuXp00Sj4a2sLzYa5Moapdljwuu801hi0,001jTFX01fR0T01xlGp015EGp01pNpj1BhHaaksdCFaksbJUaks9Raa9Lmp1a9Lel4wffMhJweSLTuwesn3cwdS9H1wdAykBw01jCmOjRQWiOkjgNAOkO58VOlftIPOknzTLvbqblP,P1Win,P2Win,,101,
2,000hgpT01dgD60ma7gN0Aos8a1sobQo0WGzSa1sHO7p01ASyamU9nDp01AP3p00g7Vok9reOt00ePXakVWHwalJndra2siPEg01cbwgp4Vl9god33RU00z0Fa2sqm5amTbupU00UuXp00Sj4a2sLzYa5Moapdljwuu801hi0,000kHTX008lKp00cmqj0ImgLwfWHW9wfrTBMwpHxhYwpHzaJwdVtBKa1NDOuGdDNVmp008mlakVPoMakVS5Ip00BT8amjUoDamjX5zp00zdVr01AQUr013Ata1NGvtOjHNGaOjhoOQOiPYXyOipA7gOhYbfX,P2Win,P1Win,,2,0.610778443
3,000hgpT01dgD60ma7gN0Aos8a1sobQo0WGzSa1sHO7p01ASyamU9nDp01AP3p00g7Vok9reOt00ePXakVWHwalJndra2siPEg01cbwgp4Vl9god33RU00z0Fa2sqm5amTbupU00UuXp00Sj4a2sLzYa5Moapdljwuu801hi0,000hK4X00dHsw009Fuw00bhQw00cTdw00evzw00g7Vw00hJiO009FuO00bhQO00cTdO00evzO00g7VO00hJij2ata9akA0uSakzWNWa3fIP5p00os8p00segr004jTr01ARo,P1Win,P2Win,,,
4,000hgpT01dgD60ma7gN0Aos8a1sobQo0WGzSa1sHO7p01ASyamU9nDp01AP3p00g7Vok9reOt00ePXakVWHwalJndra2siPEg01cbwgp4Vl9god33RU00z0Fa2sqm5amTbupU00UuXp00Sj4a2sLzYa5Moapdljwuu801hi0,000j7PimwEnTX008n9p00hdYakzRIpw0058Sw0071Dw008Tow00aM9O005W4O007yqO009aMO00aM9joccoUa2aEe2p00uFEGd0ehdaoUsd5p00vcUaoUuT1a2aGU2p00B6vp00pk9r004mr8004lTakzTBaakzVtU,P1Win,P2Win,,99,
5,000hgpT01dgD60ma7gN0Aos8a1sobQo0WGzSa1sHO7p01ASyamU9nDp01AP3p00g7Vok9reOt00ePXakVWHwalJndra2siPEg01cbwgp4Vl9god33RU00z0Fa2sqm5amTbupU00UuXp00Sj4a2sLzYa5Moapdljwuu801hi0,001na5X01agej2klbgp01mkBGhQuySp01AQAp01APlp01zMyOkwqQiOfXQ2EOgtEn0OgYsHlwfTlUlwfoxA0weSJfEwenUUjwdWw41anQq09anQsG7a3gNHja3gQolT019Hma5qziCa6vHacr01ACnr01AODajAitpajvVpT,P2Win,P1Win,,2,0.598802395
6,000hgpT01dgD60ma7gN0Aos8a1sobQo0WGzSa1sHO7p01ASyamU9nDp01AP3p00g7Vok9reOt00ePXakVWHwalJndra2siPEg01cbwgp4Vl9god33RU00z0Fa2sqm5amTbupU00UuXp00Sj4a2sLzYa5Moapdljwuu801hi0,001iQVwpvwaljnD0W1a16zAFp01vupp01yr8p01APKanQq0ganQsGcp01kbGajvU5aajvRoeGd1izSX01fCUOg7EwmOkJE5rOkePK6OjJ2pKwewIRewe6k0Vwdw7cxwd1j8AU004RRa2agyza2ajfv7k4RQ8,P1Win,P2Win,,,
7,000hgpT01dgD60ma7gN0Aos8a1sobQo0WGzSa1sHO7p01ASyamU9nDp01AP3p00g7Vok9reOt00ePXakVWHwalJndra2siPEg01cbwgp4Vl9god33RU00z0Fa2sqm5amTbupU00UuXp00Sj4a2sLzYa5Moapdljwuu801hi0,001dvXjnucuVX01b7uOjWbVPOffMTHOfKBvrOggq7bw9PicqwalaihwaQ2o8wblTtYw013Atp01yL7a16CAfa16Fhbp01zydanQq2LanQsIHajvJnhajvLg2ajvN8Op015qHp01dKJGgghKlp00K2lp01mmuq01zgGr00K38r01auT,P1Win,P2Win,,,
8,000hgpT01dgD60ma7gN0Aos8a1sobQo0WGzSa1sHO7p01ASyamU9nDp01AP3p00g7Vok9reOt00ePXakVWHwalJndra2siPEg01cbwgp4Vl9god33RU00z0Fa2sqm5amTbupU00UuXp00Sj4a2sLzYa5Moapdljwuu801hi0,001bTPX01e4OjodfWDajvNWeajvLgip01a0Kaozsq8OjebblOjIYvGOf2Adawapzj8wcmEtRp01syLG4lkKWp01pAEp01iRCp01ATGwbuIvEw05wDdaozv74p01AUgN0ewpCr0130wr01uEtT0188Va2KC0Va2KzjX,P1Win,P2Win,,,
9,000hgpT01dgD60ma7gN0Aos8a1sobQo0WGzSa1sHO7p01ASyamU9nDp01AP3p00g7Vok9reOt00ePXakVWHwalJndra2siPEg01cbwgp4Vl9god33RU00z0Fa2sqm5amTbupU00UuXp00Sj4a2sLzYa5Moapdljwuu801hi0,001bTFjnucv3X01bEhp01AUgp01ATIanQrV4anQpf8ajvKIkp017Qcp01gYzt012M4p01ASqp01s12G7NMHzw9Y7e6watYjWwaYQpNwbuIvEwc0ABwO86yQAOg7CqtOfBO68w05vifr00XbJr004ohabUT7UajvIPyajvHec,P1Win,P2Win,,,
10,000hgpT01dgD60ma7gN0Aos8a1sobQo0WGzSa1sHO7p01ASyamU9nDp01AP3p00g7Vok9reOt00ePXakVWHwalJndra2siPEg01cbwgp4Vl9god33RU00z0Fa2sqm5amTbupU00UuXp00Sj4a2sLzYa5Moapdljwuu801hi0,001dvXjnucuVt019eJOf70uoOfGdiMOggq7bwfbjkbweB6vMwe1SHowdrFT0p01yL7a1Khiea16Fhbp01zydanQq2LanQsIHajvJnhajvM4ep01f6CGgghKlp01Aldp016LFp015nQU00ACza2aNnQa2aKGUp01s1fp01nr4X01b7ur01AOxr00Bow,P1Win,P2Win,,,
11,000hgpT01dgD60ma7gN0Aos8a1sobQo0WGzSa1sHO7p01ASyamU9nDp01AP3p00g7Vok9reOt00ePXakVWHwalJndra2siPEg01cbwgp4Vl9god33RU00z0Fa2sqm5amTbupU00UuXp00Sj4a2sLzYa5Moapdljwuu801hi0,001dfiwpVLF3w01b6TX01dgAO019e9O01hhWwjvJ8aw01eS0wpVTcEt01bmut012vGp01xW5ajvJn0ajvLfKalGcJoU01uHGaggrXka16zBojnQedSa2bHsXp01hvWa1OHEzp017j5p01ybHalGfqkGjvxdI,P1Win,P2Win,,,
12,000hgpT01dgD60ma7gN0Aos8a1sobQo0WGzSa1sHO7p01ASyamU9nDp01AP3p00g7Vok9reOt00ePXakVWHwalJndra2siPEg01cbwgp4Vl9god33RU00z0Fa2sqm5amTbupU00UuXp00Sj4a2sLzYa5Moapdljwuu801hi0,000iOu7k9szM7k57447k9qH2joH2Afr00tih7kmEcK7kiiG27kmCAoamKhz0amKeS49la2OV9l5LWt9l9Y5e415A5na2B43ma2B6Jj7plDBi7pq62F7puxt39p8pPb9plIYazcUI5dx5YUGhxkifbUr004jja8n7I71lEVx91lF0z3O00iNRT01evSp00tzja6vMfEa6vJyIa6vKTJp01dIi,P2Win,P1Win,,,
13,000hgpT01dgD60ma7gN0Aos8a1sobQo0WGzSa1sHO7p01ASyamU9nDp01AP3p00g7Vok9reOt00ePXakVWHwalJndra2siPEg01cbwgp4Vl9god33RU00z0Fa2sqm5amTbupU00UuXp00Sj4a2sLzYa5Moapdljwuu801hi0,000gFvi2AF7yp00r9Xj19MIW9lekkJ9kVPoO9kRiBw9kIKei9p8eyD9puwov90dhxV90zznNp00vaXantjVQantmCMa2aC36a2aEJ741ry3hx5YWz2x5YLPg7kr2RC7kr6Tw7kifIH7kijKD7k9szM7k9wBKzcUIlK39nNa91kVPoOr00O5e1kVTqGp01ARm,P1Win,P1Win,,,
14,000hgpT01dgD60ma7gN0Aos8a1sobQo0WGzSa1sHO7p01ASyamU9nDp01AP3p00g7Vok9reOt00ePXakVWHwalJndra2siPEg01cbwgp4Vl9god33RU00z0Fa2sqm5amTbupU00UuXp00Sj4a2sLzYa5Moapdljwuu801hi0,000lLOimJWqi71rjN471e2grx5UpKMxkdJgq9plx9Q9plHTA90qEb390qOUM9kVS5I9kVXsA9kW3Ps9kVMHQ7kdNik7kifIH7kmHa57kdU1a7kimrx7kmNRU1oc9WB1l5K4I1ocdYvj15nYva15ATcp00xQTamKmFtamKjYx415BaAp00wgdp008kWp00Djv8091Kd,P2Win,P1Win,,,
15,000hgpT01dgD60ma7gN0Aos8a1sobQo0WGzSa1sHO7p01ASyamU9nDp01AP3p00g7Vok9reOt00ePXakVWHwalJndra2siPEg01cbwgp4Vl9god33RU00z0Fa2sqm5amTbupU00UuXp00Sj4a2sLzYa5Moapdljwuu801hi0,000fknr008m0i3fjOxh3fsq8j3fykME1NcVuzd09qc80918Dp00ocsr004iU7kdPHRx5UkoIxjQHxd9kMUcR9kIISi9kIAOur00t1SaoyllYanPkAu7kdLFX7kdOTG42aC2ja2aDnY1l1b7k90hVRd7kdWaj7kdSVA7kdIsf1l1fWp90hKzGa2aAGXzcUKuR,P1Win,P2Win,,,
16,000hgpT01dgD60ma7gN0Aos8a1sobQo0WGzSa1sHO7p01ASyamU9nDp01AP3p00g7Vok9reOt00ePXakVWHwalJndra2siPEg01cbwgp4Vl9god33RU00z0Fa2sqm5amTbupU00UuXp00Sj4a2sLzYa5Moapdljwuu801hi0,000i1tj15nYv41ekNVa2wEzua2wHgtp00pNYp00tP0amKhPoamKkwkt004iC9pD67H900b1s900gok900lLe9kRlir9kRtlh9kNcEH9lelFH9letIy9lad2U7kialP7kid2N7kifIH7kr0bI7kr2RC7kr5yy1kVO3O1kVQJM1kVTaip01AP7p01AOxr00IHlr00YLxabbVMi,P1Win,P2Win,,,
17,000hgpT01dgD60ma7gN0Aos8a1sobQo0WGzSa1sHO7p01ASyamU9nDp01AP3p00g7Vok9reOt00ePXakVWHwalJndra2siPEg01cbwgp4Vl9god33RU00z0Fa2sqm5amTbupU00UuXp00Sj4a2sLzYa5Moapdljwuu801hi0,0014jyj16bmkp01ewC42P6gha2bs6Kp01jCmamL8qVamL5K09l1TcH7kiTLk7kiSX97kiWbR7kiYBp7kns7m7knuwT7knwWr7knzmY90A93w90EDaP90J8i990JdF19kWytj9kWFc99kWLTY9phROT9pi6gzt00Q9jr00WQTabUIP57pvcfh7pvft0r01AR0a4lzL2,P2Win,P1Win,,,
18,000hgpT01dgD60ma7gN0Aos8a1sobQo0WGzSa1sHO7p01ASyamU9nDp01AP3p00g7Vok9reOt00ePXakVWHwalJndra2siPEg01cbwgp4Vl9god33RU00z0Fa2sqm5amTbupU00UuXp00Sj4a2sLzYa5Moapdljwuu801hi0,000ex5imFs3st00cE4a6veURp00Nbnj15o0g90dkLl90drKB90dyJN9kIL389kIxl39p8hvw9p8vKv9lenhC9leBwB7p3Szq7p3Xpv7k9iUk7ki91z7k9m937kicfi7k9pmL7kifcCa0dhz6r008DBp00mAX41vTzGa1AjkKa1Am1Hamsy9aamsAP8r01ybn,P1Win,P2Win,,,
19,000hgpT01dgD60ma7gN0Aos8a1sobQo0WGzSa1sHO7p01ASyamU9nDp01AP3p00g7Vok9reOt00ePXakVWHwalJndra2siPEg01cbwgp4Vl9god33RU00z0Fa2sqm5amTbupU00UuXp00Sj4a2sLzYa5Moapdljwuu801hi0,000i1SimaDYdj10Yfst0070MamKge2amKiTXa3fGGka3fJnip00seRp00vbv41Apeqad05oYad085U7kmzn37kmC437kmEJV7kdLWN7kdODH7kdRkC1l1e521l1iDK9l5xbw9l5NiS9kIvsj9kILzF9oYq4s9p3Ydq9p48Ce90dilO90mnuQr00Bm1r008mJ,P2Win,P2Win,,,
20,000hgpT01dgD60ma7gN0Aos8a1sobQo0WGzSa1sHO7p01ASyamU9nDp01AP3p00g7Vok9reOt00ePXakVWHwalJndra2siPEg01cbwgp4Vl9god33RU00z0Fa2sqm5amTbupU00UuXp00Sj4a2sLzYa5Moapdljwuu801hi0,000i1jt007gli3jIyYj15nYvp00vaXp00suAa1NyXFa1NBEG4pHPyban7kDban7hWfae5azP9kVIGL9kRpjn9kRuGf9kNbjF9005o290IoWe9oGOXy9oYxjo9p42qH9p8wy17kdKBo7kdNik7kdPYg7kibGN7kmD8b7kih4F1kRupQ,P1Win,P2Win,,,
21,000hgpT01dgD60ma7gN0Aos8a1sobQo0WGzSa1sHO7p01ASyamU9nDp01AP3p00g7Vok9reOt00ePXakVWHwalJndra2siPEg01cbwgp4Vl9god33RU00z0Fa2sqm5amTbupU00UuXp00Sj4a2sLzYa5Moapdljwuu801hi0,000ihH9l5vPM9l5AFJ9l1fWp9kVWUN9pcDi6a4kNJba4kL39t00hJHt00hJH9pcO2P409ePtj15nYvamKge29pcTpH7kdLWm7kdOmT7kdPHR7kdRR17kmBvO7kmDVm7kmFhk7kmHqtr01AUgp00y8ip00xkDamKiTXp004jaad05oiad085e9pcIFb1nGjcI1nGmGP,P1Win,P2Win,,,
22,000hgpT01dgD60ma7gN0Aos8a1sobQo0WGzSa1sHO7p01ASyamU9nDp01AP3p00g7Vok9reOt00ePXakVWHwalJndra2siPEg01cbwgp4Vl9god33RU00z0Fa2sqm5amTbupU00UuXp00Sj4a2sLzYa5Moapdljwuu801hi0,000jmh9kRnXp9kRuGf9kRBp59kRjVv9pcEmF9pcIEX9pcRgy9pcMXga2aCQ5a2aFx3j19MIWamKlRiamKjbm7k4Xc57k9oOh7kdPrt7kifsj7kdR3P7k9tEmp00wvVp00vbv90zjga90zBwU400suNt006IGt006IGE0I96U,P1Win,P1Win,,,
23,000hgpT01dgD60ma7gN0Aos8a1sobQo0WGzSa1sHO7p01ASyamU9nDp01AP3p00g7Vok9reOt00ePXakVWHwalJndra2siPEg01cbwgp4Vl9god33RU00z0Fa2sqm5amTbupU00UuXp00Sj4a2sLzYa5Moapdljwuu801hi0,000j6limnQpht008lDt00cUkad05oRad085Np00sLzp00P4541Jdbram2gxeantkK2j0Imgz7kdPIa7kihS87kmBfJ7kieUP9oU4xC9pyHb29pHLMg9p499S90uTwi90vaDB9l5vPr9l1f9u9kVXsR1liLdUa3BLTz7pyJQX,P1Win,P2Win,,,
24,000hgpT01dgD60ma7gN0Aos8a1sobQo0WGzSa1sHO7p01ASyamU9nDp01AP3p00g7Vok9reOt00ePXakVWHwalJndra2siPEg01cbwgp4Vl9god33RU00z0Fa2sqm5amTbupU00UuXp00Sj4a2sLzYa5Moapdljwuu801hi0,000fkni3fjOxj15nYvt008kV42aA9wa3fFkOa3fI1Np00pNMamKfWDamKdgH9l9UA79l5LWt9l5DSF90dhxK9puwot9p8eys90zznL7kdKRM7kdO6v7kdPHR7kmAY27kmDVm7kmFO7t00bP3t00bP3p00su3E6QB4Fr00Ilfr01evS,P1Win,P2Win,,,
25,000hgpT01dgD60ma7gN0Aos8a1sobQo0WGzSa1sHO7p01ASyamU9nDp01AP3p00g7Vok9reOt00ePXakVWHwalJndra2siPEg01cbwgp4Vl9god33RU00z0Fa2sqm5amTbupU00UuXp00Sj4a2sLzYa5Moapdljwuu801hi0,000jmhj15nYvp00wvVp00tPJ41rzo5a2aEc5a2aGS4an7jyBan7mfxp005DF9l9Uzj9l9YBd9l5DSF9l5HUz9l1nd2T01hcO9l1reVa6vJika6vLYga6vLYja6vOFfp01hdpp01ARm8cRkuyp00BXjp005EOr01AQP7kdPHR7kdRke7kdSVA7kdUxW7kdWaj7kmEJx7kmGlT7kmHXg7kmJzC7kmLbY7kigwS7kii9f7kijKB7kilmX7kimYk,P2Win,P1Win,,,
26,000hgpT01dgD60ma7gN0Aos8a1sobQo0WGzSa1sHO7p01ASyamU9nDp01AP3p00g7Vok9reOt00ePXakVWHwalJndra2siPEg01cbwgp4Vl9god33RU00z0Fa2sqm5amTbupU00UuXp00Sj4a2sLzYa5Moapdljwuu801hi0,000vbMp00efgp005nh9l5vOR9l5Aoy9l1gdN9l1kMu9l1pmb9kW5bv9kW9K8j2aGAPamKsQwamKvxsa2aR6aa2aTfo42aO8fO00iNRT01AOCae6EoUae6H5Q7kmvBa7kmyOS7kmC3B7kmFhk7kmIv37kmLIL7kmtbC7kmwpl7kmzD47kmCQM7kmG5v7kmJje8dwr3Jp01ARmp00BXj8cRhNC,P2Win,P1Win,,,
27,000hgpT01dgD60ma7gN0Aos8a1sobQo0WGzSa1sHO7p01ASyamU9nDp01AP3p00g7Vok9reOt00ePXakVWHwalJndra2siPEg01cbwgp4Vl9god33RU00z0Fa2sqm5amTbupU00UuXp00Sj4a2sLzYa5Moapdljwuu801hi0,000u7Ap00bivj15E7Aa00E4ka00GKip00JsRamKxJ74puQzmp00NIPp00MDAamKBsiamKyLmT011C1a3gkD2a9K61ma9K3kr7ke5Li7kitra7k9EWh7ke3C97kiri27k9CN97ke1t27kip8U7k9AE27kdYjU7kinwx7k9z2E9kMWS79kN5VX9kNe139kNm4O9la3De9labGY9lajL79larOUa3ghW6,P2Win,P1Win,,,
28,000hgpT01dgD60ma7gN0Aos8a1sobQo0WGzSa1sHO7p01ASyamU9nDp01AP3p00g7Vok9reOt00ePXakVWHwalJndra2siPEg01cbwgp4Vl9god33RU00z0Fa2sqm5amTbupU00UuXp00Sj4a2sLzYa5Moapdljwuu801hi0,000ztSt00mznj15E77p00cCO9lepGC9kRnXp9la6k39kN4AP9labGU9kN9XH9lah4M9kNflz9lamrE9kIUY09l63559kJ1lR42aV7pp00OfTanPGCKanPDVOr01vsd7ke6Pta15ORcp00JXuabUhH87kea4c7kedhU7kmU3X7kmVVI7kn0ar,P1Win,P2Win,,,
29,000hgpT01dgD60ma7gN0Aos8a1sobQo0WGzSa1sHO7p01ASyamU9nDp01AP3p00g7Vok9reOt00ePXakVWHwalJndra2siPEg01cbwgp4Vl9god33RU00z0Fa2sqm5amTbupU00UuXp00Sj4a2sLzYa5Moapdljwuu801hi0,000y9ii004zot00n85p00eMSp006sGj15E7j9ler2X9kRtlE9laamk9kNcF19laipU9kNkIE9l61Jj9kJ4357kmRDGp00ICIp00Lzla3g0uHamKx9O41rOrsamKzPKzcUX8CT01rWI7kmUky7kmX1u7keaRA7ke8bD7ke5uJa9LcblagfkUAa9LeRh,P1Win,P2Win,,,
30,000hgpT01dgD60ma7gN0Aos8a1sobQo0WGzSa1sHO7p01ASyamU9nDp01AP3p00g7Vok9reOt00ePXakVWHwalJndra2siPEg01cbwgp4Vl9god33RU00z0Fa2sqm5amTbupU00UuXp00Sj4a2sLzYa5Moapdljwuu801hi0,000hLximOhT460qAaRzd0jUYj19MKoalFcWlalFagka3fIjLp00rrH41ryl19kRiBJ9kRqFQ9kRyJB9pLSgP9pLXDG9pHEho9pHJEg1nt4DT1nt6ge7k9qIt7k9pnx7kdUzq7kdSX27kiftK7kih67p00F7wp00fQxp00BTXr00x7OafafKLr015Wz,P2Win,P2Win,,,
31,000hgpT01dgD60ma7gN0Aos8a1sobQo0WGzSa1sHO7p01ASyamU9nDp01AP3p00g7Vok9reOt00ePXakVWHwalJndra2siPEg01cbwgp4Vl9god33RU00z0Fa2sqm5amTbupU00UuXp00Sj4a2sLzYa5Moapdljwuu801hi0,000ik5inouIkt008Uht00gHGt00gHGj15o1H7pLTD27kdIdI7kiaEo7kdNAXNpQn9G9l18sO9kRA6l9obYfi9kRs2z904Cu69opsB2anPkSKamKiFwp00Ruw1nBWYA1kN6vMp00xTDa15wTE1noEUe,P1Win,P2Win,,,
32,000hgpT01dgD60ma7gN0Aos8a1sobQo0WGzSa1sHO7p01ASyamU9nDp01AP3p00g7Vok9reOt00ePXakVWHwalJndra2siPEg01cbwgp4Vl9god33RU00z0Fa2sqm5amTbupU00UuXp00Sj4a2sLzYa5Moapdljwuu801hi0,000iPHiobXqOp00svU8n7gSnamx4BMamx1o4a1w1zSaotJOj1nP7HE1nKLbU7kdNzP7kifcX7kmEdN7kihm67kdTupx5LF3vzd0bkn9l1cui9kVSnb9kW1Hq904yY9909cGIg3b1hulfapas415xpCj10Yg6E15fW1r00afTT00sL4,P1Win,P2Win,,,
33,000hgpT01dgD60ma7gN0Aos8a1sobQo0WGzSa1sHO7p01ASyamU9nDp01AP3p00g7Vok9reOt00ePXakVWHwalJndra2siPEg01cbwgp4Vl9god33RU00z0Fa2sqm5amTbupU00UuXp00Sj4a2sLzYa5Moapdljwuu801hi0,000i2DimOfJI7k9nuw7k9qIc7k9sAV7kdKCu7kdNQj7kdPJ29kRnIy9kNe1K9kRs1w9kRxokzd0b3Yj15o0E1nKGm01nKJQ4xjVbkLamKhQfamKfagp00rHUa3fI35415xGc908XbQ90dtDO90dAmIl8iNmRp01ARox5YOwH,P1Win,P2Win,,,
34,000hgpT01dgD60ma7gN0Aos8a1sobQo0WGzSa1sHO7p01ASyamU9nDp01AP3p00g7Vok9reOt00ePXakVWHwalJndra2siPEg01cbwgp4Vl9god33RU00z0Fa2sqm5amTbupU00UuXp00Sj4a2sLzYa5Moapdljwuu801hi0,000ik6imJQ1mj1n10uxjV7jz9kRBrn9kVTJi9kVNhAld0aNLNpQnGsam2fe7anC7UPa1NEEup00rsDp00FVX40zGG29pUMqT90hSW690i1cK7kr12a7kr53Y7kidSd7kihU47k9uL97k9qJg1p8nbw7oy5hu,P1Win,P2Win,,,
35,000hgpT01dgD60ma7gN0Aos8a1sobQo0WGzSa1sHO7p01ASyamU9nDp01AP3p00g7Vok9reOt00ePXakVWHwalJndra2siPEg01cbwgp4Vl9god33RU00z0Fa2sqm5amTbupU00UuXp00Sj4a2sLzYa5Moapdljwuu801hi0,000iAHinsU0Lj15o1VNpLYdCzcul9balFdeGanPkSYT00u8p8nGtrap00rcq415xr6a1rAMglccNg190hJgO900nq47kieqc7kr4wp7kmGok7kijgf7kr9mv1noDj61kVU0T700e1h900fmdgclwnor00krTxk4VSi,P1Win,P2Win,,,
36,000hgpT01dgD60ma7gN0Aos8a1sobQo0WGzSa1sHO7p01ASyamU9nDp01AP3p00g7Vok9reOt00ePXakVWHwalJndra2siPEg01cbwgp4Vl9god33RU00z0Fa2sqm5amTbupU00UuXp00Sj4a2sLzYa5Moapdljwuu801hi0,001krmp01gVr1lbaT31lb4I01lb6AK1lb8tv1lbamg7k65Ip7k66MY7k67Rz7k60Sk7k61WT7k632t7k64737k65bCamLiDSamLlkOp01ztzp01zdKa2bDEKa2bGlJ40j6yE9pIvV39pIzGy9pIDs49pIHdz9pEmLr1ohx601ohAjI1ohBV5a9oJGeaaPTh1T010NSa6vz5va6vwoyp00YJTp00YKup00YL3p00YLEa6vvQEa6vyxAj1o4sIp01ARz,P2Win,P1Win,,,
37,000hgpT01dgD60ma7gN0Aos8a1sobQo0WGzSa1sHO7p01ASyamU9nDp01AP3p00g7Vok9reOt00ePXakVWHwalJndra2siPEg01cbwgp4Vl9god33RU00z0Fa2sqm5amTbupU00UuXp00Sj4a2sLzYa5Moapdljwuu801hi0,001hubioyXNvT01AOx401rX0p01qE8a4lPn4p01w0rj0wcwDanQnOA8cRLhba1sy4np01ixOajvM0majvOGip00W4Had0VNRanQl8A7oV6aM7k1xUm7k60Sv7kasQEO01cmYp00UHq7pil3s701byK9pvl8k9pEdDg9pEhF79pElH49pEpJcaggQ6aaggNpe1nQ3oO1nQ8eRzcVKvjp01A1W,P2Win,P2Win,,,
38,000hgpT01dgD60ma7gN0Aos8a1sobQo0WGzSa1sHO7p01ASyamU9nDp01AP3p00g7Vok9reOt00ePXakVWHwalJndra2siPEg01cbwgp4Vl9god33RU00z0Fa2sqm5amTbupU00UuXp00Sj4a2sLzYa5Moapdljwuu801hi0,001kb4img2UBa6vwFGT015nHa6vAaca6vCQ8p0157Tp00YKDa6vCzua6vAGJa6vyNYU01hJBp01nUEj0wcwwp01zdsp01yGbamLi76amLkN2a2bDERa2bGlP4pEtLIaggFSdaggDch9pE8gq9pE3X89pzMOq9pEgQV9pElab9pEpsy7kap687karM4r00iNSa3fwbD7p9yXR7p9xmv1nQbsx1nQg2h7eaMKm,P2Win,P1Win,,,
39,000hgpT01dgD60ma7gN0Aos8a1sobQo0WGzSa1sHO7p01ASyamU9nDp01AP3p00g7Vok9reOt00ePXakVWHwalJndra2siPEg01cbwgp4Vl9god33RU00z0Fa2sqm5amTbupU00UuXp00Sj4a2sLzYa5Moapdljwuu801hi0,001crQimKJ4Qp01ye3jn8aMeN0equXad0WGUp017QEp01z0Wp01pRfp01gYUanQrEVanQoY0ajNp3t9mPie49mPsr19mY0MR9mYoru9oDvGd9oQWlO9oUVPhajNnr5ajNlyk80aje6Gd10mbw05AoI7oHUqE7oI0gJ7k5Xi77k638cr01AB9ad0U0Y,P1Win,P2Win,,,
40,000hgpT01dgD60ma7gN0Aos8a1sobQo0WGzSa1sHO7p01ASyamU9nDp01AP3p00g7Vok9reOt00ePXakVWHwalJndra2siPEg01cbwgp4Vl9god33RU00z0Fa2sqm5amTbupU00UuXp00Sj4a2sLzYa5Moapdljwuu801hi0,001e4bimC0WPp011aGa2bJUza2bHeDN0enO2p01ATAp01ASsp01s18anQsJ7anQq3bGmtaORabyVGVakAVhdp01aheakATotakARvFabyT10jjegyd9mKUCL9mY28t9mL2lB9mTWxM9oz4we9ozdV07oz6VL7oz9mj7ozbLQ7oz68Aq01j937knyEw7knBSfp01s3g,P1Win,P2Win,,,
41,000hgpT01dgD60ma7gN0Aos8a1sobQo0WGzSa1sHO7p01ASyamU9nDp01AP3p00g7Vok9reOt00ePXakVWHwalJndra2siPEg01cbwgp4Vl9god33RU00z0Fa2sqm5amTbupU00UuXp00Sj4a2sLzYa5Moapdljwuu801hi0,001crQimKJ4Qp01wS5O09Qg8r00YOsafbaILae68f0jnHpJLp0187Vp01z0Wp01pRfp01gYUanQrEVanQoY0ajNnr59mY6HW9mYgUT9n7OhK9n8cVn4nlusB9oDvGd9oQWlO9oUVPht01eRP8b38n480aje6ajNkK97ngNwN7ngQKw7ngTYf7oDvGd7oDyTV7oDC8E,P1Win,P2Win,,,
42,000hgpT01dgD60ma7gN0Aos8a1sobQo0WGzSa1sHO7p01ASyamU9nDp01AP3p00g7Vok9reOt00ePXakVWHwalJndra2siPEg01cbwgp4Vl9god33RU00z0Fa2sqm5amTbupU00UuXp00Sj4a2sLzYa5Moapdljwuu801hi0,001dMwp01ATCp01AUfilFO7a4nlpT1t01dNojnQeeiabM9EVabM6YaajvQ6iajvOdzajvMkMp01gYIp018onp01pAza1Bwira1BtBvr01AlMp01ASdamPMiuamPJByp01ATa7nHeYS7nHjOX7oQITX7oVduuOpIDxd9nyBMl9nyjLX9nysUx9p0pRG9p0IGcT017BgapRp3E9mC5Le,P2Win,P1Win,,,
43,000hgpT01dgD60ma7gN0Aos8a1sobQo0WGzSa1sHO7p01ASyamU9nDp01AP3p00g7Vok9reOt00ePXakVWHwalJndra2siPEg01cbwgp4Vl9god33RU00z0Fa2sqm5amTbupU00UuXp00Sj4a2sLzYa5Moapdljwuu801hi0,000xp8inPb13jnkACEOpQIX9p00wA0an7vrNa1NU0zp00OSaa15Tf54nPDdzp012GRp01vrSp01hwTp01ARnp014Ec9oYHBx9oQcVI9o8dwc9ogIcxSoCIP4g00tUIg00BYwg00xWCajv6oTp00zvSq00TG5an7y8Kajv4w9ajv2Do,P1Win,P2Win,,,
44,000hgpT01dgD60ma7gN0Aos8a1sobQo0WGzSa1sHO7p01ASyamU9nDp01AP3p00g7Vok9reOt00ePXakVWHwalJndra2siPEg01cbwgp4Vl9god33RU00z0Fa2sqm5amTbupU00UuXp00Sj4a2sLzYa5Moapdljwuu801hi0,000hOrimwCOr7mXg7p1mK5iC7mXkWu1mKa8Ht00h1kt00h1kO04w5Ip00zyHa1a0HJa1a3oF4ou38SjoyeaH7kdNEr7kifhD7kmEit7kr5Eh7kmHwc7kiko7p00Ba9anPpeaanPrU6akzQWUakzTDQp00j9q9oH83P9oLgFhg00l3Jg0maWcp00Tmnp01ossp00Dypp014R3r017Ru,P2Win,P1Win,,,
45,000hgpT01dgD60ma7gN0Aos8a1sobQo0WGzSa1sHO7p01ASyamU9nDp01AP3p00g7Vok9reOt00ePXakVWHwalJndra2siPEg01cbwgp4Vl9god33RU00z0Fa2sqm5amTbupU00UuXp00Sj4a2sLzYa5Moapdljwuu801hi0,000ET9inxFMhd5cQcqjn7DuUp00W6HGff3azp0117Bp013MHa0vPwY7pMtjK7pQVhU7pVgch7o3Jr87nYnUp7nTTkSak17Sgak15ci7keeWFa0vMQ37kn53U7kebsy7kn1ipp00EDFT00Qa4a5qiD5r00OAcr011Upa5qfW99pz7JY9pDCFI9pDPzp9pzknI9nU0fx9nTSN69nYvre9nYcmf,P2Win,P1Win,,,
46,000hgpT01dgD60ma7gN0Aos8a1sobQo0WGzSa1sHO7p01ASyamU9nDp01AP3p00g7Vok9reOt00ePXakVWHwalJndra2siPEg01cbwgp4Vl9god33RU00z0Fa2sqm5amTbupU00UuXp00Sj4a2sLzYa5Moapdljwuu801hi0,000gYIinBHXbh0zlrMj0VzxqNpV048p00AknalFhNCp00H2p9pLYJT9pMauG9pM57Kp00x7iGd0dKbajzczmajzfgip00gaar009dna15ipnSoU5EJ7kqXC97kr3sd7oYGL17oYBUS1mjBmv1mfhscalFf7Ga4kPF2a4kMXYp00LjEp013f9r016Ng,P1Win,P2Win,,,
47,000hgpT01dgD60ma7gN0Aos8a1sobQo0WGzSa1sHO7p01ASyamU9nDp01AP3p00g7Vok9reOt00ePXakVWHwalJndra2siPEg01cbwgp4Vl9god33RU00z0Fa2sqm5amTbupU00UuXp00Sj4a2sLzYa5Moapdljwuu801hi0,000wkyjnkACFamorccamotSaa1NU0ma0RG0x4opTftT004olagBnNbajuEhOp01ARsp011X4p01pkNp013eVp01dKep01phcioPT8bp00OSar00ORWOpV9Ma204S8n7p8Dmz7p8GAir00tUB7nGwsI7nGzGr7opCkG7opFyp7krg8C7kmSgV7kivpf7kmUq57krm3hN09hBq9nPle0g00vgGr01AU0,P1Win,P2Win,,,
48,000hgpT01dgD60ma7gN0Aos8a1sobQo0WGzSa1sHO7p01ASyamU9nDp01AP3p00g7Vok9reOt00ePXakVWHwalJndra2siPEg01cbwgp4Vl9god33RU00z0Fa2sqm5amTbupU00UuXp00Sj4a2sLzYa5Moapdljwuu801hi0,000imer004nRr00tDUp00f7qp00tEbp017gUp017jHp01APcp01ARYinOVep4oys9Aj04HCEan7fR8an7iy3a2SKFKa2SNmG7k9iYW7k4WtC7k0AWT7kdMzR7kihao7kr8ld7kmLOu7kvBUJ7p8lCB7oLn877opn1g7nXRM67nBThB7nfTaKbch91Ozd0fabN090W29nGlbcwoYydiw04CNW,P1Win,P2Win,,,
49,000hgpT01dgD60ma7gN0Aos8a1sobQo0WGzSa1sHO7p01ASyamU9nDp01AP3p00g7Vok9reOt00ePXakVWHwalJndra2siPEg01cbwgp4Vl9god33RU00z0Fa2sqm5amTbupU00UuXp00Sj4a2sLzYa5Moapdljwuu801hi0,000f8dimSExEOpLYMNa1nc4rN095fk204zQCa1w2XRp00tEb4nY9apj0zxPvajzlJLajzoqLp00NIWp00Khwp014Bxp015Yxp01ktE7kiaGk7kmDui7kqWPh7kvqDdzd0e5B7nXTVf7nXWCb7nY0j7g00eBi9o39YPaabgqK9oPQHDp00MIqr01AR07nkd0x7noFLS,P1Win,P2Win,,,
50,000hgpT01dgD60ma7gN0Aos8a1sobQo0WGzSa1sHO7p01ASyamU9nDp01AP3p00g7Vok9reOt00ePXakVWHwalJndra2siPEg01cbwgp4Vl9god33RU00z0Fa2sqm5amTbupU00UuXp00Sj4a2sLzYa5Moapdljwuu801hi0,000ubrjpqmeBp016Jgp01jnGp01w24p01aO5p01nIT204PHP7kigT07kik7I7kinlr7kvJbm7kvKfV7noOnt7noRBc7ochzl7ockN47oYJLd7oYMYVgpQEVfgpQKj7ld0oiyN0dFO5zd0pDwO00oxQp00Loc4ocCg0apDHNSapDKuOamKquTamKtbQ,P1Win,P2Win,,,
51,000hgpT01dgD60ma7gN0Aos8a1sobQo0WGzSa1sHO7p01ASyamU9nDp01AP3p00g7Vok9reOt00ePXakVWHwalJndra2siPEg01cbwgp4Vl9god33RU00z0Fa2sqm5amTbupU00UuXp00Sj4a2sLzYa5Moapdljwuu801hi0,000i5PinfGgRp00wl240VIYla0IvtEa0Iyayp00mngakzUs9jphhC8N0dkjdN0dxKh7oUdem7oUgs57oUbC0p01ARFp015alp00LAjp01exj7kdPxc7kdUnh7kdR9y7kvsMm7kvvcT7kr8S07kvrYbO00iTAakzX957ocb7T7oc6hO7oc9vx7noGA47noJNM7noEXH,P1Win,P2Win,,,
52,000hgpT01dgD60ma7gN0Aos8a1sobQo0WGzSa1sHO7p01ASyamU9nDp01AP3p00g7Vok9reOt00ePXakVWHwalJndra2siPEg01cbwgp4Vl9god33RU00z0Fa2sqm5amTbupU00UuXp00Sj4a2sLzYa5Moapdljwuu801hi0,000gJLinbhwqzddqfmr00cYRj2atepO00iTAp00vgqamaYbgamb1RgajuENpa15CQ4a15Aa84phuMYaaOU8JN0dv4lNp40DFp01ASAp01ax5p01tiBp01AR5p01APLp012qbp016wHp01dc97kr0hp7kr4jj7kidVF7kihXz7nfR1B7nfV3v7oc7mo7ocboi7p8mHb7p8qJ5,P2Win,P1Win,,,
53,000hgpT01dgD60ma7gN0Aos8a1sobQo0WGzSa1sHO7p01ASyamU9nDp01AP3p00g7Vok9reOt00ePXakVWHwalJndra2siPEg01cbwgp4Vl9god33RU00z0Fa2sqm5amTbupU00UuXp00Sj4a2sLzYa5Moapdljwuu801hi0,000ydoinoIJdjnCdBvalFsQnN0i23WamKvl2p00Qe6a15Rmi4nCqMoa00ORAp00RNmp01AQcp01bSIp01a25p01mA0p01ARJp00L337ke3Ht7kiv8Q7kmWze7nkvxG7nKYHh7np0Vo7olbaH7ou2lw7o83jf7p8EXV7p8HER7p8K5p6oUveIamK6Slr00ADtp01AT2r01qHjr01dKTD04RQYzcUWVl,P1Win,P2Win,,,
54,000hgpT01dgD60ma7gN0Aos8a1sobQo0WGzSa1sHO7p01ASyamU9nDp01AP3p00g7Vok9reOt00ePXakVWHwalJndra2siPEg01cbwgp4Vl9god33RU00z0Fa2sqm5amTbupU00UuXp00Sj4a2sLzYa5Moapdljwuu801hi0,000foPinouKKhlWvUHjmo3Oop00xFWamKbIiamKepfa15BLta15z5x4nGxg5O00iTAN090W2g00dN7w04BcAzdR0687kzO2G7kvsvX7kr5nS7nfSCX7nfXt37p8mXz7p8qci7p8rNE7oc8Hm7occJgp01xDyp01urtp01deYp00MHWp00Wkkp00XYoamJRmXp00A4l,P2Win,P1Win,,,
55,000hgpT01dgD60ma7gN0Aos8a1sobQo0WGzSa1sHO7p01ASyamU9nDp01AP3p00g7Vok9reOt00ePXakVWHwalJndra2siPEg01cbwgp4Vl9god33RU00z0Fa2sqm5amTbupU00UuXp00Sj4a2sLzYa5Moapdljwuu801hi0,000hOrinOVephnOYYxp00xWj4nbJsua1Aup5a1ArI9joppFOajuW07ajuTjbN090pfnpM04cnpHL4uO04HE2zd05tGp00TqNp01owHq00FYjp012r0p00YMcSnP5Db7nKIjh7nKI2Sp00nYovd089f,P1Win,P2Win,,,
56,000hgpT01dgD60ma7gN0Aos8a1sobQo0WGzSa1sHO7p01ASyamU9nDp01AP3p00g7Vok9reOt00ePXakVWHwalJndra2siPEg01cbwgp4Vl9god33RU00z0Fa2sqm5amTbupU00UuXp00Sj4a2sLzYa5Moapdljwuu801hi0,000hOrt00ekAin2t2xjmaPA6akEu9b7kr42UN0hKF0p01APgp00UI8q01ARYp01agap01rYkp011psp00wQDakEwP7p01j9Sg0ma93T00xUA8n7k9x7kr7gD7kr2qy7k9sp77k9nz27k9qMK7pq3rs7oYyK57oycQ77o7I9J7nGmfL7nfRyoO04xaha1enj4a1eq00p00sj74plOHm,P2Win,P1Win,,,
57,000hgpT01dgD60ma7gN0Aos8a1sobQo0WGzSa1sHO7p01ASyamU9nDp01AP3p00g7Vok9reOt00ePXakVWHwalJndra2siPEg01cbwgp4Vl9god33RU00z0Fa2sqm5amTbupU00UuXp00Sj4a2sLzYa5Moapdljwuu801hi0,000gd5joyeaI40mtdAamKjfhp00xVmamKgylt00ekMa2aEwAp00vgqp009HiT00dL0amJV7CamK3UBr00e30N0doSi6pcIdTr00bCMp00kqtwphanS7k9qMK7kdPNA7k9sFv7kdT2j7kmJ8y7o3ePB7o3j8TD04BcA7p8mHb7p8qsGt00ekMp00FUWp00XaS,P1Win,P2Win,,,
58,000hgpT01dgD60ma7gN0Aos8a1sobQo0WGzSa1sHO7p01ASyamU9nDp01AP3p00g7Vok9reOt00ePXakVWHwalJndra2siPEg01cbwgp4Vl9god33RU00z0Fa2sqm5amTbupU00UuXp00Sj4a2sLzYa5Moapdljwuu801hi0,001cIhp01yJCimP7cVp017kdGdAgkfp01pkvp01gbLp00Trfajvm1UajvM65t01fWvt01fWgt01fWgajvKIJajvNpJ9oMf4C9oMuUr7oHMCi7oMjDj7olY5j7oVjpk7p51saaggaf7p004jwg0iD9jg01bUFad0sksa1OJwMa1OGPQp01ytQanLY9oanM1Pkp01yJ5p01yuIr004iWr00rWfr004lujnQeeG,P2Win,P1Win,,,
59,000hgpT01dgD60ma7gN0Aos8a1sobQo0WGzSa1sHO7p01ASyamU9nDp01AP3p00g7Vok9reOt00ePXakVWHwalJndra2siPEg01cbwgp4Vl9god33RU00z0Fa2sqm5amTbupU00UuXp00Sj4a2sLzYa5Moapdljwuu801hi0,001dwsjn8aMdT016fzajvNG7p01fDSp01ATPp01ASFGgTTMqanQsJmanQq3qa16Bwda16Ed9LlBndzamKNBc8nCFxvajvLNkajvJUy9oUYwd9oQPTLg01iDv7oHSxT7oV8Vn7oMmAD7oQNuer01ATfq01owbt01d06t01d06t01d06t01d06g016xNagYfR5agYdb9,P2Win,P2Win,,,
60,000hgpT01dgD60ma7gN0Aos8a1sobQo0WGzSa1sHO7p01ASyamU9nDp01AP3p00g7Vok9reOt00ePXakVWHwalJndra2siPEg01cbwgp4Vl9god33RU00z0Fa2sqm5amTbupU00UuXp00Sj4a2sLzYa5Moapdljwuu801hi0,000gY7t00870imJRmcj1ecvAamKh49amKen9p00uWe9lekm59labJ99004kW900kss7ki4JT7kdHFX7k9lCL9okLo79oprg4p00E4oa15vP6t00c8Wt00c8Wt00c8W9oU9po1kzNrs1kzRth1nfS2E1nfO0P7004kW,P1Win,P2Win,,,
61,000hgpT01dgD60ma7gN0Aos8a1sobQo0WGzSa1sHO7p01ASyamU9nDp01AP3p00g7Vok9reOt00ePXakVWHwalJndra2siPEg01cbwgp4Vl9god33RU00z0Fa2sqm5amTbupU00UuXp00Sj4a2sLzYa5Moapdljwuu801hi0,000hugi328JAamKfWRamKdgWp00rXC42aDUIa3fHuHa3fKbG9l1dNO9kVYOa9p8lh390dsif9p8w1P7k9sAl7k9oyt7kieV57kiiWYE2SkNNj1Nrrut00g9dr00BXjt00fROt00gpBt00g9d1oc5Vl1oc9Xa1kVS6h1kVW8b,P1Win,P2Win,,,
62,000hgpT01dgD60ma7gN0Aos8a1sobQo0WGzSa1sHO7p01ASyamU9nDp01AP3p00g7Vok9reOt00ePXakVWHwalJndra2siPEg01cbwgp4Vl9god33RU00z0Fa2sqm5amTbupU00UuXp00Sj4a2sLzYa5Moapdljwuu801hi0,001dwst01dgut01dgut01dgut01dgut01eBxajvKK7ajvNr3t01hiup01ATCanQq3danQsJ9p01AStp01pRbGesapHalFKjl8nCHqiT017AB9oz0du9ozj25LnGY9fr01AT2ahHgCzahHdVDjnQeeDp01gIxr01AU77oMkb67oMhKya16CAMOoz26G,P2Win,P2Win,,,
63,000hgpT01dgD60ma7gN0Aos8a1sobQo0WGzSa1sHO7p01ASyamU9nDp01AP3p00g7Vok9reOt00ePXakVWHwalJndra2siPEg01cbwgp4Vl9god33RU00z0Fa2sqm5amTbupU00UuXp00Sj4a2sLzYa5Moapdljwuu801hi0,001cIhagYKdXU01tEBamLgzSjmGJjBp017QLp01owap01gbHp01ASwp01ATCao4Dhxao4FXta2bKsmp017ggt01dgot01eAL9ozhG79oqd51GjvyyGajvNG4t01dwMLkncSEajvL08t01dgot01dgot01dgo9oz9T67oMkb67oMjmU7oMgWn7oMewP,P2Win,P1Win,,,
64,000hgpT01dgD60ma7gN0Aos8a1sobQo0WGzSa1sHO7p01ASyamU9nDp01AP3p00g7Vok9reOt00ePXakVWHwalJndra2siPEg01cbwgp4Vl9god33RU00z0Fa2sqm5amTbupU00UuXp00Sj4a2sLzYa5Moapdljwuu801hi0,000VR0alKbFbLnoJxo8pqQCsapzMSVp01AQ3T0119balKbqrt010D3t010D2t00QKVt00QKVt00QKValK9fCapzPzRp01fWiGhl5sSajvzawajvwtAt011qcLnCoU0p00S4EjnpwDlalKCu5p01AhOp01s1kp01Aklp00PEL9ny2kaalK4F8p012JH9nyanXai8kwbai8nd7,P1Win,P2Win,,,
65,000hgpT01dgD60ma7gN0Aos8a1sobQo0WGzSa1sHO7p01ASyamU9nDp01AP3p00g7Vok9reOt00ePXakVWHwalJndra2siPEg01cbwgp4Vl9god33RU00z0Fa2sqm5amTbupU00UuXp00Sj4a2sLzYa5Moapdljwuu801hi0,001crST01cqb8nLDXtajvJ5VajvGp0LnCYUJjngYh9p01litu013i8ajvKrvajvIyKajvGGPp01AUgp01ABKa27mvyGgTSvut01dwOt01dwOt01dwOt01dwOt01dwOp01ASEp01ATsp01tmuai8Gi3p01szyp01tnar00Yh2ai8DB7amLnyla27jOCamLkRpr01dLK,P1Win,P2Win,,,
66,000hgpT01dgD60ma7gN0Aos8a1sobQo0WGzSa1sHO7p01ASyamU9nDp01AP3p00g7Vok9reOt00ePXakVWHwalJndra2siPEg01cbwgp4Vl9god33RU00z0Fa2sqm5amTbupU00UuXp00Sj4a2sLzYa5Moapdljwuu801hi0,0012aVzd103b600Nt9T01AOxa9Lmola9LjHpp01yWnt00XWft00XWft00XWft00XWft00XWft00XWft00XWfa3gvpbp012IyjnPX3cajvBfYajvyz2Ggg4N3E00RLkp00A1Dp01qCtp01db3r01AUg,P1Win,P2Win,,,
67,000hgpT01dgD60ma7gN0Aos8a1sobQo0WGzSa1sHO7p01ASyamU9nDp01AP3p00g7Vok9reOt00ePXakVWHwalJndra2siPEg01cbwgp4Vl9god33RU00z0Fa2sqm5amTbupU00UuXp00Sj4a2sLzYa5Moapdljwuu801hi0,000iSUamKfKaamKir8p00FYBp013yXajuJUeajuMB5p00DQhp00wz8jnt8YXGplrOSp00882p01drjp00xWtu00m5sr004m480Iw1G4pQLDoaoYTH5p01AB1t00gu2t00gtNt00gtzt00gJYt00gtQt00gu3p00cG6p00wvVp004o7r00W3jr00W8oaoYR19,P2Win,P1Win,,,
68,000hgpT01dgD60ma7gN0Aos8a1sobQo0WGzSa1sHO7p01ASyamU9nDp01AP3p00g7Vok9reOt00ePXakVWHwalJndra2siPEg01cbwgp4Vl9god33RU00z0Fa2sqm5amTbupU00UuXp00Sj4a2sLzYa5Moapdljwuu801hi0,000h19Gd07xrt004nMjpyTkoj1J328p00xVcp00GvHa8EJMsp00vwPp005rbq00kdct00fFit00fFit00fFit00fFit00fFit00fFit00fFiamKjf7amKlV3akzUY1akzXEWa15Cjia15zCmp00JeFp01wztr01kXsr01nWh,P1Win,P1Win,,,
69,000hgpT01dgD60ma7gN0Aos8a1sobQo0WGzSa1sHO7p01ASyamU9nDp01AP3p00g7Vok9reOt00ePXakVWHwalJndra2siPEg01cbwgp4Vl9god33RU00z0Fa2sqm5amTbupU00UuXp00Sj4a2sLzYa5Moapdljwuu801hi0,000gJRjnt904Gfwk9Ip00xWea0Ixmda0IA39p00j97ajuNV7809jKzajuQC3p00ABVp00QJWp00Xrjr004o2ad05tap0158Ap01evSp004lYq00Didu00n9Rr01ASNt00gu3t00gu3t00gu3t00gu3t00gu3t00gu3t00gu3,P2Win,P1Win,,,
70,000hgpT01dgD60ma7gN0Aos8a1sobQo0WGzSa1sHO7p01ASyamU9nDp01AP3p00g7Vok9reOt00ePXakVWHwalJndra2siPEg01cbwgp4Vl9god33RU00z0Fa2sqm5amTbupU00UuXp00Sj4a2sLzYa5Moapdljwuu801hi0,000jFqjol0TBu00p17p00dJbGeNjFRp00yGzajv6mkq00HPjp00H2Hp00FqSa0my2la0mvlnt005GQt00iRgt00iRgt00iRgt00iRgt00iRgt00iRgr00jGian2MCfEpQpiyp00Qq9r01ARyp0115Aajv3Fo,P2Win,P1Win,,,
71,000hgpT01dgD60ma7gN0Aos8a1sobQo0WGzSa1sHO7p01ASyamU9nDp01AP3p00g7Vok9reOt00ePXakVWHwalJndra2siPEg01cbwgp4Vl9god33RU00z0Fa2sqm5amTbupU00UuXp00Sj4a2sLzYa5Moapdljwuu801hi0,000GxDjntFgcan7V0kan7SzMt00EFst00EFst00EFst00EFst00EFst00EFst00EFsGd0vIQp00MH4afaHLwu00WVmp018GNp01tl4p013OKafaF5AalFyL2alFBs2p00BWEp01mFbanQbxnanQeejp01liir00tUz,P1Win,P2Win,,,
72,000hgpT01dgD60ma7gN0Aos8a1sobQo0WGzSa1sHO7p01ASyamU9nDp01AP3p00g7Vok9reOt00ePXakVWHwalJndra2siPEg01cbwgp4Vl9god33RU00z0Fa2sqm5amTbupU00UuXp00Sj4a2sLzYa5Moapdljwuu801hi0,000x7QjnbM7Sa4UkWsp00AkeGgfyV1r00m5ta4H529p00Jdyp00LCuamKzlWamKC2Sajv4uRajv7bNt00urft00urft00urft00urft00urft00urft00urft00urft00urfp01APYEoUizOp012cfp00Lkep004nfp004mqp01ejor00AmPp00pz2,P1Win,P2Win,,,
73,000hgpT01dgD60ma7gN0Aos8a1sobQo0WGzSa1sHO7p01ASyamU9nDp01AP3p00g7Vok9reOt00ePXakVWHwalJndra2siPEg01cbwgp4Vl9god33RU00z0Fa2sqm5amTbupU00UuXp00Sj4a2sLzYa5Moapdljwuu801hi0,000Nw0jo3UbWa5qsDoa6vv7VT00NtJalFxUjq00YuJakADMAalFGhbamKvPUalFyJ7t00Fqwp00nYxLn2QUvp01fEhp01AQMp00Pn7t00HkKt00HkKt00HkKt00HkKt00HkKt00HkKt00HkKt00HkKp01APHp004lyGaPsmN,Draw,P2Win,,,
74,000hgpT01dgD60ma7gN0Aos8a1sobQo0WGzSa1sHO7p01ASyamU9nDp01AP3p00g7Vok9reOt00ePXakVWHwalJndra2siPEg01cbwgp4Vl9god33RU00z0Fa2sqm5amTbupU00UuXp00Sj4a2sLzYa5Moapdljwuu801hi0,001cbta16Ed9a16Bwdp01ATHampl2campilgjnQeeFp01pAMp01ASoakeMPbakePwaGeOaQWahHbfHahHdVDp01AOxt01bUrt01bUrt01bUrt01bUrt01bUrt01bUrp01s2y80ang0t01bUrt01bUrt01bUrq017jWp01gsa,P1Win,P1Win,,,
75,000hgpT01dgD60ma7gN0Aos8a1sobQo0WGzSa1sHO7p01ASyamU9nDp01AP3p00g7Vok9reOt00ePXakVWHwalJndra2siPEg01cbwgp4Vl9god33RU00z0Fa2sqm5amTbupU00UuXp00Sj4a2sLzYa5Moapdljwuu801hi0,001h0MT01sA4p01AOxonQsEBo2bLgxt01aibajvSvqp01AR7p01ASsa3gFFea3gImcL01gKKp01ARNajvWPh8nQjRNp01ACIt01aibt01aibt01aibt01aibt01aibt01aibt01aibt01aibajvQCDajvOJQp01kcOp01AQtp00hNRad1752,P1Win,P2Win,,,
76,000hgpT01dgD60ma7gN0Aos8a1sobQo0WGzSa1sHO7p01ASyamU9nDp01AP3p00g7Vok9reOt00ePXakVWHwalJndra2siPEg01cbwgp4Vl9god33RU00z0Fa2sqm5amTbupU00UuXp00Sj4a2sLzYa5Moapdljwuu801hi0,001dcft01cVdjnHppxjpRAiDp01yWPp01xm6akarw5akapDiakanKxp01zdyanuo0canuljgp00L3XamLccEaal16gt01cVdt01cVdt01cVdt01cVdt01cVdt01cVdt01cVdt01cVdp01mjip01i3b,P1Win,P2Win,,,
77,000hgpT01dgD60ma7gN0Aos8a1sobQo0WGzSa1sHO7p01ASyamU9nDp01AP3p00g7Vok9reOt00ePXakVWHwalJndra2siPEg01cbwgp4Vl9god33RU00z0Fa2sqm5amTbupU00UuXp00Sj4a2sLzYa5Moapdljwuu801hi0,0016dpU01kGVa0WFpAa0WDwPa0WBE5p01AOxp01seEamLntXamLkN2o01vYCo16taqr01nsxaoVnGqaiqxataiqzQqt010zct010zct010zct010zct010zct010zct010zct010zct010zca3gy6Cp01j76p01ax5a7AssIr00W4S,P2Win,P1Win,,,
78,000hgpT01dgD60ma7gN0Aos8a1sobQo0WGzSa1sHO7p01ASyamU9nDp01AP3p00g7Vok9reOt00ePXakVWHwalJndra2siPEg01cbwgp4Vl9god33RU00z0Fa2sqm5amTbupU00UuXp00Sj4a2sLzYa5Moapdljwuu801hi0,001h0cT01jXJakAXa6LmL8tYLlFlQUr00EnFa1syUmp01qFiakX62yakB70mt01eA5t01eA5t01eA5t01eA5t01eA5t01eA5t01eA5t01eA5t01eA5t01eA5t01eA5jn8aJXad14o5,P2Win,P1Win,,,
79,000hgpT01dgD60ma7gN0Aos8a1sobQo0WGzSa1sHO7p01ASyamU9nDp01AP3p00g7Vok9reOt00ePXakVWHwalJndra2siPEg01cbwgp4Vl9god33RU00z0Fa2sqm5amTbupU00UuXp00Sj4a2sLzYa5Moapdljwuu801hi0,001dKsoohPDco0wdqit016v6ajvJBLaoziYGt016v6t016v6t016v6t016v6t016v6t016v6t016v6t016v6t016v6t016v6t016v6ajvMiIp01w03p01AU9,P1Win,P2Win,,,
80,000hgpT01dgD60ma7gN0Aos8a1sobQo0WGzSa1sHO7p01ASyamU9nDp01AP3p00g7Vok9reOt00ePXakVWHwalJndra2siPEg01cbwgp4Vl9god33RU00z0Fa2sqm5amTbupU00UuXp00Sj4a2sLzYa5Moapdljwuu801hi0,000SRYp01AP8p019Wcp01lO1p015qwp01mRkakAtPmakAwwip01lyyap4NMvap4Qtst00zg5t00QJmt00QJmt00QJmt00QJmt00QJmt00QJmt00QJmt00QJmt00QJmt00QJmt00E6Wp00WVPa4lh1up01zLJa01oya,P2Win,P1Win,,,
81,000hgpT01dgD60ma7gN0Aos8a1sobQo0WGzSa1sHO7p01ASyamU9nDp01AP3p00g7Vok9reOt00ePXakVWHwalJndra2siPEg01cbwgp4Vl9god33RU00z0Fa2sqm5amTbupU00UuXp00Sj4a2sLzYa5Moapdljwuu801hi0,000nXtajVl23ajVnI0t00nH7t00nH7t00nH7t00nH7t00nH7t00nH7t00nH7t00nH7t00nH7t00nH7t00nH7t00il5joUfS2a00Bpoa00yIop00xDlp00JYn,P2Win,P1Win,,,
82,000hgpT01dgD60ma7gN0Aos8a1sobQo0WGzSa1sHO7p01ASyamU9nDp01AP3p00g7Vok9reOt00ePXakVWHwalJndra2siPEg01cbwgp4Vl9god33RU00z0Fa2sqm5amTbupU00UuXp00Sj4a2sLzYa5Moapdljwuu801hi0,000LE7p01jUop01pmlp01AT8p019dwp00LmbajvhasajvjQoanPMCHanPPjFp00ncSp01daUp01iB9anQ2o1anQjRNt00EFst00EFst00EFst00EFst00EFst00EFst00EFst00EFst00EFst00EFst00EFst00EFs,P1Win,P2Win,,,
83,000hgpT01dgD60ma7gN0Aos8a1sobQo0WGzSa1sHO7p01ASyamU9nDp01AP3p00g7Vok9reOt00ePXakVWHwalJndra2siPEg01cbwgp4Vl9god33RU00z0Fa2sqm5amTbupU00UuXp00Sj4a2sLzYa5Moapdljwuu801hi0,001izyp01Aybp01zuap01yqaalGfCoalGijkajvOHgajvRoda3gIQoa3gLxoa9KR3Ma9KTJHp01xCyt01izBt01izBt01izBt01izBt01izBt01izBt01izBt01izBt01izBt01izBt01izBt01izB,P1Win,Draw,,,
84,000hgpT01dgD60ma7gN0Aos8a1sobQo0WGzSa1sHO7p01ASyamU9nDp01AP3p00g7Vok9reOt00ePXakVWHwalJndra2siPEg01cbwgp4Vl9god33RU00z0Fa2sqm5amTbupU00UuXp00Sj4a2sLzYa5Moapdljwuu801hi0,0010R2ajzVcoajzXSlaoV7y5aoVaf2pgcsHYp2kwJzpdNXY3ppRy8Bpfk1iXr5gFIyt60xTwt3kxl9tkw5DutagtQDt9BP9Et2KinBt32UmntiHW1qtlSMMTt6EcBvteao5xtaU8yCtchPI2,P1Win,P2Win,,,
85,000hgpT01dgD60ma7gN0Aos8a1sobQo0WGzSa1sHO7p01ASyamU9nDp01AP3p00g7Vok9reOt00ePXakVWHwalJndra2siPEg01cbwgp4Vl9god33RU00z0Fa2sqm5amTbupU00UuXp00Sj4a2sLzYa5Moapdljwuu801hi0,000R1Yp01pmcp01sOSajvqiQajvnBTanPTBXanPWiXajw0Mtp00QJ3r01qoqt00Nh3t00Nh3t00Nh3t00Nh3t00Nh3t00Nh3t00Nh3t00Nh3t00Nh3t00Nh3t00Nh3t00Nh3t00Nh3,P1Win,P2Win,,,
86,000hgpT01dgD60ma7gN0Aos8a1sobQo0WGzSa1sHO7p01ASyamU9nDp01AP3p00g7Vok9reOt00ePXakVWHwalJndra2siPEg01cbwgp4Vl9god33RU00z0Fa2sqm5amTbupU00UuXp00Sj4a2sLzYa5Moapdljwuu801hi0,000P5Dp017x4p016Jtp015Fup00NdVp01wMDakAwdzakAtwDa164oNa1675Lr00SPot00MoQt00MoQt00MoQt00MoQt00MoQt00MoQt00MoQt00MoQt00MoQt00MoQt00MoQt00wgTt00MoR,P1Win,P2Win,,,
87,000hgpT01dgD60ma7gN0Aos8a1sobQo0WGzSa1sHO7p01ASyamU9nDp01AP3p00g7Vok9reOt00ePXakVWHwalJndra2siPEg01cbwgp4Vl9god33RU00z0Fa2sqm5amTbupU00UuXp00Sj4a2sLzYa5Moapdljwuu801hi0,000g8yjokWTHj0dwjAN1A5B1t00cDct008kTt008kTt008kTt00oIyF2X8rIIotPXhp00sdWE19NgJyotL8cr00qC8,P1Win,P2Win,,,
88,000hgpT01dgD60ma7gN0Aos8a1sobQo0WGzSa1sHO7p01ASyamU9nDp01AP3p00g7Vok9reOt00ePXakVWHwalJndra2siPEg01cbwgp4Vl9god33RU00z0Fa2sqm5amTbupU00UuXp00Sj4a2sLzYa5Moapdljwuu801hi0,001mmojnQecNt01liHt01gIct01gIct01gIct01rcLajvXS7ajvVcbt01wiRt01rtKt01l0LyjvPOjF3ybSyGhHyPzp01AR6a16EaIa16BtLp01AQm,P2Win,P1Win,,,
89,000hgpT01dgD60ma7gN0Aos8a1sobQo0WGzSa1sHO7p01ASyamU9nDp01AP3p00g7Vok9reOt00ePXakVWHwalJndra2siPEg01cbwgp4Vl9god33RU00z0Fa2sqm5amTbupU00UuXp00Sj4a2sLzYa5Moapdljwuu801hi0,000gHtt00f6kt00f6kt00f6kt00f6kt00f6kt00f6kt00f78t00naVjnPaXyF00raGy0072uj00fTLp00E4Cp00uWmp00MUpr00vde,P1Win,P2Win,,,
90,000hgpT01dgD60ma7gN0Aos8a1sobQo0WGzSa1sHO7p01ASyamU9nDp01AP3p00g7Vok9reOt00ePXakVWHwalJndra2siPEg01cbwgp4Vl9god33RU00z0Fa2sqm5amTbupU00UuXp00Sj4a2sLzYa5Moapdljwuu801hi0,000hfiF01wxFy00875p00JbMp00qUjaoUseKaoUpxHamKxs2t00bkFt00bkFt00bkFt00bkFt00bkFt00bkFt00bkFt00bkFt00bkFajuNn0ajuQ3Wp00iP3p01tkuamKA8Yr01ATXr01ARy,P1Win,P2Win,,,
91,000hgpT01dgD60ma7gN0Aos8a1sobQo0WGzSa1sHO7p01ASyamU9nDp01AP3p00g7Vok9reOt00ePXakVWHwalJndra2siPEg01cbwgp4Vl9god33RU00z0Fa2sqm5amTbupU00UuXp00Sj4a2sLzYa5Moapdljwuu801hi0,000dYpt00dYbt00osYt00osJt00pN6y00f3mF1vVroj1J00yjpus6bjogyagj0mhzKE2ajtYanPe97a00oYYakVRhx,P1Win,P2Win,,,
92,000hgpT01dgD60ma7gN0Aos8a1sobQo0WGzSa1sHO7p01ASyamU9nDp01AP3p00g7Vok9reOt00ePXakVWHwalJndra2siPEg01cbwgp4Vl9god33RU00z0Fa2sqm5amTbupU00UuXp00Sj4a2sLzYa5Moapdljwuu801hi0,000e1djo3kWyjlSaBhjmXg3kjp8qoBp00HgPp00AyQyliUU9t00ougF00krip00ouMt00otJt00fSVt00fSVt00fSVr004l2,P1Win,P2Win,,,
93,000hgpT01dgD60ma7gN0Aos8a1sobQo0WGzSa1sHO7p01ASyamU9nDp01AP3p00g7Vok9reOt00ePXakVWHwalJndra2siPEg01cbwgp4Vl9god33RU00z0Fa2sqm5amTbupU00UuXp00Sj4a2sLzYa5Moapdljwuu801hi0,000dYpt00os8j0mhQ9joUcRfj1NrHkF009FuygfujYt00audt00ocjt00audt00audt00audImo5mramK9LA,P1Win,P2Win,,,
94,000hgpT01dgD60ma7gN0Aos8a1sobQo0WGzSa1sHO7p01ASyamU9nDp01AP3p00g7Vok9reOt00ePXakVWHwalJndra2siPEg01cbwgp4Vl9god33RU00z0Fa2sqm5amTbupU00UuXp00Sj4a2sLzYa5Moapdljwuu801hi0,000dYpt00r94t00pNAt00ot7j15lizjoccDxjpDgjFF00su2yd0g92t00dYpt00dYpt00dYpt00dYp,P1Win,P2Win,,,
95,000hgpT01dgD60ma7gN0Aos8a1sobQo0WGzSa1sHO7p01ASyamU9nDp01AP3p00g7Vok9reOt00ePXakVWHwalJndra2siPEg01cbwgp4Vl9god33RU00z0Fa2sqm5amTbupU00UuXp00Sj4a2sLzYa5Moapdljwuu801hi0,000wPpi3otjbinC1Lahol4FNjpDzHij1NHkqt00wxOakA8QqakAaJbakAcBVp00PmQantCMeantFtap00O2sp00Lmba3C3ALa3C6hHNpQCcLSoytbFp0116wr00rdua00sxUp0199lGd0tB3p01tiwp01hdS,P1Win,P2Win,,,
96,000hgpT01dgD60ma7gN0Aos8a1sobQo0WGzSa1sHO7p01ASyamU9nDp01AP3p00g7Vok9reOt00ePXakVWHwalJndra2siPEg01cbwgp4Vl9god33RU00z0Fa2sqm5amTbupU00UuXp00Sj4a2sLzYa5Moapdljwuu801hi0,000wjGimBlSLigTAvnhpqaVut00vdSp00LTtp00MH5p00OiPp00P6ra60nr8aoufJtaouiqpjopG3PjmfvaLNpHMUgU01vbh9eKc7FEoQ00wGgXKY5alao6oalaqMla27kO1a4puJraaTjSba3FYl6T005sP,P1Win,P2Win,,,
97,000hgpT01dgD60ma7gN0Aos8a1sobQo0WGzSa1sHO7p01ASyamU9nDp01AP3p00g7Vok9reOt00ePXakVWHwalJndra2siPEg01cbwgp4Vl9god33RU00z0Fa2sqm5amTbupU00UuXp00Sj4a2sLzYa5Moapdljwuu801hi0,000hx6imOjNKi2WKnWhnoyLia53Topa5pSqBjmff3cjoppVgGd0duvp00uXbaoUseJp00BETt00f6jaoUuUFp00q9LalEVzyp00t5ValEYguU01tPjp01y8Ba3gNEw9ewWNL9eXpCop00pOT6pyKrPEoPMn2,P1Win,P2Win,,,
98,000hgpT01dgD60ma7gN0Aos8a1sobQo0WGzSa1sHO7p01ASyamU9nDp01AP3p00g7Vok9reOt00ePXakVWHwalJndra2siPEg01cbwgp4Vl9god33RU00z0Fa2sqm5amTbupU00UuXp00Sj4a2sLzYa5Moapdljwuu801hi0,000wiSin2J7Wi3oqCohpHMTsp00uFtt00wiUj1rFBujphxYla1F2ILa1F02Lp00W3Jajv5iyp00PClp00GvtE04Ng0p01A1pr00iSmzcDnS1ajv3pNajv1x3GhkMGEl8rTBRg1RVB4amXIO2aaGhmOamXG848nkvt6T00x5o,P1Win,P2Win,,,
99,000hgpT01dgD60ma7gN0Aos8a1sobQo0WGzSa1sHO7p01ASyamU9nDp01AP3p00g7Vok9reOt00ePXakVWHwalJndra2siPEg01cbwgp4Vl9god33RU00z0Fa2sqm5amTbupU00UuXp00Sj4a2sLzYa5Moapdljwuu801hi0,000WFfin7x60jnPXnqt00W8S6pR2KHP0e0a1t00W8Sajvtwyajvvpjajvxi6a16l8danQ7LDanQaszGhl5sKp00PEzp01h1Gp00YfYa16nO9p01jGxr00JufjlFMukp01889EoUIoBhmKDGY,P2Win,P1Win,,,
100,000hgpT01dgD60ma7gN0Aos8a1sobQo0WGzSa1sHO7p01ASyamU9nDp01AP3p00g7Vok9reOt00ePXakVWHwalJndra2siPEg01cbwgp4Vl9god33RU00z0Fa2sqm5amTbupU00UuXp00Sj4a2sLzYa5Moapdljwuu801hi0,000gYci3flJfin6T5uin6Ua4hn6RJyhn6Shkj0Im2bjoyep3t00gq8t00tS7a0Iu6XGd0dtmakzRIJakzUpFp00FVLanPmeNanPoUJp00wyqa2wouyr00cqBa0IwMUSoyan8r00NYv,P2Win,P1Win,,,
101,000hgpT01dgD60ma7gN0Aos8a1sobQo0WGzSa1sHO7p01ASyamU9nDp01AP3p00g7Vok9reOt00ePXakVWHwalJndra2siPEg01cbwgp4Vl9god33RU00z0Fa2sqm5amTbupU00UuXp00Sj4a2sLzYa5Moapdljwuu801hi0,000vuLi3fCFpimOwqthmFIJLjocsNNj0mAqVt00vdbaljcjbaljf07Gd0s02aoUH0AaoUJGwp00K0qa0mHHva0mKouSoCHc1t00HQOp00MFkr00BXor00LjBNpHL2ma00EDM,P2Win,P1Win,,,
102,000hgpT01dgD60ma7gN0Aos8a1sobQo0WGzSa1sHO7p01ASyamU9nDp01AP3p00g7Vok9reOt00ePXakVWHwalJndra2siPEg01cbwgp4Vl9god33RU00z0Fa2sqm5amTbupU00UuXp00Sj4a2sLzYa5Moapdljwuu801hi0,000iRHimwIazi1W3RPr00sxYigKzUwh00aNph00a0mp00uFNjoUfBdanPlYaanPoFet00iQzajVj98ajVgscGgjVw8a2SK7kj15oiVt00sxCp00vtpNpUUeea2SHqkr00ret84Lfg3,P2Win,P1Win,,,
103,000hgpT01dgD60ma7gN0Aos8a1sobQo0WGzSa1sHO7p01ASyamU9nDp01AP3p00g7Vok9reOt00ePXakVWHwalJndra2siPEg01cbwgp4Vl9god33RU00z0Fa2sqm5amTbupU00UuXp00Sj4a2sLzYa5Moapdljwuu801hi0,000gWmi32aCgimwGffN1iwodhpD8x8h0hKArGfX5M0t00pgnt00gV7j1rprLjphhODp00x4lp00Cacp00vc8ajuNl1ajuPdLajuR6wanPmJIanPpqEa15wBwa15ziva01eldE0mkxwr01sNb,P1Win,P2Win,,,
104,000hgpT01dgD60ma7gN0Aos8a1sobQo0WGzSa1sHO7p01ASyamU9nDp01AP3p00g7Vok9reOt00ePXakVWHwalJndra2siPEg01cbwgp4Vl9god33RU00z0Fa2sqm5amTbupU00UuXp00Sj4a2sLzYa5Moapdljwuu801hi0,000iilin2uzpi2SkfBhnKArnp00hsTajI278ajI3YSajI5RDGgXxv1aotXe3aotYPoaou1Iba0MUaya0MWQvp00unxp00tzUjnTzFej04Hint00f4ut00f4uOpUVgeU01eMm9f2A7Y9eFx3Na3gy4Hp00xk7p0071kp01nUE,P1Win,P2Win,,,
105,000hgpT01dgD60ma7gN0Aos8a1sobQo0WGzSa1sHO7p01ASyamU9nDp01AP3p00g7Vok9reOt00ePXakVWHwalJndra2siPEg01cbwgp4Vl9god33RU00z0Fa2sqm5amTbupU00UuXp00Sj4a2sLzYa5Moapdljwuu801hi0,000redl9KeowS00kvWylACN5F00kvWin2LjijoljJAp00P7hzd0lBC80vtNBakiwb780vscep00WF8amKy22t00ualakitubamKvl6j00tCXp00IGdr00CtU,P1Win,P2Win,,,
106,000hgpT01dgD60ma7gN0Aos8a1sobQo0WGzSa1sHO7p01ASyamU9nDp01AP3p00g7Vok9reOt00ePXakVWHwalJndra2siPEg01cbwgp4Vl9god33RU00z0Fa2sqm5amTbupU00UuXp00Sj4a2sLzYa5Moapdljwuu801hi0,000i3eiobWTIjnPiKpjmfcC9joGYFNh1A56Rt00cWDSphfb8ykVSp0FnPqMMp00vKUp00HhFp00yHyp00D0aakzXUka0ICGUa0IA0Yp00rcYr00htAakzVek,P1Win,P2Win,,,
107,000hgpT01dgD60ma7gN0Aos8a1sobQo0WGzSa1sHO7p01ASyamU9nDp01AP3p00g7Vok9reOt00ePXakVWHwalJndra2siPEg01cbwgp4Vl9god33RU00z0Fa2sqm5amTbupU00UuXp00Sj4a2sLzYa5Moapdljwuu801hi0,000iiFimwFYdp00j5Fakr51Lakr7HHGd0hu0aoQ1yVanPnOKa15x9Ea15zPBp00unRp00tAfjnXVcij0dwknt00f4Ot00f4Ot00f4Ot00f4Op00xk7Fd0718ykVS6xE1rgAw,P1Win,P1Win,,,
108,000hgpT01dgD60ma7gN0Aos8a1sobQo0WGzSa1sHO7p01ASyamU9nDp01AP3p00g7Vok9reOt00ePXakVWHwalJndra2siPEg01cbwgp4Vl9god33RU00z0Fa2sqm5amTbupU00UuXp00Sj4a2sLzYa5Moapdljwuu801hi0,000gXSipUH3St00fnqjkzRdOjmK5MOyl5EtAFmKjcya00tRYa00rc1t00cWbt00cWbt00cWbt00cWbajuThEajuQAJp00qUhp00xCfE00cWlp00ofDp00CrBr0115dr01ATl,P1Win,P2Win,,,
109,000hgpT01dgD60ma7gN0Aos8a1sobQo0WGzSa1sHO7p01ASyamU9nDp01AP3p00g7Vok9reOt00ePXakVWHwalJndra2siPEg01cbwgp4Vl9god33RU00z0Fa2sqm5amTbupU00UuXp00Sj4a2sLzYa5Moapdljwuu801hi0,000wPfF00EBCjnPnRwjkWaldjmokcot00GvDt00wzMNpQBoup00Gv8p00O1ap00EUgp00W47800ovOr00ofXyoyqvLr0199jSoUkaX,P1Win,P2Win,,,
110,000hgpT01dgD60ma7gN0Aos8a1sobQo0WGzSa1sHO7p01ASyamU9nDp01AP3p00g7Vok9reOt00ePXakVWHwalJndra2siPEg01cbwgp4Vl9god33RU00z0Fa2sqm5amTbupU00UuXp00Sj4a2sLzYa5Moapdljwuu801hi0,000B8bopN31Pp01zdhop5mk8p00Pn0p00GxBU01efuaoD5PsaleObcaoyJjLa26uyraleQAIU01uDu9eOAkkg01qBAgnQirEU00WQuU00GsuU00pN9a2g79Ka2g4sOa2fNBBa2fQixa2fxKoa2fArka2fhTba2fkA7anPlF4a2f1eMgnPeWeg00Tmng01daUdkFrVzr01ACDdkFeev,P2Win,P1Win,,,
111,000hgpT01dgD60ma7gN0Aos8a1sobQo0WGzSa1sHO7p01ASyamU9nDp01AP3p00g7Vok9reOt00ePXakVWHwalJndra2siPEg01cbwgp4Vl9god33RU00z0Fa2sqm5amTbupU00UuXp00Sj4a2sLzYa5Moapdljwuu801hi0,000HzaU01tPjU00pNhU008ner00JXta3XK7pa00tP0gmK8qCdjuRTHr00q4ua3YO9Ca3YQPyp01jSKo1OneFonua0Ba00QFrg00Liza1NgIm9eOzw9gnufUg7e6w4IdkzL1Np00Rvqp01AU78cRkuyaj9fneU00NIoT01q5sa7B0dOa7B2TKajvjMnr00BXtr00Rw0808VAb6phLtbp004oc,P1Win,P2Win,,,
112,000hgpT01dgD60ma7gN0Aos8a1sobQo0WGzSa1sHO7p01ASyamU9nDp01AP3p00g7Vok9reOt00ePXakVWHwalJndra2siPEg01cbwgp4Vl9god33RU00z0Fa2sqm5amTbupU00UuXp00Sj4a2sLzYa5Moapdljwuu801hi0,000InO60vCRkaoz1ivo160XHonQ9jhp01gVwU00bRggnt3jxa15iDIa15fWMU00oIBU00NIogntBpqgmKazLa3fCD5a3fFk1T01uUxp00XVqa2aWYOa2aUiSr00ImtU01tPj9fbBfma3gNo8a3gKHc7eaUOagnufUgp00S3Jp00S4ha7B7d3a7B4w78098cEr01AUcajRcoJ,P2Win,P1Win,,,
113,000hgpT01dgD60ma7gN0Aos8a1sobQo0WGzSa1sHO7p01ASyamU9nDp01AP3p00g7Vok9reOt00ePXakVWHwalJndra2siPEg01cbwgp4Vl9god33RU00z0Fa2sqm5amTbupU00UuXp00Sj4a2sLzYa5Moapdljwuu801hi0,000HPPU00pNha00tP0r00mzAzd0jTxa2aBulU004iCa2afYRa2aiFNo16kicgmK8qCr00q4uT01g8Wa4lDg6p01lv9onQgivU01tPja3gNo8a3gKHcgnh2FVa6vNAMa6vLI2a6vJPhajvgzTajvjgSp00RvJp00Rwi8004iCU00EDAaoUERe8jVFJ5aoUCbignsW6pp00NrIr01bmAg00B8Gdjv8hcp01fS9r00Frwr00Nwd8096KX7oCQk2,P1Win,P2Win,,,
114,000hgpT01dgD60ma7gN0Aos8a1sobQo0WGzSa1sHO7p01ASyamU9nDp01AP3p00g7Vok9reOt00ePXakVWHwalJndra2siPEg01cbwgp4Vl9god33RU00z0Fa2sqm5amTbupU00UuXp00Sj4a2sLzYa5Moapdljwuu801hi0,000K0vp01p16U01suloo08yer01hymo1f7IeU01b1Lg01cmJgmKY2aU00TTag00Vf8g01osra3YhTpa5qm7ka5qEURa5qCeVa3gM3aa3gJme60ErlKr00QWBO00iTA9f2C0JamKDXnamKBhrT00SDR7mBUPL9mKJkEajvitbajvfMfp00TW0,P2Win,P1Win,,,
115,000hgpT01dgD60ma7gN0Aos8a1sobQo0WGzSa1sHO7p01ASyamU9nDp01AP3p00g7Vok9reOt00ePXakVWHwalJndra2siPEg01cbwgp4Vl9god33RU00z0Fa2sqm5amTbupU00UuXp00Sj4a2sLzYa5Moapdljwuu801hi0,000MWGU018UCa016uxa019btjntFcTp01tkQT01bjfa6vFxmp01AOVU004kEa2ahmka2aeFop00QqsajvjwwajvrAkGfaEdar00x53U00x7EgkA5ongmKfJEgoUq5Va00t5e808RO0LoUwgXLoliUMr00AkJdjv0dJ809jIfa3fQEVdjvBytajvByta3gsrza3gpKDp01aM3a6vIei809Y1kp01aMAp00SlJr00p4Jr00Yvjaci06Xr00XaXr01AUg9fAJIP7fB5YP,P2Win,P1Win,,,
116,000hgpT01dgD60ma7gN0Aos8a1sobQo0WGzSa1sHO7p01ASyamU9nDp01AP3p00g7Vok9reOt00ePXakVWHwalJndra2siPEg01cbwgp4Vl9god33RU00z0Fa2sqm5amTbupU00UuXp00Sj4a2sLzYa5Moapdljwuu801hi0,000UugLn7E1bUlBROIU00GvTamLmsRgnPQ6HgmooufgocxnHa3gMDqr01AU780aoika54yGnT01coRa54AgUa54yoaa2aScBa2aPvFp018VzjnH9Ahp00Xq0a2bpHwa2bn1Ap01bRFGgtikjp01AknplBshEr00RfrakeAHHU012uTaocS6ja0J5FoL6qVUVg00EmdanPJS9a54wvqLjzLvu8jvBjNp01APvr00PnjL0NiOp4pQWlX8opQwG809yKKr00To6,P2Win,P1Win,,,
117,000hgpT01dgD60ma7gN0Aos8a1sobQo0WGzSa1sHO7p01ASyamU9nDp01AP3p00g7Vok9reOt00ePXakVWHwalJndra2siPEg01cbwgp4Vl9god33RU00z0Fa2sqm5amTbupU00UuXp00Sj4a2sLzYa5Moapdljwuu801hi0,0011p5apzRW880eepga2xz06a2xBG2a9p4zlaaQdClT01nnVa6vVExa6vSXBp01nowp01np7p01AOLp01npFU01dJRp01n9Sp01mT2p01mTCp01mDHp01moma7X0Rla82rKVp01mE8op5j6po0SgcSU00xUup00YJf9moNv39mtfoDdkmY8Ua1At2ia1AvIep00YKBU010khdiMrEPdkj0bRa1ATmua1AW3p8mbvFDa3gpem7jmk3G7jmkAtT013PL1mbANvdkn11F,P2Win,P1Win,,,
118,000hgpT01dgD60ma7gN0Aos8a1sobQo0WGzSa1sHO7p01ASyamU9nDp01AP3p00g7Vok9reOt00ePXakVWHwalJndra2siPEg01cbwgp4Vl9god33RU00z0Fa2sqm5amTbupU00UuXp00Sj4a2sLzYa5Moapdljwuu801hi0,000gHvo01rLSp004iCoki3D060qAb6T00VkQU004kOU00hLgN0AfjKO004olgoyT2lgphXhWg010mdamKDWQamKGDLa3fjQca3flIWa3fnBHdjuAsMamLkREamLnyAp01ASop01ATHp00qnFa3fxhDa1EEzPamKd2yamKfIu,P2Win,P1Win,,,
119,000hgpT01dgD60ma7gN0Aos8a1sobQo0WGzSa1sHO7p01ASyamU9nDp01AP3p00g7Vok9reOt00ePXakVWHwalJndra2siPEg01cbwgp4Vl9god33RU00z0Fa2sqm5amTbupU00UuXp00Sj4a2sLzYa5Moapdljwuu801hi0,000Oj1T00LBajntFdfN0ErnbN0RD09N0imqf4oUL1RajvjNHU00zx7a4GXP6p00NYVp011SEa4GV9ap00W53ajvqMtT01flfa6vLIva6vJ2za3gsYsp01dK0a3gvFop01bl5p01dJtr00ypPGgfLgnU004RRa2agyza2ajfv82x2qC82x0xRr01AUg,P1Win,P1Win,,,
120,000hgpT01dgD60ma7gN0Aos8a1sobQo0WGzSa1sHO7p01ASyamU9nDp01AP3p00g7Vok9reOt00ePXakVWHwalJndra2siPEg01cbwgp4Vl9god33RU00z0Fa2sqm5amTbupU00UuXp00Sj4a2sLzYa5Moapdljwuu801hi0,000eySU00s0GN6hGzV60uXyXgogGgYgpcXe7g09dgjanPhWsa15xXXT00X7Sa6vwora6vtHvp00lg6ajuNmaajuVpXp00wOuanPsWka6vvAja6vsTnr00WAGp00coQU00QYla3g9Ugjnt8XhU004QyamJRQpa2ajecGjuEunr00cEHdji90er01AUg,P2Win,P1Win,,,
121,000hgpT01dgD60ma7gN0Aos8a1sobQo0WGzSa1sHO7p01ASyamU9nDp01AP3p00g7Vok9reOt00ePXakVWHwalJndra2siPEg01cbwgp4Vl9god33RU00z0Fa2sqm5amTbupU00UuXp00Sj4a2sLzYa5Moapdljwuu801hi0,000lxJ60qyQmU00nbbU00PoaGddiEqU00Emu9kmHtWN0RblrdlOiVKp00m4WgpyTQqgpz0L5gpyWNKr005pxr00DPGalF4o2alF1H6a2SR55a2SOo99moxTiajuWeOajuOb1p00DN5r01ATSjnPqOIa1s0eNa1rWxRp00WCdr00mAup01a19,Draw,P1Win,,,
122,000hgpT01dgD60ma7gN0Aos8a1sobQo0WGzSa1sHO7p01ASyamU9nDp01AP3p00g7Vok9reOt00ePXakVWHwalJndra2siPEg01cbwgp4Vl9god33RU00z0Fa2sqm5amTbupU00UuXp00Sj4a2sLzYa5Moapdljwuu801hi0,000jUBU00m60U009roU01bOWa0071ja008T4a00aLOa00jVja00lO4a00nGOa0Jf0Ya0JhGUg005Flgph9M8gpDiM5goUkaJ804OQNj15o0RT01AOxa6w4bra6w6Rn8cRNqkp00lvHakzVtlakzYahN4kDOGp00FWqamKpUnamKsBjr004jpG004iRp00YL3p00FUHp012r08maGp8,P2Win,P1Win,,,
123,000hgpT01dgD60ma7gN0Aos8a1sobQo0WGzSa1sHO7p01ASyamU9nDp01AP3p00g7Vok9reOt00ePXakVWHwalJndra2siPEg01cbwgp4Vl9god33RU00z0Fa2sqm5amTbupU00UuXp00Sj4a2sLzYa5Moapdljwuu801hi0,000i3hU00dJ2amJVm2amJY2WLlEYfbL00gWdp00j8Rjphhzz9hGxd39gXtKCgliOsbgmJVm2O0mkA9G004j4r004jB8juFP7p00otBp00DhjU004l5a004kxa0071tU00os8p00tPEp00j5UdjuFP7U01991a00n7aa00pN6T01fQQa3gsGPa01991gpi7RVa6vK6va6vLYga6vOVDa6vMfHp01iynr01ARO,P1Win,P2Win,,,
124,000hgpT01dgD60ma7gN0Aos8a1sobQo0WGzSa1sHO7p01ASyamU9nDp01AP3p00g7Vok9reOt00ePXakVWHwalJndra2siPEg01cbwgp4Vl9god33RU00z0Fa2sqm5amTbupU00UuXp00Sj4a2sLzYa5Moapdljwuu801hi0,000CK3r00BEYa4ULi0T01cW3jmKBLLU00agcaopinXU00Oyeal6fIXa3g12IU00B9D9i8mmG9gBPIog00xnAgmb55tamKrPqamKp9uLm2n32LntutFa4QrS4a4QjOha4UIB4p01bS3a3gsJYa3gq43al66RCal64bGU010STaoq5gqamKMObp019ui8jr4vUgmnQ9YdjuCmhp01b5sr01a1tGfjyTlr00dK3djvv97,P2Win,P1Win,,,
125,000hgpT01dgD60ma7gN0Aos8a1sobQo0WGzSa1sHO7p01ASyamU9nDp01AP3p00g7Vok9reOt00ePXakVWHwalJndra2siPEg01cbwgp4Vl9god33RU00z0Fa2sqm5amTbupU00UuXp00Sj4a2sLzYa5Moapdljwuu801hi0,000NutU00u9Fr00x6MglF7kEgn7eev9gBIbF9ipQNJdke0qNL1rENhLnPq0SL5pYjpa15DBQa15AUUO0mEt8joUM6Jdkep8ar00yGkG00CY5p00Xalq013w4p00XaTU00K1f9i48mBdkeiYhr00yGKp0170tT00UI3a4liOBa4lg8Fp01sgRa15XJLa161qHa15NyYa15QfU8pDMBYU00S2S808RSep00qXk,P2Win,P1Win,,,
126,000hgpT01dgD60ma7gN0Aos8a1sobQo0WGzSa1sHO7p01ASyamU9nDp01AP3p00g7Vok9reOt00ePXakVWHwalJndra2siPEg01cbwgp4Vl9god33RU00z0Fa2sqm5amTbupU00UuXp00Sj4a2sLzYa5Moapdljwuu801hi0,000Xbvo1OrgzT00QdRU015ciM014DXakezn0akeC4Yr0132nLmKyzuM015IxI97270LnPFTfp01AOxoodunOIkSiVSIkSiVS809N3s60vCT8p017QMT018l5a6vBuUa6vEbQa6vBvda6vEc9p0185h809yNB809TKd8keEvi8cRhMx3d16hqp01ARmp01AQK,P1Win,P2Win,,,
127,000hgpT01dgD60ma7gN0Aos8a1sobQo0WGzSa1sHO7p01ASyamU9nDp01AP3p00g7Vok9reOt00ePXakVWHwalJndra2siPEg01cbwgp4Vl9god33RU00z0Fa2sqm5amTbupU00UuXp00Sj4a2sLzYa5Moapdljwuu801hi0,0012t760reWSp00RwFajvuP8U00MHEanPGWIa0W47tU00ACzanPuRDa0IDN4Gd0RwwdlFkMKdj9fqta3gx1XamL1twa6vPfqt01gbe9kEEmy9kENKH7knbvx7kedCvp01pi7T01j7WanPUFer00Ywep015rtjn7TCKU010Sn9k1kNT7k1kxvajvCSVp012J4p01zL6a0WhOY,P2Win,P1Win,,,
128,000hgpT01dgD60ma7gN0Aos8a1sobQo0WGzSa1sHO7p01ASyamU9nDp01AP3p00g7Vok9reOt00ePXakVWHwalJndra2siPEg01cbwgp4Vl9god33RU00z0Fa2sqm5amTbupU00UuXp00Sj4a2sLzYa5Moapdljwuu801hi0,000MX5U00BFwN6v9kbt00QaBjoUM79p012Y3a15JMWa3fRsi60A3bdp01APBU00VPYdlOnMea1nGVRa162har00x5IGgbkUqa6vG6ja5qyeJT01bRca4lA3Va3gscmg00DhlgoQbxBgnChS5p01bBpr00XIqakAwv7amKyMAp00WDb,P1Win,P2Win,,,
129,000hgpT01dgD60ma7gN0Aos8a1sobQo0WGzSa1sHO7p01ASyamU9nDp01AP3p00g7Vok9reOt00ePXakVWHwalJndra2siPEg01cbwgp4Vl9god33RU00z0Fa2sqm5amTbupU00UuXp00Sj4a2sLzYa5Moapdljwuu801hi0,0015EOp01leJU00TmuU01dHIp01iylp012qb9f2wCRgmGwAMamL6hML33k2ca3gxgw9pi5c7ajvsUqa3guzA9f2dhx9oHAt3ajvqeugnPHaxakAB3op016wlp01eznp00LkAr00Tnca9KsQTp015sjr01AQK9oM5Abj0J9DeamL8XI600PkK800Q8Va01hdqakADJkp01gpM401hdq,P1Win,P2Win,,,
130,000hgpT01dgD60ma7gN0Aos8a1sobQo0WGzSa1sHO7p01ASyamU9nDp01AP3p00g7Vok9reOt00ePXakVWHwalJndra2siPEg01cbwgp4Vl9god33RU00z0Fa2sqm5amTbupU00UuXp00Sj4a2sLzYa5Moapdljwuu801hi0,0012qVj1B1zqT01ewJa3gsaWU010xqa0ruvca0rrOgp01j5H4pvqeF9oUM5J9pvi9VU00t1OgnprYpamL75XamL4p2p018CFO0Ez8Va6vMwma6vKDBa6vIKQa3fMzDa00umMgoCNk9gnthMH9eS1926pMDdUaaPuwyr00I6Hr00I607p4yXm,P1Win,P2Win,,,
131,000hgpT01dgD60ma7gN0Aos8a1sobQo0WGzSa1sHO7p01ASyamU9nDp01AP3p00g7Vok9reOt00ePXakVWHwalJndra2siPEg01cbwgp4Vl9god33RU00z0Fa2sqm5amTbupU00UuXp00Sj4a2sLzYa5Moapdljwuu801hi0,000lfFj15nYYzd09YrT0085had0dsgN004jeamJPXEamJRQpamJTJaamKhiKp00vcj41rBxP8nP2kl8nP4d79o39nC7nOV9i7nOXPe7nP1wa9mX4cY9mXcgN9o3hrr7pD4Lm7mX4cY7mX8eSa3fOdvamKjYFzd0aMBzd0bAMzd0coXp00n7kr00Mpyr00Wp8,P1Win,P2Win,,,
132,000hgpT01dgD60ma7gN0Aos8a1sobQo0WGzSa1sHO7p01ASyamU9nDp01AP3p00g7Vok9reOt00ePXakVWHwalJndra2siPEg01cbwgp4Vl9god33RU00z0Fa2sqm5amTbupU00UuXp00Sj4a2sLzYa5Moapdljwuu801hi0,001cYojn8colp01AS8p01A6kamtKzCamtHSGajvKYQajvJ76a16FhIa16CAMOpVQM76pEsvpp013ODq01cWHp01m6nt019eb7oMiyJ7oMfl17oMc7iGd10ClabUW5iU00Ufva161dMa163TIzd4IDYzd0lMir00n7pajvHelgmKHrbg00XsG8ihwTLr00gWLp01ASHr01AOx,P2Win,Draw,,,
133,000hgpT01dgD60ma7gN0Aos8a1sobQo0WGzSa1sHO7p01ASyamU9nDp01AP3p00g7Vok9reOt00ePXakVWHwalJndra2siPEg01cbwgp4Vl9god33RU00z0Fa2sqm5amTbupU00UuXp00Sj4a2sLzYa5Moapdljwuu801hi0,000VPr60e0Vyp00UMha2xbllikiRqbjmKRTNp01ezjT01cXGa271fUa26XyYU00Enp9mKUR49oho1h9oh60WajvxwTajvuPTamYgBFamYdUJp010zfp00Qrcp018TLGjVFYSp01hM2p01rGpp01mRp7mtliPr00KOdzcQXFQ7ntE9Xt00UKXp01ayH7lnHgwa1iWLPa1j0sL7ntBcJ,P2Win,P1Win,,,
134,000hgpT01dgD60ma7gN0Aos8a1sobQo0WGzSa1sHO7p01ASyamU9nDp01AP3p00g7Vok9reOt00ePXakVWHwalJndra2siPEg01cbwgp4Vl9god33RU00z0Fa2sqm5amTbupU00UuXp00Sj4a2sLzYa5Moapdljwuu801hi0,000hgn9opAG2dlrX8Sa00tSqp00pBKt00fEU60dmaBGgBnrBakdVFFalEUvFU00ysBa3fS0Sa3fPjWp00j7ygp4ilip01j7rp01qlQgn2TRx9oLg7d8lameD7oCoVpp019Jap00I7n9k5hAM9nxje0r006uHp00vMcgo3BDH7p3ST7a5pSqJjnPaIa,P1Win,P2Win,,,
135,000hgpT01dgD60ma7gN0Aos8a1sobQo0WGzSa1sHO7p01ASyamU9nDp01AP3p00g7Vok9reOt00ePXakVWHwalJndra2siPEg01cbwgp4Vl9god33RU00z0Fa2sqm5amTbupU00UuXp00Sj4a2sLzYa5Moapdljwuu801hi0,000hg3p00wioj0Vzxmp00dtrajuKWnajuNDjGhKVqwt009sCamb2Ua60qyQaamb0eeU00vuOa26e8Ma1Jf76gpDt05p00tCE8lwmROOpQjoLzdqF37U00Maz8krCFea15UOMgng71PT015Gga5QWhXgocBWNa15S8Qa5QYXTp00CIFabpbHD,P2Win,P1Win,,,
136,000hgpT01dgD60ma7gN0Aos8a1sobQo0WGzSa1sHO7p01ASyamU9nDp01AP3p00g7Vok9reOt00ePXakVWHwalJndra2siPEg01cbwgp4Vl9god33RU00z0Fa2sqm5amTbupU00UuXp00Sj4a2sLzYa5Moapdljwuu801hi0,000hM4joPQ766pHyEx60hK5Qt00ezca1w2oaT01wfQaaQlEhU01oc3aouXL0a2tdoQgnuah0g01ka97eFFo09f2H7dp01AQlp00hu8p00wxhp00rYTGhkzvjal1nKvamT4bVal1vPJzddpDOaaxuJOa2tnBNdnlwwQ,P2Win,P1Win,,,
137,000hgpT01dgD60ma7gN0Aos8a1sobQo0WGzSa1sHO7p01ASyamU9nDp01AP3p00g7Vok9reOt00ePXakVWHwalJndra2siPEg01cbwgp4Vl9god33RU00z0Fa2sqm5amTbupU00UuXp00Sj4a2sLzYa5Moapdljwuu801hi0,000hvSjogBaUt007QdU00wzR6pHxA260hKmegntll4a2aGEdU01qBCa2bEYLa2bCiP9eXkMjgpiljBgmp7vTajuLe4ajuNTYGjuFPVp00yrep00xnep00zLCp01AOxp00hwLa2aJl9U00LTup00BDNa2aXAca2aUTgr00vvXr01AAg,P2Win,P2Win,,,
138,000hgpT01dgD60ma7gN0Aos8a1sobQo0WGzSa1sHO7p01ASyamU9nDp01AP3p00g7Vok9reOt00ePXakVWHwalJndra2siPEg01cbwgp4Vl9god33RU00z0Fa2sqm5amTbupU00UuXp00Sj4a2sLzYa5Moapdljwuu801hi0,0010BUU00yJoIjv3rOIjv3rOM15DmH8kiwYE300xEhp00L7jO0ikQOO0imJzO00LDyX00L6Ia4lxFLjmKPdST010zCq01lhpp01uaDa4lp29a4lmlda4loLlt010jOp01bRvp00FWYajvwJCr00FHdGe5JNPr00PDi,P1Win,P2Win,,,
139,000hgpT01dgD60ma7gN0Aos8a1sobQo0WGzSa1sHO7p01ASyamU9nDp01AP3p00g7Vok9reOt00ePXakVWHwalJndra2siPEg01cbwgp4Vl9god33RU00z0Fa2sqm5amTbupU00UuXp00Sj4a2sLzYa5Moapdljwuu801hi0,000gtte00M8Cp00xk7t009KWt004ol6pcIKGU01daUp01AOxjnXYdbp00vgra15BLva15z5zp01l2ap00A5ip00QVPp01j7zp00gbCakzUHWGgfsKLakzS21q00E6yO08RMvr008AUr008B4a16kL6afbp9E9fBP5wU008Tza4ksfCa4kuVyU00LBna00NtAp01APhp00tBCv01AOxa00KME,P1Win,P2Win,,,
140,000hgpT01dgD60ma7gN0Aos8a1sobQo0WGzSa1sHO7p01ASyamU9nDp01AP3p00g7Vok9reOt00ePXakVWHwalJndra2siPEg01cbwgp4Vl9god33RU00z0Fa2sqm5amTbupU00UuXp00Sj4a2sLzYa5Moapdljwuu801hi0,001dwoT00Wpmingz1yaaPJnhaaPM4dp00RyQamfT7xamfVNtjmL93VN0AfjGgphWtHg011akajvIPUp01ATJa16G5Ta16DoXamLnyCamLkRGp01ASwajvKIFajvMBrp01ezgp01mTKp016fmp01sOF7oMkb67oMmkf7oMoto7oMqCx9p0pla9oVa0W9oVjpIp01AT3GjvvVnr0146Hp01AR9,P1Win,P2Win,,,
141,000hgpT01dgD60ma7gN0Aos8a1sobQo0WGzSa1sHO7p01ASyamU9nDp01AP3p00g7Vok9reOt00ePXakVWHwalJndra2siPEg01cbwgp4Vl9god33RU00z0Fa2sqm5amTbupU00UuXp00Sj4a2sLzYa5Moapdljwuu801hi0,001cnpU00HNsjpil44p01cEJp01w1pa3gPyGa3gMRKp01zdH4pmJNvT01AOx9pdxF69pdCeF9p0uDP9p9rcx7oV5mD7p0wMY7p4YemU01dHHa3gxgwa4HBtra4lVw6a01y8B8dFf0PakATQVakAWxROpMWiWa3tfABa5qa1C9f2DlH7eaKRBp01xBTU00jlEa4kFUXa4kDf2go3o9E,P1Win,P2Win,,,
142,000hgpT01dgD60ma7gN0Aos8a1sobQo0WGzSa1sHO7p01ASyamU9nDp01AP3p00g7Vok9reOt00ePXakVWHwalJndra2siPEg01cbwgp4Vl9god33RU00z0Fa2sqm5amTbupU00UuXp00Sj4a2sLzYa5Moapdljwuu801hi0,001cnnr01nUEp019Wcp00SPLp01zeFa6w6SWa6w4brp01AOxT01AOQa6w4d1p01xmxa6w6RJp01A2g8e6EVHad1yq6ajvJ3Ya6vM0dp01cV19p4Jry9p57OH9p9e1W9p52bz9p4XWQ1kObRA1kNRwf7p57OH7p4Ntm7p4L3P7p4WluT01hv1j01mk7a6vM0da6vJjh9moXotU01hJBa3gyBua3gvUyajvSIcad10PL4prcvhak5VjD,P2Win,P1Win,,,
143,000hgpT01dgD60ma7gN0Aos8a1sobQo0WGzSa1sHO7p01ASyamU9nDp01AP3p00g7Vok9reOt00ePXakVWHwalJndra2siPEg01cbwgp4Vl9god33RU00z0Fa2sqm5amTbupU00UuXp00Sj4a2sLzYa5Moapdljwuu801hi0,001bPz9p4I6EajAeXwT01AOxa4lSQoa5r1HXp01APGp01AP7U01nUIapNpLyapNn5Ca3pscQ8lG8mL9eBkp47efiFQp01x5NjmbT1Y8e6EFj9p57OG4odj7bakAMkU9p9e1Sa5qADwp01cV1O05D0S9p52rX9p4TUW7pdJKN7pdKyY7pdMYw7pdPp4T01cVka6vKEfa6vHXj9mbFAs,P1Win,P2Win,,,
144,000hgpT01dgD60ma7gN0Aos8a1sobQo0WGzSa1sHO7p01ASyamU9nDp01AP3p00g7Vok9reOt00ePXakVWHwalJndra2siPEg01cbwgp4Vl9god33RU00z0Fa2sqm5amTbupU00UuXp00Sj4a2sLzYa5Moapdljwuu801hi0,001dbxa3gNFKU01hJMjlTh3bT01AOxabVt0Ta5r0E0O05yrb7pdIGd9p4Uckp01dco7p9lhJ7p9nqS7p50PAr018Fc9p4JrC9p51DL9p9wiGa3gvUyr01jSKa50lYeaggtw7T01ehh9lT6iBa22xqS4nHuLU9f70pda4lVw9p01Ailp01zL9a12hfJa2PnbR8eojwPp01xmNp01zeW9pi3k0r01qG2a3gCav,P1Win,P1Win,,,
145,000hgpT01dgD60ma7gN0Aos8a1sobQo0WGzSa1sHO7p01ASyamU9nDp01AP3p00g7Vok9reOt00ePXakVWHwalJndra2siPEg01cbwgp4Vl9god33RU00z0Fa2sqm5amTbupU00UuXp00Sj4a2sLzYa5Moapdljwuu801hi0,000gHfo01rLSp004iCojuAr860zoEIU004kqa3fjPNU00hLgOpUGPfp01ATHamLkREamLnyAp01ASoa3flIya3fnBja3fxhDa1EEzP9o3aui9hGsn79oguaa9nPlb19ogETQ7ogmE47ogp4A7oGRW37oLk6RdjuAsoamog9ep00t4pamodsi9kVVkR,P2Win,P1Win,,,
146,000hgpT01dgD60ma7gN0Aos8a1sobQo0WGzSa1sHO7p01ASyamU9nDp01AP3p00g7Vok9reOt00ePXakVWHwalJndra2siPEg01cbwgp4Vl9god33RU00z0Fa2sqm5amTbupU00UuXp00Sj4a2sLzYa5Moapdljwuu801hi0,001dImaggtNtp01yG0p01xBTa5r06va4lReVp01whwjpmJNpU00B8DU01dI14n8g5La5pWXp7jqHHYa2Tvxj9p0mQea2bpoW7p0wwut01cV27oV9Vc7oVc5l9ffJRc8efvzJr01fAsa5qXJpa5N39yT01zdcU00ReEa4lgWA9p0CXW7p52IoOpIDt2a3g9609iyR7D7eFvrr7je4nkancifc,P1Win,P2Win,,,
147,000hgpT01dgD60ma7gN0Aos8a1sobQo0WGzSa1sHO7p01ASyamU9nDp01AP3p00g7Vok9reOt00ePXakVWHwalJndra2siPEg01cbwgp4Vl9god33RU00z0Fa2sqm5amTbupU00UuXp00Sj4a2sLzYa5Moapdljwuu801hi0,001cUit01e0Pp01nGta3gHva9p4KfQ9p4MVI9p4V0L4oVm1Tp01AOxajvHXs9p4XGH9p586ejmL8YEajvKEoU01q4PalG71S9fxCHg7eaXLz7eaVSJp01pO2anQs7OanQpqST01xRSa7B81fp01wNT7oQIQ17oQLgy7oQNG67oQI2Pp013Nra7B8Oqa7BaHba7Bbvmr00S2x1ngNsh1ngPBq7kapDX7k62vS,P1Win,P2Win,,,
148,000hgpT01dgD60ma7gN0Aos8a1sobQo0WGzSa1sHO7p01ASyamU9nDp01AP3p00g7Vok9reOt00ePXakVWHwalJndra2siPEg01cbwgp4Vl9god33RU00z0Fa2sqm5amTbupU00UuXp00Sj4a2sLzYa5Moapdljwuu801hi0,000hKDU01yFoaiqVBm9p8eyrt007O4U00AxQae5JeGLfaRmILfaquRagldGsahkV0a8cW8kGp00Crc6008SMa5pQexa5pSUx400qml7p8n9R7pcOAb7phh1xp00OMGj0Vzvar00dtbafanyC7kicLX7kr5iH1kVS6h1kIISP9p8jVj9plCxh9plHU99plNhKp0100D,P1Win,P2Win,,,
149,000hgpT01dgD60ma7gN0Aos8a1sobQo0WGzSa1sHO7p01ASyamU9nDp01AP3p00g7Vok9reOt00ePXakVWHwalJndra2siPEg01cbwgp4Vl9god33RU00z0Fa2sqm5amTbupU00UuXp00Sj4a2sLzYa5Moapdljwuu801hi0,001ds1j122Kkt018Tft01gGEU01r9n9fC58y9eOAAI7eBnmoalFSA8alFVh4r01dLwp01zJXamLndzamLkwDa6w1L1p01wNQa6w3884nlt3J9p0q4V9oV7vL9p52YS9pdVA17oQGqma2bCPC7oV8QJ7oVbxF1kAT4P1kAP2VgnyFJha6w4rWp01uoTa6w1L1T01xRR,P2Win,P1Win,,,
150,000hgpT01dgD60ma7gN0Aos8a1sobQo0WGzSa1sHO7p01ASyamU9nDp01AP3p00g7Vok9reOt00ePXakVWHwalJndra2siPEg01cbwgp4Vl9god33RU00z0Fa2sqm5amTbupU00UuXp00Sj4a2sLzYa5Moapdljwuu801hi0,001bzgjmL8YB4pimFtt016K3t01eNQ7k5WFD7k60mz7oQF5l7oQHeu7oQIPQ7oQL00p01wwYT01uEVU01mzJa6vVFlamLiE5amLll1a5qTcdp01rrNa5qQvha6vXy5a6w0qPp016ugajvGCua3gG8v9f2GPO7efeDWajvJjqp01zdbr01pzLr01m6v9p9wiO9p52bE9p4VNM9p4QqU9p9aNl,P1Win,P2Win,,,
151,000hgpT01dgD60ma7gN0Aos8a1sobQo0WGzSa1sHO7p01ASyamU9nDp01AP3p00g7Vok9reOt00ePXakVWHwalJndra2siPEg01cbwgp4Vl9god33RU00z0Fa2sqm5amTbupU00UuXp00Sj4a2sLzYa5Moapdljwuu801hi0,0016t4U00TTfa00XV4U01daUa16kL6afbp9E9fBP5wU01vbhapEwYnapEzFjt00RKq600NYvt013Mja00Vf8jocYK9T01uo1a3gN87an81idan7XBh9f2VCsgmLlkO7eFTTfa01vcfp01dYGaggKrWp01pO0a3gKrbp01sfsq01gpLE00Xplr01AUg,P2Win,P1Win,,,
152,000hgpT01dgD60ma7gN0Aos8a1sobQo0WGzSa1sHO7p01ASyamU9nDp01AP3p00g7Vok9reOt00ePXakVWHwalJndra2siPEg01cbwgp4Vl9god33RU00z0Fa2sqm5amTbupU00UuXp00Sj4a2sLzYa5Moapdljwuu801hi0,0010hYLeNtBTt00MEQU01eMragCtCXagCwjTL6uOW09f2A7YgmKXun9eFx3Na2bqd8p01j5Jp01bQbt00MEQ6pR42Hj1saoMp011lBajvyyGajvBfC41siJuamL6OzamL9vvU00UHna163iwa160BA9p084u9pi2vfp00TFBa2bgP9p012ITp00n8q,P1Win,P2Win,,,
153,000hgpT01dgD60ma7gN0Aos8a1sobQo0WGzSa1sHO7p01ASyamU9nDp01AP3p00g7Vok9reOt00ePXakVWHwalJndra2siPEg01cbwgp4Vl9god33RU00z0Fa2sqm5amTbupU00UuXp00Sj4a2sLzYa5Moapdljwuu801hi0,000jTVO00aKhr006IUt009GQj15o0c608VPet00gWlT01xkqLg6NDcU01goDzd8YhIahlAj7ahlD03aaHzQkL6uQykp00g897efdzn9foFS69espclgoVedwajuNRNp00xkMp00uEDajuLbRanPrQfanPpH6a15AU5a15ye6aaHCxgGd0dIu,P1Win,P2Win,,,
154,000hgpT01dgD60ma7gN0Aos8a1sobQo0WGzSa1sHO7p01ASyamU9nDp01AP3p00g7Vok9reOt00ePXakVWHwalJndra2siPEg01cbwgp4Vl9god33RU00z0Fa2sqm5amTbupU00UuXp00Sj4a2sLzYa5Moapdljwuu801hi0,000fF7ink61jp00lPijn77x6jphhlza15C34a15EJ0p00x9mp00rIXp00yJOaphAa7aphxtbp01s0bamJU3Vp00iAAamKbHTamK9P9amK7Wop01iBS400zh3p00ks79oy2Cvg00iTA9oylaJ7nBThB7nBWvkzdhKpszdMIp47oGQ7oOpM7QBT00ABr8nCbr8amKjuOamJRmQ,P2Win,P1Win,,,
155,000hgpT01dgD60ma7gN0Aos8a1sobQo0WGzSa1sHO7p01ASyamU9nDp01AP3p00g7Vok9reOt00ePXakVWHwalJndra2siPEg01cbwgp4Vl9god33RU00z0Fa2sqm5amTbupU00UuXp00Sj4a2sLzYa5Moapdljwuu801hi0,000j8VimFs5K608Y2mld90ELlfAMYOp00Guhp00t5cj0zxOhp00jElajuLKpajuTOda00uqDa00x7GaoHgRcNpUVz2p01rdxp00Qq1aoHebgp01bkvp00wyzr005FOG9JRjBSoc4Dur00EDWr017kx,P1Win,P2Win,,,
156,000hgpT01dgD60ma7gN0Aos8a1sobQo0WGzSa1sHO7p01ASyamU9nDp01AP3p00g7Vok9reOt00ePXakVWHwalJndra2siPEg01cbwgp4Vl9god33RU00z0Fa2sqm5amTbupU00UuXp00Sj4a2sLzYa5Moapdljwuu801hi0,000iRcinOVJ6jnPaHKGjuB1ep00Bp6NpLYu660mbsat00jq27kr4xN7kmG9k7kiiJQ7kdUln7kilqM7kmLwdp00ruya4kPFGajuUDdajuRWfU00ysBa3fJW5a3fMD08l1xJJp00E5i7pq51U7pq93O7nKIxL7nKLv67nKOsqgn2TRwp00I6f,P2Win,P1Win,,,
157,000hgpT01dgD60ma7gN0Aos8a1sobQo0WGzSa1sHO7p01ASyamU9nDp01AP3p00g7Vok9reOt00ePXakVWHwalJndra2siPEg01cbwgp4Vl9god33RU00z0Fa2sqm5amTbupU00UuXp00Sj4a2sLzYa5Moapdljwuu801hi0,000iAqt00fnyjmK5MWajzjOXajzh92p00q8za15AVza15yfAp00xmIp00AzJp00DMBp00mEbNpQrs760qAsBleAbA2lbUb1Er00jUESmnYeEjoUcUv,P1Win,P2Win,,,
158,000hgpT01dgD60ma7gN0Aos8a1sobQo0WGzSa1sHO7p01ASyamU9nDp01AP3p00g7Vok9reOt00ePXakVWHwalJndra2siPEg01cbwgp4Vl9god33RU00z0Fa2sqm5amTbupU00UuXp00Sj4a2sLzYa5Moapdljwuu801hi0,000i3St00f7rakzUqNakzRJRa00rcpjl1lUB60qyQyp00uFKp00nIaa00tSnp00rJ5ld088BleEsgMlbkN0qSnt2wOjnbt3ap00APYp00l31a53Ndmp00kscr00Gtqr01ATn,P1Win,P2Win,,,
159,000hgpT01dgD60ma7gN0Aos8a1sobQo0WGzSa1sHO7p01ASyamU9nDp01AP3p00g7Vok9reOt00ePXakVWHwalJndra2siPEg01cbwgp4Vl9god33RU00z0Fa2sqm5amTbupU00UuXp00Sj4a2sLzYa5Moapdljwuu801hi0,000kvf6008qft00bDUimse50lfJBeGlch8JPl8S4cfjnKKXHa1iPOja1iN8l4nC8fvT00lhDamKjM4amKh66akikC7akihVbp00jFUam25yF8nC0pCLlJcvkp01APgp00Tn6p013Psp01rYXp01iBep01AROr00JIa8nBXNg,P1Win,P2Win,,,
160,000hgpT01dgD60ma7gN0Aos8a1sobQo0WGzSa1sHO7p01ASyamU9nDp01AP3p00g7Vok9reOt00ePXakVWHwalJndra2siPEg01cbwgp4Vl9god33RU00z0Fa2sqm5amTbupU00UuXp00Sj4a2sLzYa5Moapdljwuu801hi0,001dwsinCAJLajvNG7ajvLNjajvJUyp01ej6p01nryGgggpWajw6pcp01AS0a1Bwj0p01ASAp01ATPa1BtC4anQrVbanQpffjmCkz77oHUqE7oHXEn7oI1S6OpEeNlg0n6Uzg017SLg01azHg01dgDg01fWzg01iDv9oV18y9oI42fajviNcp00Ppjajvlu8,P1Win,P1Win,,,
161,000hgpT01dgD60ma7gN0Aos8a1sobQo0WGzSa1sHO7p01ASyamU9nDp01AP3p00g7Vok9reOt00ePXakVWHwalJndra2siPEg01cbwgp4Vl9god33RU00z0Fa2sqm5amTbupU00UuXp00Sj4a2sLzYa5Moapdljwuu801hi0,001bU6ingwB19oQCt6r011Y1aggeyaagghf6p00Pp0jn8aMga16EJVq01ATHan8phNan8mARp01AC5p01s1pakAQHAakAOONakAMW3p01jpwp01axsr00YwRGgggW6g017SLg01azHg01dgDg01fWzg01iDv9oQHjb9oQM9g9oQQYl7oMkb67oMmAD7oMp1b7oMrqIa16C40r012Ha,P2Win,P1Win,,,
162,000hgpT01dgD60ma7gN0Aos8a1sobQo0WGzSa1sHO7p01ASyamU9nDp01AP3p00g7Vok9reOt00ePXakVWHwalJndra2siPEg01cbwgp4Vl9god33RU00z0Fa2sqm5amTbupU00UuXp00Sj4a2sLzYa5Moapdljwuu801hi0,001dMMinppEA7oMkb67oHWzN7oMp1b7oI2pSaeOdPx9oI2pS9oUYw9N0equXg016xNg01azHg01eBBg01iDvg0iEudp01ATYan8mB9an8pi5p01blDp01sy8p01ku0p01ASIaljTC8ajWeluajAev6r01ATer01xpha6vglCp00O4PjmCkz2GjvvFta2bKbX,P1Win,P2Win,,,
163,000hgpT01dgD60ma7gN0Aos8a1sobQo0WGzSa1sHO7p01ASyamU9nDp01AP3p00g7Vok9reOt00ePXakVWHwalJndra2siPEg01cbwgp4Vl9god33RU00z0Fa2sqm5amTbupU00UuXp00Sj4a2sLzYa5Moapdljwuu801hi0,001ilbimbEjkp01iCtjkAXqcjmL9jgg1aIv7g1aMx1g1aQyUg1jnA7g1jsGqajvNojajvPh4ajvR9Pp01jEqp01rYSp01bkua2bKr9a2bHKdaoVxSLaoVvcPO0n6Tmp01ARoGjvBP6q01yJs9pvh9o9pvxh7p01zwVp01w4v80nAt7p01ogUr017Snr01APr,P2Win,P1Win,,,
164,000hgpT01dgD60ma7gN0Aos8a1sobQo0WGzSa1sHO7p01ASyamU9nDp01AP3p00g7Vok9reOt00ePXakVWHwalJndra2siPEg01cbwgp4Vl9god33RU00z0Fa2sqm5amTbupU00UuXp00Sj4a2sLzYa5Moapdljwuu801hi0,000e1Fp00LPmo00Ke0r00efeaiUqkXo00wBEp014Erzd05u1zd07mLzd09fwzd0b8hzd4BKtT01wwiafbGCeafbJjazcHtx7zcQgWtzd0axXzd0bCxzd0cH7r00BFpanPx03p00BG0r00BWYp009crr009ax808RSezd07P8zd08THzd09Yhzd0b3Qzd0c8q,P2Win,P1Win,,,
165,000hgpT01dgD60ma7gN0Aos8a1sobQo0WGzSa1sHO7p01ASyamU9nDp01AP3p00g7Vok9reOt00ePXakVWHwalJndra2siPEg01cbwgp4Vl9god33RU00z0Fa2sqm5amTbupU00UuXp00Sj4a2sLzYa5Moapdljwuu801hi0,000e2ri10JLlin6ShQX00b4Qj0Imjep00j7qY008EFp004Rxp00AACanPsq9anPv75G004kdp00xUKa00Bpja00yInad05s8ajuThiajuLdup00JXU8091YRr00dvwa3fGIRzd0aLazcLX4Czd0bPJzcLY9czd0cUjzcM0dLzd0dYS,P2Win,P1Win,,,
166,000hgpT01dgD60ma7gN0Aos8a1sobQo0WGzSa1sHO7p01ASyamU9nDp01AP3p00g7Vok9reOt00ePXakVWHwalJndra2siPEg01cbwgp4Vl9god33RU00z0Fa2sqm5amTbupU00UuXp00Sj4a2sLzYa5Moapdljwuu801hi0,000i3wt00hMYjmST1kajuNTPajuQAMa00sx3a00ve2zd05rhX005H7Y005Hdp005Hmzd06fszd073Dzd07QOzd08F0zd09tbzcURMH6008nvp00tRxp00xSHGd086Vp00krxp01ARJq00BTRp00bzI,P2Win,P1Win,,,
167,000hgpT01dgD60ma7gN0Aos8a1sobQo0WGzSa1sHO7p01ASyamU9nDp01AP3p00g7Vok9reOt00ePXakVWHwalJndra2siPEg01cbwgp4Vl9god33RU00z0Fa2sqm5amTbupU00UuXp00Sj4a2sLzYa5Moapdljwuu801hi0,101ijEinckaop01hdXp01AQ2amLnuUj0iYjza4lQIxU004jSr01dJNa2aeV1a2ah5aajECUoamLkNY808VyJO01bA0a4lO2wp01w1IajEBj2ajEzqh,P2Win,P1Win,,,
