#ID,P1,P2,Result,,,
1,000MWpo168ekp00FJkU01dHHap99dKalB4RLanH50UajVMqwU01uDu9f2NyEgnQirEgmpbxNU00Vf8U00q4ua3gMzWamLh2wamKVlea3gxgwamKDREa3gfMWa3fF3CamKeS4gmK9eNgnPJ3ig019FNdkX4DWp01yFpooVxPfT01w08ae6z2bdnlunPa5lKSr8m3jeu7eFLPr,000fB7y005V8F00tjrj00fQHj2aqtnp00GsCp00FEYp00EkAp00D09t009XEt00dJat00gWSt00jnqt00n8Wt00egst00hKxa00svda00pOf3mBfU1,P1Win,,1,0
2,000MWpo168ekp00FJkU01dHHap99dKalB4RLanH50UajVMqwU01uDu9f2NyEgnQirEgmpbxNU00Vf8U00q4ua3gMzWamLh2wamKVlea3gxgwamKDREa3gfMWa3fF3CamKeS4gmK9eNgnPJ3ig019FNdkX4DWp01yFpooVxPfT01w08ae6z2bdnlunPa5lKSr8m3jeu7eFLPr,000q5hj15nYvp00DeMamKoyeamKrfaa1EUGYU01rWDaggJU7LfSjc0Li3Ag77kdRke7kdSFc7kijKD7kil6B7kmLbY7kmMwW9kVHkY9kVMHQ9kVS5I9lj0bP9lj5yF9ljaVBa1EXnXT01AOxa4QLJca8bojCaggHebp01AS9p01ASI9oyqsw9oyioE9oyakQp006YJq006J9r00Ayu7oUhqX7oUlsPr01dfg,P1Win,,1,0
3,000MWpo168ekp00FJkU01dHHap99dKalB4RLanH50UajVMqwU01uDu9f2NyEgnQirEgmpbxNU00Vf8U00q4ua3gMzWamLh2wamKVlea3gxgwamKDREa3gfMWa3fF3CamKeS4gmK9eNgnPJ3ig019FNdkX4DWp01yFpooVxPfT01w08ae6z2bdnlunPa5lKSr8m3jeu7eFLPr,0017ScT01o1najvXDsLoV8Vn8nuhBN8fxEF7p01AUaajvQ7sp01ASQp01lyXp01cGFp013yiLoV4Ttt013A5p01ASdt013A5t013A5t013A5t013A5t013A5t013A5t013A5t013A5q01ATtapEBmKapEyFOp00UejajvF5tajvDt7ajvBQLajvg7gEoHP3Mp00HBX,P1Win,,1,0
4,000MWpo168ekp00FJkU01dHHap99dKalB4RLanH50UajVMqwU01uDu9f2NyEgnQirEgmpbxNU00Vf8U00q4ua3gMzWamLh2wamKVlea3gxgwamKDREa3gfMWa3fF3CamKeS4gmK9eNgnPJ3ig019FNdkX4DWp01yFpooVxPfT01w08ae6z2bdnlunPa5lKSr8m3jeu7eFLPr,000hMsj00izPjnPaWGt0072IimFrh0hoLd8sa00uGya1S0n6amKiFsp00u9zp00wOKp00GdFp00ISVajuF2r7kmAtFamKfYw7kr2U07kvulmlafHO2ldhU2Uxk9fbJxkdJ2EO0uXQDzcpRCwr008mGr005Hw,P2Win,,0,0
5,000MWpo168ekp00FJkU01dHHap99dKalB4RLanH50UajVMqwU01uDu9f2NyEgnQirEgmpbxNU00Vf8U00q4ua3gMzWamLh2wamKVlea3gxgwamKDREa3gfMWa3fF3CamKeS4gmK9eNgnPJ3ig019FNdkX4DWp01yFpooVxPfT01w08ae6z2bdnlunPa5lKSr8m3jeu7eFLPr,001fpdapiokWap5bEIajvKIJt019v8ajvI2Papir1Uap5elIp01z0kadvSOkp01iRIajvLLXa01ARxt01a2Ut01azHt01b7ut01bEgt01cc3t01cIQt01dgDt01dNqt01eldt01eS0t01fpL,P1Win,,1,0
6,000MWpo168ekp00FJkU01dHHap99dKalB4RLanH50UajVMqwU01uDu9f2NyEgnQirEgmpbxNU00Vf8U00q4ua3gMzWamLh2wamKVlea3gxgwamKDREa3gfMWa3fF3CamKeS4gmK9eNgnPJ3ig019FNdkX4DWp01yFpooVxPfT01w08ae6z2bdnlunPa5lKSr8m3jeu7eFLPr,000iQMU00jUka4TU6FT01AOya9LjHma6w6RnLjuC6DjnTpewa00n8vp00UKwp016e5800BI88ocNgCU00STHp015rvanUb1sp014VrU01cTxa6vIdKU00FUJa6vbXxa3gvnLa3fY8ygphguyp00VgHU00zKJgpDjyJg00krzN1NvKzO00jYaa3fQ5ir004EJagfOu28e6GhF,P2Win,,0,0
7,000MWpo168ekp00FJkU01dHHap99dKalB4RLanH50UajVMqwU01uDu9f2NyEgnQirEgmpbxNU00Vf8U00q4ua3gMzWamLh2wamKVlea3gxgwamKDREa3gfMWa3fF3CamKeS4gmK9eNgnPJ3ig019FNdkX4DWp01yFpooVxPfT01w08ae6z2bdnlunPa5lKSr8m3jeu7eFLPr,000yYyp00ktIp00c9wxk9sT8xkr5RTlgfEjuN00yHm700vdi9pLWku9pM85e9pV7jg700xTb700AA77oyquM7oytbF7oyvRBad09Jxj15E9oa2fiKCa2flrz4nPBzxp00KgUamKzRIamKxbLp00M9g7kifvg7kigjr7kmGFf7kmHtq7kr8yP7kr9n17kmLvkvnPfMm,P2Win,,0,0
8,000MWpo168ekp00FJkU01dHHap99dKalB4RLanH50UajVMqwU01uDu9f2NyEgnQirEgmpbxNU00Vf8U00q4ua3gMzWamLh2wamKVlea3gxgwamKDREa3gfMWa3fF3CamKeS4gmK9eNgnPJ3ig019FNdkX4DWp01yFpooVxPfT01w08ae6z2bdnlunPa5lKSr8m3jeu7eFLPr,000jp5p008oSp00hgRld05s7l9JOVca1rEy8a1NDAfakdU3MakdRmQ9pUXJ89pUGNl7pQt527pQveb7pQxnkjmK5x79pUPFk9nKGoCp00IDLp00ECB7nTkVW7nTpf27kmIyR7kmGpI7kmEgz7kmC7q7kdDWn7kdGD77kdJk2SnOVcv7pQqUS,P2Win,,0,0
9,000MWpo168ekp00FJkU01dHHap99dKalB4RLanH50UajVMqwU01uDu9f2NyEgnQirEgmpbxNU00Vf8U00q4ua3gMzWamLh2wamKVlea3gxgwamKDREa3gfMWa3fF3CamKeS4gmK9eNgnPJ3ig019FNdkX4DWp01yFpooVxPfT01w08ae6z2bdnlunPa5lKSr8m3jeu7eFLPr,000Sl0U00FIpt00PEaU00S64a3g0wOa3fWPXp00MHAN3xubFjljuSaP11i7ba1nEgPa1nCo5a1nAvkdlsm4AGjverfT013hWa1nOsIa1nLLMa2xddvp011WJg013Ocp01fTyO0e4a6p01AOxakAyoTakAvHUp00YL3p00S1pq00PT4,P1Win,,1,0
10,000MWpo168ekp00FJkU01dHHap99dKalB4RLanH50UajVMqwU01uDu9f2NyEgnQirEgmpbxNU00Vf8U00q4ua3gMzWamLh2wamKVlea3gxgwamKDREa3gfMWa3fF3CamKeS4gmK9eNgnPJ3ig019FNdkX4DWp01yFpooVxPfT01w08ae6z2bdnlunPa5lKSr8m3jeu7eFLPr,001cHYp01dNqajAeerp01ADOp01ATnan8lfza0JBFaa1sHNwampku5p01grVp01ABMachV7I40nn2T7pianE7pidBn7pigP79p0oh39pqYFI9pr9lIp016vx9nLuBw9nQ4hY9nQdWY7npC197npGQe7o4jp47keLeF7keQ4Kq01q8rg0rzXhg0rGpGOoQLAVjnLOtWajAclGajAasS,P1Win,,1,0
11,000MWpo168ekp00FJkU01dHHap99dKalB4RLanH50UajVMqwU01uDu9f2NyEgnQirEgmpbxNU00Vf8U00q4ua3gMzWamLh2wamKVlea3gxgwamKDREa3gfMWa3fF3CamKeS4gmK9eNgnPJ3ig019FNdkX4DWp01yFpooVxPfT01w08ae6z2bdnlunPa5lKSr8m3jeu7eFLPr,001hg7t01hg5t01hfqT013Ong1nKHJg1nPxFg1nVcbjpdVllajvM2qajvNUbajvPMVa01pApp01fS6p01pOKp01yXMp01w2Lp01xn4p01hh2p01APQG05tS4a01shqg1o2neajRETht01hg5t01hg5t01hg5t018mSLnpziqLnpG1xp01ixN,P1Win,,1,0
12,000MWpo168ekp00FJkU01dHHap99dKalB4RLanH50UajVMqwU01uDu9f2NyEgnQirEgmpbxNU00Vf8U00q4ua3gMzWamLh2wamKVlea3gxgwamKDREa3gfMWa3fF3CamKeS4gmK9eNgnPJ3ig019FNdkX4DWp01yFpooVxPfT01w08ae6z2bdnlunPa5lKSr8m3jeu7eFLPr,000iRzjoc9sJp00hLzal5N3Mal5KmQGjuJBhp00rXij0mkQnp00zMLam2dCmam2gjip00BnPhmB62ap00AAjp00yssNpHzdit00f6S85pUiRzcD9TVzcHweUSpD8Qxq008FJimf0Oga6uI1l,P1Win,,1,0
13,000MWpo168ekp00FJkU01dHHap99dKalB4RLanH50UajVMqwU01uDu9f2NyEgnQirEgmpbxNU00Vf8U00q4ua3gMzWamLh2wamKVlea3gxgwamKDREa3gfMWa3fF3CamKeS4gmK9eNgnPJ3ig019FNdkX4DWp01yFpooVxPfT01w08ae6z2bdnlunPa5lKSr8m3jeu7eFLPr,000gVUj0DWvQ40vfKca4GOEoalWN2aam6yP7t00g8qg57TBAp006Yz7k9ohu7k9qXq7k9tEm7kr2RC7kr5yy7kr8fu7kr3Wc7k9pSQ9kRqEl9kRw2d9kRBp69lAu6L9lAztD9lAEQw9ph33x9ph75m7pD4LKT01zJXajw5h7ajw7X37pD8Nzp00siKa2X7I7,P1Win,,1,0
14,000MWpo168ekp00FJkU01dHHap99dKalB4RLanH50UajVMqwU01uDu9f2NyEgnQirEgmpbxNU00Vf8U00q4ua3gMzWamLh2wamKVlea3gxgwamKDREa3gfMWa3fF3CamKeS4gmK9eNgnPJ3ig019FNdkX4DWp01yFpooVxPfT01w08ae6z2bdnlunPa5lKSr8m3jeu7eFLPr,000i1ji2F4R0t006YSp00wvVanoTV1ang984a2aAGSa2aDnT4pHPOA9kVIqo9kRqnW9kN9XH9oU2F79pcLlT9pcTpH9005o29kRm6s90qKSS7kdKBo7kdNP77kdPHR7k9ntj7k9qH27k9szMj19MIWadQWlvp01APg9kvsqf1kRt4S,P1Win,,1,0
15,000MWpo168ekp00FJkU01dHHap99dKalB4RLanH50UajVMqwU01uDu9f2NyEgnQirEgmpbxNU00Vf8U00q4ua3gMzWamLh2wamKVlea3gxgwamKDREa3gfMWa3fF3CamKeS4gmK9eNgnPJ3ig019FNdkX4DWp01yFpooVxPfT01w08ae6z2bdnlunPa5lKSr8m3jeu7eFLPr,000K1dt00ASpt00ASpU01daUp00Llap00WCbp017P8p011oSr01ATPjnCtHHajvjO6ajvmv2anUhHsanUkooa1WQNva1WTusGopO6k7ogXcJ7ogYO37oh1qn7oh32J7oh4E67kn3XP7kn7ct7knaqc6pDN9uNpDBBoLd0BqKLgfX7ULgg84rae6fpkae6hOR8keJ0lp00kKi,P1Win,,1,0
16,000MWpo168ekp00FJkU01dHHap99dKalB4RLanH50UajVMqwU01uDu9f2NyEgnQirEgmpbxNU00Vf8U00q4ua3gMzWamLh2wamKVlea3gxgwamKDREa3gfMWa3fF3CamKeS4gmK9eNgnPJ3ig019FNdkX4DWp01yFpooVxPfT01w08ae6z2bdnlunPa5lKSr8m3jeu7eFLPr,000kLDjmXiNlN091Kd4p4pm5p00DADp01AQtp01vL1p01qpcp01l3na1eyQYOpUVluajI446ajI6K2p01c6mp00Oyup010OT7kdPNA800x9r7kdT2j7kdWg27krbPk7kr9pM7kr70f7kr4zHa1ewb37p8r0t7okXxd7p8viL7p8wnl7okYBM7ol4rR7nxw9w7nxAbq7nxBg0gpQqGog04L99r01ACbr01vgl204EX6,P1Win,,1,0
17,000MWpo168ekp00FJkU01dHHap99dKalB4RLanH50UajVMqwU01uDu9f2NyEgnQirEgmpbxNU00Vf8U00q4ua3gMzWamLh2wamKVlea3gxgwamKDREa3gfMWa3fF3CamKeS4gmK9eNgnPJ3ig019FNdkX4DWp01yFpooVxPfT01w08ae6z2bdnlunPa5lKSr8m3jeu7eFLPr,000gJLjjzeMx4ocjrzN0dr2rinfGgRO00iTAp00O4Kp017RDp01A4Np01bRJp01AQ6p00UIEakdQ3vakdSJsa0mvDua00wBEldIh0fg0hOqU7k0yNK7kiets7kzT9a7jQLEP7k9rkx7kr70f7pDcUh7pDfBd7pDii97oU9sQ7oyaqz7ocboi7nP4id7nt5fV7n76dE,P2Win,,0,0
18,000MWpo168ekp00FJkU01dHHap99dKalB4RLanH50UajVMqwU01uDu9f2NyEgnQirEgmpbxNU00Vf8U00q4ua3gMzWamLh2wamKVlea3gxgwamKDREa3gfMWa3fF3CamKeS4gmK9eNgnPJ3ig019FNdkX4DWp01yFpooVxPfT01w08ae6z2bdnlunPa5lKSr8m3jeu7eFLPr,001j79U01x43jnQeaap01mjlajvOGia1sC6Sp01uovajvRnet011Ee9oM7dbp011m7O0142x9oHRpm9pdPFi7oM7JX7oMaHiU00BG6a1szpV7oMdECp00Xbxp01c9dLfKyJLah4hplL60Nb1a01AhKgmLfWWgozrgW9ex2749fg8fq8jvbeB8gbvXfIjvbeBp01wwQr01vsKr01uaT,P1Win,,1,0
19,000MWpo168ekp00FJkU01dHHap99dKalB4RLanH50UajVMqwU01uDu9f2NyEgnQirEgmpbxNU00Vf8U00q4ua3gMzWamLh2wamKVlea3gxgwamKDREa3gfMWa3fF3CamKeS4gmK9eNgnPJ3ig019FNdkX4DWp01yFpooVxPfT01w08ae6z2bdnlunPa5lKSr8m3jeu7eFLPr,000e3RO00bnzp00NNyp015Gup01q8ip00Lz2p014zXp01p1yp013OYp00XcBa91MQ6anoR3R4olaSL809bXaailgwSN08WYHNp42MOjnkkwyp00cG3204EX6ankv0mp00uc7ailjdP7oU8oh7oGXnF7opeWs7oc4VQ7nXTVf7nGbv27nt1uq7nfQtO7jQG1z7jV8YJ7k0AWT7kvkIy7kvpyD,P2Win,,0,0
20,000MWpo168ekp00FJkU01dHHap99dKalB4RLanH50UajVMqwU01uDu9f2NyEgnQirEgmpbxNU00Vf8U00q4ua3gMzWamLh2wamKVlea3gxgwamKDREa3gfMWa3fF3CamKeS4gmK9eNgnPJ3ig019FNdkX4DWp01yFpooVxPfT01w08ae6z2bdnlunPa5lKSr8m3jeu7eFLPr,001od0LggzazLgCMYrU01yFpaggMB3a2bHGDa2bKnzU013LaaggknJaggn4JL5qIqbL5qUvPT01av2a7WLToa7eKkIa6vIL3j01mjrp01nUFamLaQtamLdxp8jvGD08ljR8OO0a2Jn401xlmp01yGRdlFQYhp01A26a6mR42a3gsHVp014jx601qD4p01piDO0j0UTr01bOXp01AS9r01A5xt01avC,Draw,,0,0.5
21,000MWpo168ekp00FJkU01dHHap99dKalB4RLanH50UajVMqwU01uDu9f2NyEgnQirEgmpbxNU00Vf8U00q4ua3gMzWamLh2wamKVlea3gxgwamKDREa3gfMWa3fF3CamKeS4gmK9eNgnPJ3ig019FNdkX4DWp01yFpooVxPfT01w08ae6z2bdnlunPa5lKSr8m3jeu7eFLPr,001dfFp01ATYp01ASVp01ASpp01ATsp01sj7p01shmp01jFva1BnHpa1Bl1tao0bzQan3RdaajAeenakFhwdalKkO4Gd10lRjpdVnF4nLTjCu01b5lt01dgbt01dgbt01dgbt01dgbt01dgbt01dgbp00Dj2abDlYaabHI2I,P1Win,,1,0
22,000MWpo168ekp00FJkU01dHHap99dKalB4RLanH50UajVMqwU01uDu9f2NyEgnQirEgmpbxNU00Vf8U00q4ua3gMzWamLh2wamKVlea3gxgwamKDREa3gfMWa3fF3CamKeS4gmK9eNgnPJ3ig019FNdkX4DWp01yFpooVxPfT01w08ae6z2bdnlunPa5lKSr8m3jeu7eFLPr,000hxIX00gdEO00iT3jo7MGI800pSOp00p3xajuSebajuUU7p01ARvp01bTiO00h1iO00f8xO00dfMw00kf1w00hy5w00eR9w00cbea00re4p00wzQT01atYa3goEVa3glY08jvCAAL3fpi8a00tU1G004l1p007zhp00dcWp00npTp00xTf,P1Win,,1,0
23,000MWpo168ekp00FJkU01dHHap99dKalB4RLanH50UajVMqwU01uDu9f2NyEgnQirEgmpbxNU00Vf8U00q4ua3gMzWamLh2wamKVlea3gxgwamKDREa3gfMWa3fF3CamKeS4gmK9eNgnPJ3ig019FNdkX4DWp01yFpooVxPfT01w08ae6z2bdnlunPa5lKSr8m3jeu7eFLPr,000QGGzd0I7nj1j8tuU00UuhdjzMkNp00RK1aoyQj1U00ouWdjzgltU004kuaopdx6dlEKNJp01pxmalJYMqalJW6uGjv7GlU00CKPa3bx1SanYjC28kWfYtdjQDwDaopb7yzd0H2Nzd0FXep011Draoyjvvzd05pC809hhBa2aAIramKEsep01pxVp011Sor00xQUp01ARyT010jxa500M7a4YX6bp00SlOp011CX808RNPr01jq8,P2Win,,0,0
24,000MWpo168ekp00FJkU01dHHap99dKalB4RLanH50UajVMqwU01uDu9f2NyEgnQirEgmpbxNU00Vf8U00q4ua3gMzWamLh2wamKVlea3gxgwamKDREa3gfMWa3fF3CamKeS4gmK9eNgnPJ3ig019FNdkX4DWp01yFpooVxPfT01w08ae6z2bdnlunPa5lKSr8m3jeu7eFLPr,000V3SjljL2nt019eFp01iDhapiiHCapig1Gp01iCda16DVKamKVpkp01iBDp019csajvm0uajvnSfajvpL0t00QKhp00YMLp00Po0p00BWTG00zgq9oyY9m9oyNoC9oyCDS7keoFa7kerm67keu32amKTwuamKRDJg00O5eg00S78t00QKQg00W92g011aVr01A4e,P1Win,,1,0
25,000MWpo168ekp00FJkU01dHHap99dKalB4RLanH50UajVMqwU01uDu9f2NyEgnQirEgmpbxNU00Vf8U00q4ua3gMzWamLh2wamKVlea3gxgwamKDREa3gfMWa3fF3CamKeS4gmK9eNgnPJ3ig019FNdkX4DWp01yFpooVxPfT01w08ae6z2bdnlunPa5lKSr8m3jeu7eFLPr,000LzAp008lvp00iysp00sv1U01daWagCycEp01bPLjpDzprLi4jB2LgfLN0Ld0sfb400Xp5T01yFqagCR1ca00UI79l5vPj9kVLnk9l5DT79kVTr89l5LWU9kW2uV9l5U1I9kWayJzd0qTd7kinwA7kmNlz7kipFH7kmPuI7kirOQ7kmRDR7kitY07kmTN17p8yrf7p8AAm7p8CJv7p8ESE,P1Win,,1,0
26,000MWpo168ekp00FJkU01dHHap99dKalB4RLanH50UajVMqwU01uDu9f2NyEgnQirEgmpbxNU00Vf8U00q4ua3gMzWamLh2wamKVlea3gxgwamKDREa3gfMWa3fF3CamKeS4gmK9eNgnPJ3ig019FNdkX4DWp01yFpooVxPfT01w08ae6z2bdnlunPa5lKSr8m3jeu7eFLPr,000gFEX00adxp00serp00wfNamKeS4amKhz0a2JR0Ma2JT9Yw006bn7ki4rb7kienR7kmEcS7kr66t7kmHXqw00848w009VSw00c62w00efb60hIXD600efbt008BLj1iBdY,P1Win,,1,0
27,000MWpo168ekp00FJkU01dHHap99dKalB4RLanH50UajVMqwU01uDu9f2NyEgnQirEgmpbxNU00Vf8U00q4ua3gMzWamLh2wamKVlea3gxgwamKDREa3gfMWa3fF3CamKeS4gmK9eNgnPJ3ig019FNdkX4DWp01yFpooVxPfT01w08ae6z2bdnlunPa5lKSr8m3jeu7eFLPr,000j6sU00B5C8dvpaFagfOJSt0070Hj15nYTamKeBLamKhiFagfRqR8dr2zqp00ztQLfrRIWLfwFEha3fLMSa3fJ6Tp00y9s40E8OK7oGQQS7oLjyy7oGPfxU01t28aggGq0aggJ6V8dF5B4l9JUfQlcD93ylfwmQgp00efbakdODiakdLWmzd06KHr00YMQ,P1Win,,1,0
28,000MWpo168ekp00FJkU01dHHap99dKalB4RLanH50UajVMqwU01uDu9f2NyEgnQirEgmpbxNU00Vf8U00q4ua3gMzWamLh2wamKVlea3gxgwamKDREa3gfMWa3fF3CamKeS4gmK9eNgnPJ3ig019FNdkX4DWp01yFpooVxPfT01w08ae6z2bdnlunPa5lKSr8m3jeu7eFLPr,000N05X00A6G600ACVw00wkDw00z1zw00BHvw00EosR00z1zamKDW3amKGCTajvdFlaphVplaphY6i4olEbLp01bUEp01cbup011FRp00Lmkp00yISp00YvKp00Yer39Kfutw00xWCE1NTJXjphLbpp01caWp00XFKp01hNb,P1Win,,1,0
29,000MWpo168ekp00FJkU01dHHap99dKalB4RLanH50UajVMqwU01uDu9f2NyEgnQirEgmpbxNU00Vf8U00q4ua3gMzWamLh2wamKVlea3gxgwamKDREa3gfMWa3fF3CamKeS4gmK9eNgnPJ3ig019FNdkX4DWp01yFpooVxPfT01w08ae6z2bdnlunPa5lKSr8m3jeu7eFLPr,000V3NjkF7kwp01fWqp01fVra01fp6a01i629oUFI49oUQsN9oV2dxa3gOi2anu3lOajvpecajvrU7ajvy6cp00MH4p00W6Ip016vBp01fUnp01ARfp01ASj7oQl0w7oQoef7oQrrX9mKvmM9mKG7w9mKQRgE0J5Xkt00UfLaeNJ1kNoQnGs7kev7B7knm227kezWG7knqR7,P2Win,,0,0
30,000MWpo168ekp00FJkU01dHHap99dKalB4RLanH50UajVMqwU01uDu9f2NyEgnQirEgmpbxNU00Vf8U00q4ua3gMzWamLh2wamKVlea3gxgwamKDREa3gfMWa3fF3CamKeS4gmK9eNgnPJ3ig019FNdkX4DWp01yFpooVxPfT01w08ae6z2bdnlunPa5lKSr8m3jeu7eFLPr,000hvOr00ahya009JejnPaG3p00MDNp00Hj8p00Jb9p00Ljzp00sNuhpULlIimOgip8009Jer005okG004jdi3syH1amKgweamKdPhp00lgnakdWIwakdU2Aa00tkJa00qDNNpUSkyl6QLQx9pHwfe904B949096git00gaM,P2Win,,0,0
31,000MWpo168ekp00FJkU01dHHap99dKalB4RLanH50UajVMqwU01uDu9f2NyEgnQirEgmpbxNU00Vf8U00q4ua3gMzWamLh2wamKVlea3gxgwamKDREa3gfMWa3fF3CamKeS4gmK9eNgnPJ3ig019FNdkX4DWp01yFpooVxPfT01w08ae6z2bdnlunPa5lKSr8m3jeu7eFLPr,001m5Jp01ve7p01ya7p01zulr01AOAa3gMCXajvStPamLjdna3gPjYamLlTmt01l1qt01l1qt01l1qt01l1qt01l1qt01l1qt01l1qt01l1qt01l1qt01l1qt01l1qt01l1qt01l1q,P1Win,,1,0
32,000MWpo168ekp00FJkU01dHHap99dKalB4RLanH50UajVMqwU01uDu9f2NyEgnQirEgmpbxNU00Vf8U00q4ua3gMzWamLh2wamKVlea3gxgwamKDREa3gfMWa3fF3CamKeS4gmK9eNgnPJ3ig019FNdkX4DWp01yFpooVxPfT01w08ae6z2bdnlunPa5lKSr8m3jeu7eFLPr,000keDL00wzCT015b3L00lPcakdSJcp01pjTp01uFsp01xlJp01s0bajvBj1t004o0akdVq8jnPaHVp00ksQp01AOxp01mDCa00wRlt004o0t004o0t004o0t004o0t004o0t004o0t004o0t004o0t004o0p00vdAa00ubn,P1Win,,1,0
33,000MWpo168ekp00FJkU01dHHap99dKalB4RLanH50UajVMqwU01uDu9f2NyEgnQirEgmpbxNU00Vf8U00q4ua3gMzWamLh2wamKVlea3gxgwamKDREa3gfMWa3fF3CamKeS4gmK9eNgnPJ3ig019FNdkX4DWp01yFpooVxPfT01w08ae6z2bdnlunPa5lKSr8m3jeu7eFLPr,000vbJj0RqRNO00iNRr007g2a004Ppp00Mn9amKsA8amKpTct00cnF9lepqV9liWvT9lj3FU9o7Dv29o7Lza7kdN2D7kdOUo7kmEds7kmG6w7kmHYdE0mi8fLkzJEnU00tidafaHXWp00uVb8juYCx800tP0ake4pVgoUqPHLiqazvgmKguqp00L2Sp00JHH7ppUz27pq0VTr00UMW,P1Win,,1,0
34,000MWpo168ekp00FJkU01dHHap99dKalB4RLanH50UajVMqwU01uDu9f2NyEgnQirEgmpbxNU00Vf8U00q4ua3gMzWamLh2wamKVlea3gxgwamKDREa3gfMWa3fF3CamKeS4gmK9eNgnPJ3ig019FNdkX4DWp01yFpooVxPfT01w08ae6z2bdnlunPa5lKSr8m3jeu7eFLPr,000xEEjoQ7g5ld0p5ll8F4nMp00w4a7ke6Dy7k9Hav7kmWhA7kizpTa4H6n84ocA63p00Akoake8dQakeaTMp00Kibp00MH6p00O2ran7xA5an7Ah1p00o0FimK7XCT00DAxanPvWQanPyDM8nPyDMg15tajg0VN0Lzd0p5lO00nYFq00PmM800kvW,P1Win,,1,0
35,000MWpo168ekp00FJkU01dHHap99dKalB4RLanH50UajVMqwU01uDu9f2NyEgnQirEgmpbxNU00Vf8U00q4ua3gMzWamLh2wamKVlea3gxgwamKDREa3gfMWa3fF3CamKeS4gmK9eNgnPJ3ig019FNdkX4DWp01yFpooVxPfT01w08ae6z2bdnlunPa5lKSr8m3jeu7eFLPr,000uDNp008kwp00L2ba4l01Ha4l2HEanPz6JanPBMFp00gEIp00IlR9l5vOR9l5zjY9l5CO69l1h1Y9l1kw69l1p5U9kW32h9kRGvy9kRKh47kmMwW7kmO9j7kmPKF7kmRn27kmSYo7kioAG7kiqd37kirOp7kitqL7kiv387kdY347ke0Eq7ke2gM7ke3S97ke5uvT01AOxad1BUdLd0A29j1rFPk,P1Win,,1,0
36,000MWpo168ekp00FJkU01dHHap99dKalB4RLanH50UajVMqwU01uDu9f2NyEgnQirEgmpbxNU00Vf8U00q4ua3gMzWamLh2wamKVlea3gxgwamKDREa3gfMWa3fF3CamKeS4gmK9eNgnPJ3ig019FNdkX4DWp01yFpooVxPfT01w08ae6z2bdnlunPa5lKSr8m3jeu7eFLPr,000ihH9l5vPM9l5AFJ9l1fWp9kVWUN9pcDi6a4kNJba4kL39t00hJHt00hJH9pcO2P409ePtj15nYvamKge29pcTpH7kdLWm7kdOmT7kdPHR7kdRR17kmBvO7kmDVm7kmFhk7kmHqtr01AUgp00y8ip00xkDamKiTXp004jaad05oiad085e9pcIFb1nGjcI1nGmGP,P2Win,,0,0
37,000MWpo168ekp00FJkU01dHHap99dKalB4RLanH50UajVMqwU01uDu9f2NyEgnQirEgmpbxNU00Vf8U00q4ua3gMzWamLh2wamKVlea3gxgwamKDREa3gfMWa3fF3CamKeS4gmK9eNgnPJ3ig019FNdkX4DWp01yFpooVxPfT01w08ae6z2bdnlunPa5lKSr8m3jeu7eFLPr,001ogQa01ATyajvW0UajvYGTp01rtda01ydA4o0gGGT01nJYajvTRWLnYWSSp01A73t01e4nt01e4nt01e4nt01e4nt01e4nt01e4nt01e4nt01e4nt01e4nt01e4nt01e4nt01e4n,P1Win,,1,0
38,000MWpo168ekp00FJkU01dHHap99dKalB4RLanH50UajVMqwU01uDu9f2NyEgnQirEgmpbxNU00Vf8U00q4ua3gMzWamLh2wamKVlea3gxgwamKDREa3gfMWa3fF3CamKeS4gmK9eNgnPJ3ig019FNdkX4DWp01yFpooVxPfT01w08ae6z2bdnlunPa5lKSr8m3jeu7eFLPr,001ekDjkFp4zp01ASQp014jHp01bSrp01lidp016s9ajvJ7nalfPytalkcBYGp4MYdBoDxyXBozcA2t01bUpt01bntt0189QaomiWSaomggWajvL08ajvMRTad5qcA7k1ufn7krWRb7keLM0p01ATnt01aPHg01hyV9oQQba9oQECfq01AUga3CMfJp012uaad5sSpr013jn,P1Win,,1,0
39,000MWpo168ekp00FJkU01dHHap99dKalB4RLanH50UajVMqwU01uDu9f2NyEgnQirEgmpbxNU00Vf8U00q4ua3gMzWamLh2wamKVlea3gxgwamKDREa3gfMWa3fF3CamKeS4gmK9eNgnPJ3ig019FNdkX4DWp01yFpooVxPfT01w08ae6z2bdnlunPa5lKSr8m3jeu7eFLPr,000gI8U00coxU00DixL00f4VLoUcm2L4Yf1gjoCCSp9ilb7j9hkuG7gnP0IWgliNEsa00E6aa00GM6dkAgpjGjuArTanP5iDU00otVO0qJk8anP7Yza00otoa00rakp00f46p00pNKp00zf0r005ETp00lNzU01bP2T01j5Eanu2JYa6vKmTa6vMfEa6vO8pa6vOFka6vRmgp01j6f801efu9lnIBbr0071Vr01ARp,P2Win,,0,0
40,000MWpo168ekp00FJkU01dHHap99dKalB4RLanH50UajVMqwU01uDu9f2NyEgnQirEgmpbxNU00Vf8U00q4ua3gMzWamLh2wamKVlea3gxgwamKDREa3gfMWa3fF3CamKeS4gmK9eNgnPJ3ig019FNdkX4DWp01yFpooVxPfT01w08ae6z2bdnlunPa5lKSr8m3jeu7eFLPr,000D0To01ntAp01AOxo01AOxT00VRD6ppUE3U01un6a1FSNz9eOAkkgnQirE7mxzk69mKMyqU00x5ma3fNVHa1EVeTU004kAa1Eosea1Er9adjuAsygnPqfQajvbtzajveayaolut0r00MrDU01aM1a3guki9hHug1gnPXzDp01uEjp00T5Y7eFLPr,P1Win,,1,0
41,000MWpo168ekp00FJkU01dHHap99dKalB4RLanH50UajVMqwU01uDu9f2NyEgnQirEgmpbxNU00Vf8U00q4ua3gMzWamLh2wamKVlea3gxgwamKDREa3gfMWa3fF3CamKeS4gmK9eNgnPJ3ig019FNdkX4DWp01yFpooVxPfT01w08ae6z2bdnlunPa5lKSr8m3jeu7eFLPr,000i3Lj00fSPjnPaWBp00co9akzMlMakzP2IG008lHu00otmp00ICCp00Hijp00FX0p00ECGp00DinamKe6QamKgMLaoUotpaoUramN00coKimjtzyh004kF7k9kOo7kdKn77kdLYG7kicxl7kie9E7kmDHgr00cqma3frVJp00crA,P1Win,,1,0
42,000MWpo168ekp00FJkU01dHHap99dKalB4RLanH50UajVMqwU01uDu9f2NyEgnQirEgmpbxNU00Vf8U00q4ua3gMzWamLh2wamKVlea3gxgwamKDREa3gfMWa3fF3CamKeS4gmK9eNgnPJ3ig019FNdkX4DWp01yFpooVxPfT01w08ae6z2bdnlunPa5lKSr8m3jeu7eFLPr,000gHSg2ALkYg2AT8np00XV4p00S2mp00IEPp00MoYp00Kgwjmo0P7joyep8lgfsdhp00wgxp00mjPp00bPDinouIoa00uqda00rJca00uoTa00rHSt00c9D9l5CjH9l5G5c9l5JPG7ki9Qq7kieGu7kqXlj7kr3bn7kzLPc7kzQFg4otVER,P2Win,,0,0
43,000MWpo168ekp00FJkU01dHHap99dKalB4RLanH50UajVMqwU01uDu9f2NyEgnQirEgmpbxNU00Vf8U00q4ua3gMzWamLh2wamKVlea3gxgwamKDREa3gfMWa3fF3CamKeS4gmK9eNgnPJ3ig019FNdkX4DWp01yFpooVxPfT01w08ae6z2bdnlunPa5lKSr8m3jeu7eFLPr,001mkpU01t28jmL8Y2p01xBmp01w0EOpRrWxa1sCTBa0O1Szt01leIU01ew1t01lfAa2P1Goa2P4nk8fozH3gmoW2yU00O1DanPJ4S8lwFF27pdSCa7pdXsf41OFX9god7NLg01goDalGijkalGfCoa2Pkexa2Phhd9eKegO7eFOfYgmXMPh,P1Win,,1,0
44,000MWpo168ekp00FJkU01dHHap99dKalB4RLanH50UajVMqwU01uDu9f2NyEgnQirEgmpbxNU00Vf8U00q4ua3gMzWamLh2wamKVlea3gxgwamKDREa3gfMWa3fF3CamKeS4gmK9eNgnPJ3ig019FNdkX4DWp01yFpooVxPfT01w08ae6z2bdnlunPa5lKSr8m3jeu7eFLPr,000i1jp00vaXanoTV1ang984a2aAGSa2aDnT9kVHlS9kVMbO9kRrc89kN8mlt0084C9pcDi69oPGpI9pcO2P9pcT9j9004jw90mdhs90mkx57kdKBo7kdNP77kdPHR7k9ntj7k9qH27k9szM1nBQuW1nBTIFp00flcaeipXd40MTlHj19MIW,P1Win,,1,0
45,000MWpo168ekp00FJkU01dHHap99dKalB4RLanH50UajVMqwU01uDu9f2NyEgnQirEgmpbxNU00Vf8U00q4ua3gMzWamLh2wamKVlea3gxgwamKDREa3gfMWa3fF3CamKeS4gmK9eNgnPJ3ig019FNdkX4DWp01yFpooVxPfT01w08ae6z2bdnlunPa5lKSr8m3jeu7eFLPr,000heeU00uniU01fQRU00ez2U00x5TU00L4mT01lfRT014At4kdOGdj2SEasa00wNX800wNXapVnGx800KfDa6vy1pa6vAHla6vOFNa6vRmJa2XRAOa2XUhKa3owuPa3ozbLg00dKjgoy7GPgn6Ys1N1ebrJ800gY2p01AhPp01A2ev00c72p00x6Kp00x7Bp00wAJ800cIxp01zOT,Draw,,0,0.5
46,000MWpo168ekp00FJkU01dHHap99dKalB4RLanH50UajVMqwU01uDu9f2NyEgnQirEgmpbxNU00Vf8U00q4ua3gMzWamLh2wamKVlea3gxgwamKDREa3gfMWa3fF3CamKeS4gmK9eNgnPJ3ig019FNdkX4DWp01yFpooVxPfT01w08ae6z2bdnlunPa5lKSr8m3jeu7eFLPr,000dYpjn74fbjpheAsjm1YkVjoccDxy00dr0p00vrmp00uUbp00tQdFjuArVt00hcvr00f4At009VSt009VSt009VSt009VS,P1Win,,1,0
47,000MWpo168ekp00FJkU01dHHap99dKalB4RLanH50UajVMqwU01uDu9f2NyEgnQirEgmpbxNU00Vf8U00q4ua3gMzWamLh2wamKVlea3gxgwamKDREa3gfMWa3fF3CamKeS4gmK9eNgnPJ3ig019FNdkX4DWp01yFpooVxPfT01w08ae6z2bdnlunPa5lKSr8m3jeu7eFLPr,000e1rjmK2xOjoUcT6jlEWDAjnPaWgyoLo8OF00raDt00dJRt00coTt00mBVt00p2at00nqmp00Rdpp00FFtp00BV2r00vcj,P1Win,,1,0
48,000MWpo168ekp00FJkU01dHHap99dKalB4RLanH50UajVMqwU01uDu9f2NyEgnQirEgmpbxNU00Vf8U00q4ua3gMzWamLh2wamKVlea3gxgwamKDREa3gfMWa3fF3CamKeS4gmK9eNgnPJ3ig019FNdkX4DWp01yFpooVxPfT01w08ae6z2bdnlunPa5lKSr8m3jeu7eFLPr,000NKQajzIi2ajzKXXaoySbRaoq7nWp01AOxp016bGp01kJHp01pyQp01vJ0t00NKQt00NKQt00NKQt00NKQt00NKQt00NKQt00NKQt00NKQt00NKQt00NKQt00NKQt00NKQt00NKQr01AT8,P1Win,,1,0
49,000MWpo168ekp00FJkU01dHHap99dKalB4RLanH50UajVMqwU01uDu9f2NyEgnQirEgmpbxNU00Vf8U00q4ua3gMzWamLh2wamKVlea3gxgwamKDREa3gfMWa3fF3CamKeS4gmK9eNgnPJ3ig019FNdkX4DWp01yFpooVxPfT01w08ae6z2bdnlunPa5lKSr8m3jeu7eFLPr,000MbTjnPGXvp00MHDakAqmdakAt39p015bRa00V41a00WVOa00YOBp00XrDp016vQangFb6angHR2adVR4FGjvgBSt00IHmt00IHmt00IHmt00IHmt00IHmt00IHmt00IHmt00IHmt00IHmt00IHm,P1Win,,1,0
50,000MWpo168ekp00FJkU01dHHap99dKalB4RLanH50UajVMqwU01uDu9f2NyEgnQirEgmpbxNU00Vf8U00q4ua3gMzWamLh2wamKVlea3gxgwamKDREa3gfMWa3fF3CamKeS4gmK9eNgnPJ3ig019FNdkX4DWp01yFpooVxPfT01w08ae6z2bdnlunPa5lKSr8m3jeu7eFLPr,000w4ij0IzuUj3fONaa00IH0ajv2nO3d0h2VF00wS3y6v2Eut00ohst00ohst00ohst00ohst00ohst00ohst00ohsamKkAFa00G13,P1Win,,1,0
51,000MWpo168ekp00FJkU01dHHap99dKalB4RLanH50UajVMqwU01uDu9f2NyEgnQirEgmpbxNU00Vf8U00q4ua3gMzWamLh2wamKVlea3gxgwamKDREa3gfMWa3fF3CamKeS4gmK9eNgnPJ3ig019FNdkX4DWp01yFpooVxPfT01w08ae6z2bdnlunPa5lKSr8m3jeu7eFLPr,000gFla3fGWba3fJDbp00vaXamKjI9amKguq7kdR3P7kdPYg7kialP7kibqp7kmBMd7kmCQM9oLkSf9oLsW39otzPO9kVTqG9kVLn19leArm9lesny9lekjTa9JOSca9JRz7p00vIht00fAGt00fkit004jjj15nYv4o7UXHr01x7Er01ABc3d05or,P1Win,,1,0
52,000MWpo168ekp00FJkU01dHHap99dKalB4RLanH50UajVMqwU01uDu9f2NyEgnQirEgmpbxNU00Vf8U00q4ua3gMzWamLh2wamKVlea3gxgwamKDREa3gfMWa3fF3CamKeS4gmK9eNgnPJ3ig019FNdkX4DWp01yFpooVxPfT01w08ae6z2bdnlunPa5lKSr8m3jeu7eFLPr,001gtMa3gQrbp01ATHaoVxTRanQq3ip01ASyakeUmgajvP23ajvN9hp01s1ap01j9bp01ahcaci2PGGjvAf59oV6fr9oVcXh9oVjG7t01dMT9nQ14N9nQ7MD9nQevt9mKUTa9mL2C09mL9kP7p4V5i7p4XLe7p51sa7o4fE67o4il27o4l1Xjn8dJx7ncnHM7ncqoI7nct5Ep01ucp,P2Win,,0,0
53,000MWpo168ekp00FJkU01dHHap99dKalB4RLanH50UajVMqwU01uDu9f2NyEgnQirEgmpbxNU00Vf8U00q4ua3gMzWamLh2wamKVlea3gxgwamKDREa3gfMWa3fF3CamKeS4gmK9eNgnPJ3ig019FNdkX4DWp01yFpooVxPfT01w08ae6z2bdnlunPa5lKSr8m3jeu7eFLPr,000LzAp009WRp00iysp00sv1U01qlejpDzpra2b8Kma2b64op01A1ma3fzcr9oy3Cs9oCwoN9oH0b99oLsWu9oPVIPgpRBC7gnQeWxgmgjyN7p49GN7p4aLl7p4bPU7p4cUu7p4e047kelC77kekxx7kiEYG7kiDU77kn7q47kn6luxk9usYxk52LdangwLGr00jpFp00W3oaaxlipancaIb,P1Win,,1,0
54,000MWpo168ekp00FJkU01dHHap99dKalB4RLanH50UajVMqwU01uDu9f2NyEgnQirEgmpbxNU00Vf8U00q4ua3gMzWamLh2wamKVlea3gxgwamKDREa3gfMWa3fF3CamKeS4gmK9eNgnPJ3ig019FNdkX4DWp01yFpooVxPfT01w08ae6z2bdnlunPa5lKSr8m3jeu7eFLPr,000unEj15E7fa1NMG4a1NPn1p00JpOaoLPMuaoLStqp00Ekat00f4bp006sAr008m0a7MRLm7kdHEl7kdKS47kdO6M7krcxT7krfLA7krj0i9kVK2c9kVULV9kW6ws9l9Xgw9la91g9lajKM9lnbuQ9lnmfA9lnx074nPu1cleroo8abxXuI,P2Win,,0,0
55,000MWpo168ekp00FJkU01dHHap99dKalB4RLanH50UajVMqwU01uDu9f2NyEgnQirEgmpbxNU00Vf8U00q4ua3gMzWamLh2wamKVlea3gxgwamKDREa3gfMWa3fF3CamKeS4gmK9eNgnPJ3ig019FNdkX4DWp01yFpooVxPfT01w08ae6z2bdnlunPa5lKSr8m3jeu7eFLPr,001i69T004okafrRNvan6UsmjoqtrHp01AUbakFrcuakwFosahyGSCp00Tqkp01gbIp01qosp01AAfp01ASTioq38s9nUpxr9nHuzQ9mKQ459mL9kP7nQ5TS7nYYvf7oV8EY7p0CfvjmgfRD7ncp3K7ncvvc7ngR1Up01AS8a1x5Wc9oVm6E9p0zib9oQzvLp01ATzao4CtUao4FaQ,P1Win,,1,0
56,000MWpo168ekp00FJkU01dHHap99dKalB4RLanH50UajVMqwU01uDu9f2NyEgnQirEgmpbxNU00Vf8U00q4ua3gMzWamLh2wamKVlea3gxgwamKDREa3gfMWa3fF3CamKeS4gmK9eNgnPJ3ig019FNdkX4DWp01yFpooVxPfT01w08ae6z2bdnlunPa5lKSr8m3jeu7eFLPr,000iOM7kmyOS7kmAYbamKf9sa15xFL9lelF87kdN277kdPbej15nYC9kVIGm9kRw2k6004iCX0056St00855p004nGa4kp4Hp00AOfp00ztNw004iCw006Iaw0098HimnPAXamKhPop00izwa15AmI,P2Win,,0,0
57,000MWpo168ekp00FJkU01dHHap99dKalB4RLanH50UajVMqwU01uDu9f2NyEgnQirEgmpbxNU00Vf8U00q4ua3gMzWamLh2wamKVlea3gxgwamKDREa3gfMWa3fF3CamKeS4gmK9eNgnPJ3ig019FNdkX4DWp01yFpooVxPfT01w08ae6z2bdnlunPa5lKSr8m3jeu7eFLPr,000w4it00pSOt00ohst00pSOt00ohst00pSOt00ohst00pSOt00ohst00pSOt00ohst00pSOt00oxQa00Ftga00Hm2a00JeMajv54Majv6Wxajv8Pit00oxQp004o5r004o5,Draw,,0,0.5
58,000MWpo168ekp00FJkU01dHHap99dKalB4RLanH50UajVMqwU01uDu9f2NyEgnQirEgmpbxNU00Vf8U00q4ua3gMzWamLh2wamKVlea3gxgwamKDREa3gfMWa3fF3CamKeS4gmK9eNgnPJ3ig019FNdkX4DWp01yFpooVxPfT01w08ae6z2bdnlunPa5lKSr8m3jeu7eFLPr,000e2eU01nYAU01phBp00Inlp00zKWp00p0tU00ABLT00S1Xp00sMxU00cpxp00EAfp00CtuL0R8neLm6nQyjoUfRigm1Th2glEOQTa3fQ88a3fSO4a01qEXa3gDuWa01qC2a01nV6amK36lajuJStp00iyPO0dhAzr0071IGjuBNIdjv6oKdjv95Ga6zLsJa6zILO9hkual9i3xBLa00TmYa00W3UU00Tnw,P1Win,,1,0
59,000MWpo168ekp00FJkU01dHHap99dKalB4RLanH50UajVMqwU01uDu9f2NyEgnQirEgmpbxNU00Vf8U00q4ua3gMzWamLh2wamKVlea3gxgwamKDREa3gfMWa3fF3CamKeS4gmK9eNgnPJ3ig019FNdkX4DWp01yFpooVxPfT01w08ae6z2bdnlunPa5lKSr8m3jeu7eFLPr,000P6Ro0eoSBp01n7EoouPqNaljY7xalk1Ntp017iPp01tDfp01ABMp01fSyamKPr4p0101F9oHs9A9oHyB39puNSL9puYno9pv93vg2fgRu7p09ai7p0bjq7p0dIX7p08m8zdN7SqzdN8GBp00ORB800GhOjmY67tp01g9dE0ru487k5yvc7k5BIT7k5wCu7kemIG7keoBq7kerPa,P1Win,,1,0
60,000MWpo168ekp00FJkU01dHHap99dKalB4RLanH50UajVMqwU01uDu9f2NyEgnQirEgmpbxNU00Vf8U00q4ua3gMzWamLh2wamKVlea3gxgwamKDREa3gfMWa3fF3CamKeS4gmK9eNgnPJ3ig019FNdkX4DWp01yFpooVxPfT01w08ae6z2bdnlunPa5lKSr8m3jeu7eFLPr,000e3RjmBh3LimSExEp00iROajquyEajuQC9laTkFQl6uALBl96cAxSmX4OpOpUO5ROpQruzp00wBy4nKUEcp01ARPp00XVYp00wO9p01APvp00PVcp01fUjp00TrJan7goWanPhakp00W67r00wB1a1WwWka1Wugor00b74,P2Win,,0,0
61,000MWpo168ekp00FJkU01dHHap99dKalB4RLanH50UajVMqwU01uDu9f2NyEgnQirEgmpbxNU00Vf8U00q4ua3gMzWamLh2wamKVlea3gxgwamKDREa3gfMWa3fF3CamKeS4gmK9eNgnPJ3ig019FNdkX4DWp01yFpooVxPfT01w08ae6z2bdnlunPa5lKSr8m3jeu7eFLPr,000yW6j1Aukdt00vaXp00QFraljsFvT01htka6vIu9a6mVS1a6eagSa54J7ur01htVp00ONgr00ICUr01hvFt00j5h9la6k39laenQ9lamrE9oYANv9oYIRj9oYQV7r00f3B41npHd7kr3Wc7kr51L7kr66l7kr7aU7kmQPf7kmRTO7kmSYo7kmU3XO04HyjE2jpYea6uHpg,P2Win,,0,0
62,000MWpo168ekp00FJkU01dHHap99dKalB4RLanH50UajVMqwU01uDu9f2NyEgnQirEgmpbxNU00Vf8U00q4ua3gMzWamLh2wamKVlea3gxgwamKDREa3gfMWa3fF3CamKeS4gmK9eNgnPJ3ig019FNdkX4DWp01yFpooVxPfT01w08ae6z2bdnlunPa5lKSr8m3jeu7eFLPr,000e2dzd05u1p010xqo0qJ6Qopi3jfr00nWOr00nXjr00nXNp00nWjzd0lgVzd0m57zd0mSizd0nGtzd0ouEzd0piPzd06iczd076np00b6Hzd0cGyzd0duIzd0eiTzd0f75zd4xaLzd4xXWzd4yM8zd4zAjzd4Aou,P2Win,,0,0
63,000MWpo168ekp00FJkU01dHHap99dKalB4RLanH50UajVMqwU01uDu9f2NyEgnQirEgmpbxNU00Vf8U00q4ua3gMzWamLh2wamKVlea3gxgwamKDREa3gfMWa3fF3CamKeS4gmK9eNgnPJ3ig019FNdkX4DWp01yFpooVxPfT01w08ae6z2bdnlunPa5lKSr8m3jeu7eFLPr,000A63jn7npPp00UvXp011Ghp012dcp01f64amKAruamKxKtp00P72a00N09a00Kjb800Iazajv3IFajv6pzGmKbYB7k9z7W7k9D9Q7k9Gnz7kivFD7kizHx7kiCVg7oH83P7nC2Sc7oHaJL7nC5z87oHdqH7nC8g47oHfQf7nCaFB9oUD289oUsho9oUhwEN09enHU01evTa3gwIJr013ArO00wS3,P1Win,,1,0
64,000MWpo168ekp00FJkU01dHHap99dKalB4RLanH50UajVMqwU01uDu9f2NyEgnQirEgmpbxNU00Vf8U00q4ua3gMzWamLh2wamKVlea3gxgwamKDREa3gfMWa3fF3CamKeS4gmK9eNgnPJ3ig019FNdkX4DWp01yFpooVxPfT01w08ae6z2bdnlunPa5lKSr8m3jeu7eFLPr,0017Scjk1sD14n85pmajvBAnajvyTvp01A6GamL6SBamL4cEp01uH6p01m6bp01dewp014mxN0eeFEa1sBD4p01tn7a1sEk0p013M3p013NQp013MWt00TrRt00TrRO05tWht00TrR7pzEja7pi5y77p0o0E7oHMmQ7o8w4l7nLvG67nylFu7ngE827oqdBNr013L9ioHBSv,P1Win,,1,0
65,000MWpo168ekp00FJkU01dHHap99dKalB4RLanH50UajVMqwU01uDu9f2NyEgnQirEgmpbxNU00Vf8U00q4ua3gMzWamLh2wamKVlea3gxgwamKDREa3gfMWa3fF3CamKeS4gmK9eNgnPJ3ig019FNdkX4DWp01yFpooVxPfT01w08ae6z2bdnlunPa5lKSr8m3jeu7eFLPr,000e1It00hwAt00hwAt00hwAt00hwAt00hwAt00hwAt00hwAt00hwAt00hwAt00hwAt00hwAt00hwAt00hwAp00xBTp00KMXp00GvKp00n8Jp00Wn9p011Egp00cUHp01du5p01hvap01a0Yp00TEmp01l1Hp00WUL,P1Win,,1,0
66,000MWpo168ekp00FJkU01dHHap99dKalB4RLanH50UajVMqwU01uDu9f2NyEgnQirEgmpbxNU00Vf8U00q4ua3gMzWamLh2wamKVlea3gxgwamKDREa3gfMWa3fF3CamKeS4gmK9eNgnPJ3ig019FNdkX4DWp01yFpooVxPfT01w08ae6z2bdnlunPa5lKSr8m3jeu7eFLPr,001ekDjkFp4zp01i4tp0173lp015nvp01tSMp014Qpp00WEjp01ASNq01A6Rp00VkAamYy7kamYANgajvJ7najvL08ajvMRTa3gQrbGjvtfug05COg7k1vAl7kFcb57kjckCt019uRt01aj4t01aj5BoDxyXBoI00l9oMfRN9oQPTL7oVblU7olVon7nQ6bh7nQ2pL7olRCR7oV7Apa9JOX6,P1Win,,1,0
67,000MWpo168ekp00FJkU01dHHap99dKalB4RLanH50UajVMqwU01uDu9f2NyEgnQirEgmpbxNU00Vf8U00q4ua3gMzWamLh2wamKVlea3gxgwamKDREa3gfMWa3fF3CamKeS4gmK9eNgnPJ3ig019FNdkX4DWp01yFpooVxPfT01w08ae6z2bdnlunPa5lKSr8m3jeu7eFLPr,000wgap00iOmr01hcPa3gAKDT01x47a6rH7Va6rEr0j1iRlr9kWcaE9kW46Q9kVV339kVMYfp00adLa0IKsva0IN9vp00MDCaphO4oaphLns400Im47kmw8WinKz5M8fbEJt7kmzmF7kmCAo7kvmfc7kvpsU7kvsqfp007xuh2SlQPxki7ETxkdS8pzcHHcazbQ3WUp00LjdvjDoVC,P1Win,,1,0
68,000MWpo168ekp00FJkU01dHHap99dKalB4RLanH50UajVMqwU01uDu9f2NyEgnQirEgmpbxNU00Vf8U00q4ua3gMzWamLh2wamKVlea3gxgwamKDREa3gfMWa3fF3CamKeS4gmK9eNgnPJ3ig019FNdkX4DWp01yFpooVxPfT01w08ae6z2bdnlunPa5lKSr8m3jeu7eFLPr,001lzPad1dy8a9KURfaivaoAaivd5wamLeFUa01uYKa01xFIt01jH0t01jXot01jXot01jXot01jXot01jqBt01jqBt01jqBt01jqBt01jqBt01jqBt01jqBp01de9p01zg7p011XPa3gQaMp01ovy,P1Win,,1,0
69,000MWpo168ekp00FJkU01dHHap99dKalB4RLanH50UajVMqwU01uDu9f2NyEgnQirEgmpbxNU00Vf8U00q4ua3gMzWamLh2wamKVlea3gxgwamKDREa3gfMWa3fF3CamKeS4gmK9eNgnPJ3ig019FNdkX4DWp01yFpooVxPfT01w08ae6z2bdnlunPa5lKSr8m3jeu7eFLPr,000gGv40MTmaT00uU38n7fN6amKctcamKfa7zd086yimwCKHt006K2a15xGD90m63a90me6F90mmat7k9ndW7kidQW7kig157k9tFmp01ARW9l5vQc9oU1kE9oUg6XjnkkrP9l1fag9l1ne41nP4dwE15dws1nP7aN1nPa88p00oKi,P1Win,,1,0
70,000MWpo168ekp00FJkU01dHHap99dKalB4RLanH50UajVMqwU01uDu9f2NyEgnQirEgmpbxNU00Vf8U00q4ua3gMzWamLh2wamKVlea3gxgwamKDREa3gfMWa3fF3CamKeS4gmK9eNgnPJ3ig019FNdkX4DWp01yFpooVxPfT01w08ae6z2bdnlunPa5lKSr8m3jeu7eFLPr,000iOucl5DSFp00wfAcl5ODpcmJY1QcmK9LA9oU9n89oU40q9oUeK09oUk7RjnGma37kmEt97kmHa57kmJQ11nTwXP1nTzEL1nTClHD00iNRa6uzlCamKjYxbkIy8Ixk4TqJxk9lR2xkdNik9la3D7r005UGT01AOya6w6Rna6w4br8jw6StLd09aB,P1Win,,1,0
71,000MWpo168ekp00FJkU01dHHap99dKalB4RLanH50UajVMqwU01uDu9f2NyEgnQirEgmpbxNU00Vf8U00q4ua3gMzWamLh2wamKVlea3gxgwamKDREa3gfMWa3fF3CamKeS4gmK9eNgnPJ3ig019FNdkX4DWp01yFpooVxPfT01w08ae6z2bdnlunPa5lKSr8m3jeu7eFLPr,000wB5joLHwEapdhltapdk2tp00B9GaljeKzaljhrvGgomCXp00hgDX00gu3204SVyp01bBCp018oLp015bSp011XW80NcXsO00cYoO00foVO00hOtO00kf1w00cYow00eR9w00gJTw00iCEw00kf1akmIP2v9JOX6,P1Win,,1,0
72,000MWpo168ekp00FJkU01dHHap99dKalB4RLanH50UajVMqwU01uDu9f2NyEgnQirEgmpbxNU00Vf8U00q4ua3gMzWamLh2wamKVlea3gxgwamKDREa3gfMWa3fF3CamKeS4gmK9eNgnPJ3ig019FNdkX4DWp01yFpooVxPfT01w08ae6z2bdnlunPa5lKSr8m3jeu7eFLPr,000e3Rp00Jvfp00UK8p00xEMp01AB1a09fba4mKfuQ809bXaakEhfON0dmJ9jnkkwy204EX6a04S7Ep00uskakN8qH7oU8oh7oGXnF7opeWs7oc4VQ7nXTVf7nGbv27nt1uq7nfQtO7kvkIy7kvmBj7jV9ww7kvqmO7k0C2tO00cIxr01hOyla6UIdlby67b,P2Win,,0,0
73,000MWpo168ekp00FJkU01dHHap99dKalB4RLanH50UajVMqwU01uDu9f2NyEgnQirEgmpbxNU00Vf8U00q4ua3gMzWamLh2wamKVlea3gxgwamKDREa3gfMWa3fF3CamKeS4gmK9eNgnPJ3ig019FNdkX4DWp01yFpooVxPfT01w08ae6z2bdnlunPa5lKSr8m3jeu7eFLPr,000qVy604EVrapQNv8apMrrF4o3GKRjnxJ0NN0DTSYOpDm15lgfBT8p01mzLp01lMzp01lgKp01kJUp01kurxk58bNxkdYmyxkmKqW7kdX1B7ke0Hv7ke3or7kmPxm7kmMQr7kmSekanCgNGioYt59p0088I,P1Win,,1,0
74,000MWpo168ekp00FJkU01dHHap99dKalB4RLanH50UajVMqwU01uDu9f2NyEgnQirEgmpbxNU00Vf8U00q4ua3gMzWamLh2wamKVlea3gxgwamKDREa3gfMWa3fF3CamKeS4gmK9eNgnPJ3ig019FNdkX4DWp01yFpooVxPfT01w08ae6z2bdnlunPa5lKSr8m3jeu7eFLPr,000i3hjlEWDvjnP7YMjoUcT3jmK2xLF00oJUyliUDUp00S1Op00M8cp00GuXr00tldt00nWht00nWht00nWht00nWht00nWh,P1Win,,1,0
75,000MWpo168ekp00FJkU01dHHap99dKalB4RLanH50UajVMqwU01uDu9f2NyEgnQirEgmpbxNU00Vf8U00q4ua3gMzWamLh2wamKVlea3gxgwamKDREa3gfMWa3fF3CamKeS4gmK9eNgnPJ3ig019FNdkX4DWp01yFpooVxPfT01w08ae6z2bdnlunPa5lKSr8m3jeu7eFLPr,000i3Et00gsa7kdPLa7kdRUj7kdU4s7kdOqc7kmFkC7kmHtL7kmBz760dlC0jnPaG6a00sxba00veaajuRUPp00phYajuUBL4ocmTDp00D1eld09tllby2j6la6U8Ql8EMXBp00Hz9p00L3u,P1Win,,1,0
76,000MWpo168ekp00FJkU01dHHap99dKalB4RLanH50UajVMqwU01uDu9f2NyEgnQirEgmpbxNU00Vf8U00q4ua3gMzWamLh2wamKVlea3gxgwamKDREa3gfMWa3fF3CamKeS4gmK9eNgnPJ3ig019FNdkX4DWp01yFpooVxPfT01w08ae6z2bdnlunPa5lKSr8m3jeu7eFLPr,000LRMp00tAJp00LSIp0157Fp01fTtp01pidp01yFWt00JITyk5uKvF00KMpjmXM3kjkNEULa11BYka11EFht00JITt00JITt00JITt00JITt00JITt00JIT,P1Win,,1,0
77,000MWpo168ekp00FJkU01dHHap99dKalB4RLanH50UajVMqwU01uDu9f2NyEgnQirEgmpbxNU00Vf8U00q4ua3gMzWamLh2wamKVlea3gxgwamKDREa3gfMWa3fF3CamKeS4gmK9eNgnPJ3ig019FNdkX4DWp01yFpooVxPfT01w08ae6z2bdnlunPa5lKSr8m3jeu7eFLPr,000dYpjmOwmSO04y9xU01bOXp00nVBp00p0ha00pNOa00n7S40dBHbp00qkSt004zSa01efuaiqCwqgpdHAHgn7VYRaotY25aotVl97kmw8W7kmzmF7kmCAo7kzKIf7kzNVX7kzRaG7oLgzW7oLjNF7oLn2or01ATQ9l5yvNt004Qg9l5CxH9l5GzB9l5KBv,P1Win,,1,0
78,000MWpo168ekp00FJkU01dHHap99dKalB4RLanH50UajVMqwU01uDu9f2NyEgnQirEgmpbxNU00Vf8U00q4ua3gMzWamLh2wamKVlea3gxgwamKDREa3gfMWa3fF3CamKeS4gmK9eNgnPJ3ig019FNdkX4DWp01yFpooVxPfT01w08ae6z2bdnlunPa5lKSr8m3jeu7eFLPr,000i1j9kMV0o9kN4439kNc7Q9l9WIB9la5Mg9ladQ4j0RaKb7kdPYg7kdR3P7kialP7kibqp7kmBMd7kmCQM9oy1Jp9oLn2o9oLv6cp00wwra4kPSnt00htsa4gorWamKguqamKjbmt00hd6t00ihGp007x2p00yoGa9JOShp00V4ra9JRz7,P1Win,,1,0
79,000MWpo168ekp00FJkU01dHHap99dKalB4RLanH50UajVMqwU01uDu9f2NyEgnQirEgmpbxNU00Vf8U00q4ua3gMzWamLh2wamKVlea3gxgwamKDREa3gfMWa3fF3CamKeS4gmK9eNgnPJ3ig019FNdkX4DWp01yFpooVxPfT01w08ae6z2bdnlunPa5lKSr8m3jeu7eFLPr,000j7S7opjsf7opmG07opoyI7pUT8s7pUPTLt0086Mp00xmCp00ERT4oHd6yanGxt4anGAa5a2jqPaa04TqqEpumKq7kmEeA7kdQOg7kiib47kdUjn7kmB0R7kdNR17kifdLjnxxGY9l1cLt9l1neQp00bj1p00HgTajz0dG9ogmDs9oguXm9oce1k9plsCh9plG3Ezdv0tA,P2Win,,0,0
80,000MWpo168ekp00FJkU01dHHap99dKalB4RLanH50UajVMqwU01uDu9f2NyEgnQirEgmpbxNU00Vf8U00q4ua3gMzWamLh2wamKVlea3gxgwamKDREa3gfMWa3fF3CamKeS4gmK9eNgnPJ3ig019FNdkX4DWp01yFpooVxPfT01w08ae6z2bdnlunPa5lKSr8m3jeu7eFLPr,000kYga1envTp00Ns0X008C9p00bODj1iBeiamjOKxw004jlw005UFw007gDw008S0w00adXw00byVw00cTUO006c4GgfptTa1eqcSamjRrqalw6avalw8QrO008ldO00aumO00cDv,P1Win,,1,0
81,000MWpo168ekp00FJkU01dHHap99dKalB4RLanH50UajVMqwU01uDu9f2NyEgnQirEgmpbxNU00Vf8U00q4ua3gMzWamLh2wamKVlea3gxgwamKDREa3gfMWa3fF3CamKeS4gmK9eNgnPJ3ig019FNdkX4DWp01yFpooVxPfT01w08ae6z2bdnlunPa5lKSr8m3jeu7eFLPr,001iz1U01p0fU01fQRa3gG8va3gy4HaggExfaggwtrgpihhHgn85AsgkWSTdgpiqGtgn8f0egkX3iY9esqxjp01x61O01efGt01iyOt01iyOT01yFXr01ewCp01xSur00SjGp013Mpa00S2Kr009HnamJVmga3gPxja3gMQnan8cjMan89CNj1stu1,P1Win,,1,0
82,000MWpo168ekp00FJkU01dHHap99dKalB4RLanH50UajVMqwU01uDu9f2NyEgnQirEgmpbxNU00Vf8U00q4ua3gMzWamLh2wamKVlea3gxgwamKDREa3gfMWa3fF3CamKeS4gmK9eNgnPJ3ig019FNdkX4DWp01yFpooVxPfT01w08ae6z2bdnlunPa5lKSr8m3jeu7eFLPr,000e1Fj0mhBPp004o5p00yFyp00wNtp00u8fp00rInF00p1Fyee79Ha00pQap00i1QamKbG6t009I9t009I9t009I9t009I9t009I9t009I9t009I9joc9Ii,P1Win,,1,0
83,000MWpo168ekp00FJkU01dHHap99dKalB4RLanH50UajVMqwU01uDu9f2NyEgnQirEgmpbxNU00Vf8U00q4ua3gMzWamLh2wamKVlea3gxgwamKDREa3gfMWa3fF3CamKeS4gmK9eNgnPJ3ig019FNdkX4DWp01yFpooVxPfT01w08ae6z2bdnlunPa5lKSr8m3jeu7eFLPr,000SmGjnPX6Qajvym5ajvAeNajvC7Ap01ax1p00Tppp012tdp01iDma01iCOa01ljKG00IFop01iBot00O4Ut00O4Ut00O4Up01ARYp01ARup01iCn7ken3N7kepJJ7kesqF7keuQda9KzCoad05u1p01AR0t00O4U9oyWNo9oyOJA9oyGFM7oyNoC7oyI1KE2bcRbamL2AkamL5hga2bLgxp01s29,P1Win,,1,0
84,000MWpo168ekp00FJkU01dHHap99dKalB4RLanH50UajVMqwU01uDu9f2NyEgnQirEgmpbxNU00Vf8U00q4ua3gMzWamLh2wamKVlea3gxgwamKDREa3gfMWa3fF3CamKeS4gmK9eNgnPJ3ig019FNdkX4DWp01yFpooVxPfT01w08ae6z2bdnlunPa5lKSr8m3jeu7eFLPr,000gFut008B0t00hcAj21EFgp00AxTa26eU2a21MtCamKjbm7oLgzW7oLjNF7oLmL07kdHE4p00vYX7kdKRM7kdO6v7kqWem7kr0s57kr3FN9kRrc89kRzMI9lesUl9leBvV9oLcOr9oLu1CamKlRiLi3Ei1ahlyGK9lekjK9kRiAxU01cTB9oLlq2,P1Win,,1,0
85,000MWpo168ekp00FJkU01dHHap99dKalB4RLanH50UajVMqwU01uDu9f2NyEgnQirEgmpbxNU00Vf8U00q4ua3gMzWamLh2wamKVlea3gxgwamKDREa3gfMWa3fF3CamKeS4gmK9eNgnPJ3ig019FNdkX4DWp01yFpooVxPfT01w08ae6z2bdnlunPa5lKSr8m3jeu7eFLPr,000dYpj15l2bjoUcRfj00g7VjnP7X0yoUcRfF00lLch6uKTnlfariulchduMlaP6AV,P2Win,,0,0
86,000MWpo168ekp00FJkU01dHHap99dKalB4RLanH50UajVMqwU01uDu9f2NyEgnQirEgmpbxNU00Vf8U00q4ua3gMzWamLh2wamKVlea3gxgwamKDREa3gfMWa3fF3CamKeS4gmK9eNgnPJ3ig019FNdkX4DWp01yFpooVxPfT01w08ae6z2bdnlunPa5lKSr8m3jeu7eFLPr,000m3np00NYvp00Ljea00vbTa00xRRimFzP9t00j5iagCOkgagCR1cU01yFtLd0ds68d1x58LfSvhHLi3X6yj00w07j1NrHk40mAW6a00zcR7kinw77kdYQg7kipFi7ke20r7kirOp7ke49x7kitXy7ke6iG9l1f9e9lanMC9l1szV9laalWp00ICWp00FWF9pDnzi,P2Win,,0,0
87,000MWpo168ekp00FJkU01dHHap99dKalB4RLanH50UajVMqwU01uDu9f2NyEgnQirEgmpbxNU00Vf8U00q4ua3gMzWamLh2wamKVlea3gxgwamKDREa3gfMWa3fF3CamKeS4gmK9eNgnPJ3ig019FNdkX4DWp01yFpooVxPfT01w08ae6z2bdnlunPa5lKSr8m3jeu7eFLPr,000i4la00veQa00sxQj0Vzh4joUg8Np00CKep00Dhpp00DNAp00E4np00Ekat008Evt008EvamK8tvamKbaoq00tCb7kibJG7kmBP77kr2Uu7kvvGN7kzVMe7kEmRFin6Ur1ld0kuag2amKAg2apYhg2attn7oUg8N7phhR17pDjAer00EQk,P1Win,,1,0
88,000MWpo168ekp00FJkU01dHHap99dKalB4RLanH50UajVMqwU01uDu9f2NyEgnQirEgmpbxNU00Vf8U00q4ua3gMzWamLh2wamKVlea3gxgwamKDREa3gfMWa3fF3CamKeS4gmK9eNgnPJ3ig019FNdkX4DWp01yFpooVxPfT01w08ae6z2bdnlunPa5lKSr8m3jeu7eFLPr,000e22t009G9U00A4UU01dY6a01i10a01fk4p01wMDopizyso00QuLajuJSlajuMziU01pgCa01sKJa01q4Ng01lv7g01aKna01AOx9eBaIT9eBoazO00aKbp00BW58jv7thO00BFJ3mokcp3mol0A3molNLIkAcDUIkEBomIkJ18N,P1Win,,1,0
89,000MWpo168ekp00FJkU01dHHap99dKalB4RLanH50UajVMqwU01uDu9f2NyEgnQirEgmpbxNU00Vf8U00q4ua3gMzWamLh2wamKVlea3gxgwamKDREa3gfMWa3fF3CamKeS4gmK9eNgnPJ3ig019FNdkX4DWp01yFpooVxPfT01w08ae6z2bdnlunPa5lKSr8m3jeu7eFLPr,000e1qj0hV5Wjogyc6ypq64Ap00HgFp00FVop00ERwp00DgRp00BVBFmfarWG004joake2i5ake4aPp00rrip004jVake0pkt00e1kt00e1kt00e1kt00e1kt00e1kt00e1kr00AkY,P1Win,,1,0
90,000MWpo168ekp00FJkU01dHHap99dKalB4RLanH50UajVMqwU01uDu9f2NyEgnQirEgmpbxNU00Vf8U00q4ua3gMzWamLh2wamKVlea3gxgwamKDREa3gfMWa3fF3CamKeS4gmK9eNgnPJ3ig019FNdkX4DWp01yFpooVxPfT01w08ae6z2bdnlunPa5lKSr8m3jeu7eFLPr,000e05U01evSU01uDua01evSa01uDu6004k6t00dbVa3fC7Ha3fENHak0zfVak0BVRa01bOWa01rWyO04t4xgnQirEgoVrEcg01yFoanPjMAanPh6xp00drEp01AOxj0ImgR60m63ja8EJIdp00WWdr01ASdagsCbY,P1Win,,1,0
91,000MWpo168ekp00FJkU01dHHap99dKalB4RLanH50UajVMqwU01uDu9f2NyEgnQirEgmpbxNU00Vf8U00q4ua3gMzWamLh2wamKVlea3gxgwamKDREa3gfMWa3fF3CamKeS4gmK9eNgnPJ3ig019FNdkX4DWp01yFpooVxPfT01w08ae6z2bdnlunPa5lKSr8m3jeu7eFLPr,000e3Vld08HJl9JSbON0dnNIN0hR7QSp3RQgjoCzGqp00gYTakIFYdakIIF9aopuvzaopxsVa0veKya0vhrxp00DQJp00FbVp00FYlp00Hjwp00IU87nxmcX7o7Bav7nxpqG7o7Eoe7oy5QS7oCrnB,P1Win,,1,0
92,000MWpo168ekp00FJkU01dHHap99dKalB4RLanH50UajVMqwU01uDu9f2NyEgnQirEgmpbxNU00Vf8U00q4ua3gMzWamLh2wamKVlea3gxgwamKDREa3gfMWa3fF3CamKeS4gmK9eNgnPJ3ig019FNdkX4DWp01yFpooVxPfT01w08ae6z2bdnlunPa5lKSr8m3jeu7eFLPr,000e2mjoH2D6U00b4J9gXr6j9hGuxJgmJSGIgoy2jML00ddlLlEVzSO0dhAHp00swpp00xSsp00FX5p00krMp00pNPp00f5Jr004kKG004kdU00cnaa00dHAa00b1EajuDaNamJVnET00TmrU01eAja3gsKIa01fUJU00xUqa3fM5Pa3fOLLa3gsGPa01fQQa3g8xka3gbegU01evX801evSgkWVA9r00sy8,P1Win,,1,0
93,000MWpo168ekp00FJkU01dHHap99dKalB4RLanH50UajVMqwU01uDu9f2NyEgnQirEgmpbxNU00Vf8U00q4ua3gMzWamLh2wamKVlea3gxgwamKDREa3gfMWa3fF3CamKeS4gmK9eNgnPJ3ig019FNdkX4DWp01yFpooVxPfT01w08ae6z2bdnlunPa5lKSr8m3jeu7eFLPr,000e3RjmBh3LimSExEp00iROajquyEajuQC9laTkFQl6uALBl96cAxSmX4OpOpUO5ROpQruzp00wBy4nKUEcp01ARPp00XVYp00wO9p01APvp00PVcp01fUjp00TrJan7goWanPhakp00W67r00wB1a00vfva00syzr00b74,P2Win,,0,0
94,000MWpo168ekp00FJkU01dHHap99dKalB4RLanH50UajVMqwU01uDu9f2NyEgnQirEgmpbxNU00Vf8U00q4ua3gMzWamLh2wamKVlea3gxgwamKDREa3gfMWa3fF3CamKeS4gmK9eNgnPJ3ig019FNdkX4DWp01yFpooVxPfT01w08ae6z2bdnlunPa5lKSr8m3jeu7eFLPr,000gGv40MTmaT00uU38n7fN6amKctcamKfa7zd086yimwCKHt006K2a15xGD90m63a90me6F90mmat7k9ndW7kidQW7kig157k9tFmp01ARW9l5vQc9oU1kE9oUg6XjnkkrP9l1fag9l1ne41nP4dwE15dws1nP7aN1nPa88p00oKi,P1Win,,1,0
95,000MWpo168ekp00FJkU01dHHap99dKalB4RLanH50UajVMqwU01uDu9f2NyEgnQirEgmpbxNU00Vf8U00q4ua3gMzWamLh2wamKVlea3gxgwamKDREa3gfMWa3fF3CamKeS4gmK9eNgnPJ3ig019FNdkX4DWp01yFpooVxPfT01w08ae6z2bdnlunPa5lKSr8m3jeu7eFLPr,0015V3j1eYQdt00Q8OamL5ddamL2wh1kJpxh1kJsed1kJuU91l23R31l26xW1l29eS5mKTst5mKO5B5mKIHJ5mKDkR7kiOEQ7kiSGK7kAtwn7kAxyhO05fBHa1Os02a1Opj2q01iyxp01un6r01kqIa2fXhLE3xPCz9l6faM9l6kxE9l6pUw9l6vio9l6AFgaagoXb,P2Win,,0,0
96,000MWpo168ekp00FJkU01dHHap99dKalB4RLanH50UajVMqwU01uDu9f2NyEgnQirEgmpbxNU00Vf8U00q4ua3gMzWamLh2wamKVlea3gxgwamKDREa3gfMWa3fF3CamKeS4gmK9eNgnPJ3ig019FNdkX4DWp01yFpooVxPfT01w08ae6z2bdnlunPa5lKSr8m3jeu7eFLPr,001iTkt01h1Rt01gu7t01fWit01gKvt01fpwt01gubT01bkRajvFQta01coTLpRlzPLiv26cjjRUgJa3gMFFp01AUcp01ATEaozsGuaozvnqp01ASDp01jWdp01blJp01sy6ajvMBvajvOufajvQn0p01AQUp01bQgadJ9JV8d1dhJ8d1bBO8jvGEE801aw9djvGV3a3gPmBU01s3hajvXDs,Draw,,0,0.5
97,000MWpo168ekp00FJkU01dHHap99dKalB4RLanH50UajVMqwU01uDu9f2NyEgnQirEgmpbxNU00Vf8U00q4ua3gMzWamLh2wamKVlea3gxgwamKDREa3gfMWa3fF3CamKeS4gmK9eNgnPJ3ig019FNdkX4DWp01yFpooVxPfT01w08ae6z2bdnlunPa5lKSr8m3jeu7eFLPr,000fkn9l5vPF9l5CxH9l5KBv9kzFCz9kzMkB9kzUop9oGN5N9p3W3P9p44js90m62D90If0F90Imgip00tP0p00suGamKdNuamKguqa1rwaXa1ryQV415tn87kqUSo7kmxdw7kqX2x7kmzmF7kr0bG7kmBvO7kr2kP7kmDEX1l5zAn1l5Eqsj1NrqV,P1Win,,1,0
98,000MWpo168ekp00FJkU01dHHap99dKalB4RLanH50UajVMqwU01uDu9f2NyEgnQirEgmpbxNU00Vf8U00q4ua3gMzWamLh2wamKVlea3gxgwamKDREa3gfMWa3fF3CamKeS4gmK9eNgnPJ3ig019FNdkX4DWp01yFpooVxPfT01w08ae6z2bdnlunPa5lKSr8m3jeu7eFLPr,000kHTX008lKp00cmqj15nYYwfWHW9wfrTBMwpHxhYwpHzaJwdVtBKa1NDOuGdDNVmp008mlakVPoMakVS5Ip00BT8amjUoDamjX5zp00zdVr01AQUr013Ata1NGvtOjHNGaOjhoOQOiPYXyOipA7gOhYbfX,P2Win,,0,0
99,000MWpo168ekp00FJkU01dHHap99dKalB4RLanH50UajVMqwU01uDu9f2NyEgnQirEgmpbxNU00Vf8U00q4ua3gMzWamLh2wamKVlea3gxgwamKDREa3gfMWa3fF3CamKeS4gmK9eNgnPJ3ig019FNdkX4DWp01yFpooVxPfT01w08ae6z2bdnlunPa5lKSr8m3jeu7eFLPr,000wkyjnkACFamoqUNamotBKa1NU0za0IRvR4opTfGT004olagBnNbajuEhOp01ARsp013PNp01oN6p013eVp01dKep01phcioPTEXp00OSaOpV9Ma204V5H7p8Dmz7p8GAi7nGwsI7nGzGr7opCkG7opFyp7krg8C7kmSgV7kivpf7kmUq57krm3hN09gwQg04UOjr01AU1g04Y32,P2Win,,0,0
100,000MWpo168ekp00FJkU01dHHap99dKalB4RLanH50UajVMqwU01uDu9f2NyEgnQirEgmpbxNU00Vf8U00q4ua3gMzWamLh2wamKVlea3gxgwamKDREa3gfMWa3fF3CamKeS4gmK9eNgnPJ3ig019FNdkX4DWp01yFpooVxPfT01w08ae6z2bdnlunPa5lKSr8m3jeu7eFLPr,000i1j9l5vPL9l5A8W9l1css9l1fG19l1jb89kVWUN9kW2e6j1rpHI7kdPHRp00wfxaoyqssaoyt9op00LnY7kdQfE7kdRAC7kdTtn7kdVm87kigwS7kiipD7kikio7kimb97kmFhk7kmFO77kmHGR7kmJzC7kmLsnO00iNRa1rC5Fp01APwT01ixMa6vLrta6vO8pa54Ga3a6vPJPr01ii0r00tzfr00bjNa00cnP,P1Win,,1,0
101,000MWpo168ekp00FJkU01dHHap99dKalB4RLanH50UajVMqwU01uDu9f2NyEgnQirEgmpbxNU00Vf8U00q4ua3gMzWamLh2wamKVlea3gxgwamKDREa3gfMWa3fF3CamKeS4gmK9eNgnPJ3ig019FNdkX4DWp01yFpooVxPfT01w08ae6z2bdnlunPa5lKSr8m3jeu7eFLPr,000e0Ot005W2t004S9joybagj00g9bF00e01y2rSgxt00dJit007Ptt00cofp00BDnp00CIEjmK5L0p00B5U51Nj80t00afpr01A4a,P1Win,,1,0
102,000MWpo168ekp00FJkU01dHHap99dKalB4RLanH50UajVMqwU01uDu9f2NyEgnQirEgmpbxNU00Vf8U00q4ua3gMzWamLh2wamKVlea3gxgwamKDREa3gfMWa3fF3CamKeS4gmK9eNgnPJ3ig019FNdkX4DWp01yFpooVxPfT01w08ae6z2bdnlunPa5lKSr8m3jeu7eFLPr,000zfzT00KMzU00LBGa3g2osa3fYHwT00WjJa3gkDTa3ghWXO00mF6p014A7U0143Wa3geYLN1rOsaN11p45akEPB8ajvj07a3gciPjoCT0jU004S6a3fnCca3fkVgg00JaFgoyDDYp00A6Lp01302gnTY8Or00BTkakn1f1,P1Win,,1,0
103,000MWpo168ekp00FJkU01dHHap99dKalB4RLanH50UajVMqwU01uDu9f2NyEgnQirEgmpbxNU00Vf8U00q4ua3gMzWamLh2wamKVlea3gxgwamKDREa3gfMWa3fF3CamKeS4gmK9eNgnPJ3ig019FNdkX4DWp01yFpooVxPfT01w08ae6z2bdnlunPa5lKSr8m3jeu7eFLPr,001cXFjnQedFajvIyAa01yt3p015Xmp01eisp01zP8t018pyt018FVt018pxt018pxt018FWt018pyU01qHjajvSNoajvVujp01zOy8jvVujLimkQVG00XHQL01fpMa16G5TJkJP9Pa01vM7p01nauajvKHJajvMQVp01AREq01ASt8lk3Lp801zPG,P1Win,,1,0
104,000MWpo168ekp00FJkU01dHHap99dKalB4RLanH50UajVMqwU01uDu9f2NyEgnQirEgmpbxNU00Vf8U00q4ua3gMzWamLh2wamKVlea3gxgwamKDREa3gfMWa3fF3CamKeS4gmK9eNgnPJ3ig019FNdkX4DWp01yFpooVxPfT01w08ae6z2bdnlunPa5lKSr8m3jeu7eFLPr,000BoJt00w2Kp00QHpp00UbNajv4KYal1D6aa00OiPq00E7qp00ncrGjuQn5a3fGcVEmKlDXjnPqOBt00pA2a00LBRr00NKNt00pA2t00pA2t00pA2t00pA2t00pA2t00pA2t00pA2t00pA2,P1Win,,1,0
105,000MWpo168ekp00FJkU01dHHap99dKalB4RLanH50UajVMqwU01uDu9f2NyEgnQirEgmpbxNU00Vf8U00q4ua3gMzWamLh2wamKVlea3gxgwamKDREa3gfMWa3fF3CamKeS4gmK9eNgnPJ3ig019FNdkX4DWp01yFpooVxPfT01w08ae6z2bdnlunPa5lKSr8m3jeu7eFLPr,000hxIX00gdEO00iT3jo7MGI800pSOp00p3xajuSebajuUU7p01ARvp01bTiO00h1iO00f8xO00dfMw00kf1w00hy5w00eR9w00cbea00re4p00wzQT01atYa3goEVa3glY08jvCAAL3fpi8a00tU1G004l1p007zhp00dcWp00npTp00xTf,P1Win,,1,0
106,000MWpo168ekp00FJkU01dHHap99dKalB4RLanH50UajVMqwU01uDu9f2NyEgnQirEgmpbxNU00Vf8U00q4ua3gMzWamLh2wamKVlea3gxgwamKDREa3gfMWa3fF3CamKeS4gmK9eNgnPJ3ig019FNdkX4DWp01yFpooVxPfT01w08ae6z2bdnlunPa5lKSr8m3jeu7eFLPr,000i5up00jHL80VBcap00A6ya1NDS4a1rEPIjkVVVp4mKjN7ai3H2EakVXwi7kifNS7kiiuO7kilbK7kmFTi7kmIAe7kmLhap01dvma3fNtxp01qWqp00MVqp01hLSp00RfK7phfdq7phhTm7phkAi7oyd6X7oyfMT7oyitP7nP8Qm7nPbxi7nPeeeld08adOpUIbdN08RSei57WTAr00j9v,P2Win,,0,0
107,000MWpo168ekp00FJkU01dHHap99dKalB4RLanH50UajVMqwU01uDu9f2NyEgnQirEgmpbxNU00Vf8U00q4ua3gMzWamLh2wamKVlea3gxgwamKDREa3gfMWa3fF3CamKeS4gmK9eNgnPJ3ig019FNdkX4DWp01yFpooVxPfT01w08ae6z2bdnlunPa5lKSr8m3jeu7eFLPr,000jmmX005EOT01pgMU01pgM7kmEcK7kmFxI7kiipD7kdU1a7kdVCw7kimHValFbjMan7kTzj1ectoa2SHDAa1rDqIp00vYep00vbxw004jjw005Ehw0070fw008ldO004jjO0070f8pEqgxa9p7Lca3CHQIw009Gb8pNcRF8dadvdadIfiY,P1Win,,1,0
108,000MWpo168ekp00FJkU01dHHap99dKalB4RLanH50UajVMqwU01uDu9f2NyEgnQirEgmpbxNU00Vf8U00q4ua3gMzWamLh2wamKVlea3gxgwamKDREa3gfMWa3fF3CamKeS4gmK9eNgnPJ3ig019FNdkX4DWp01yFpooVxPfT01w08ae6z2bdnlunPa5lKSr8m3jeu7eFLPr,001crfp01ASRt01bTHp01ATHajvHunajvKbjT01iknajvMjc8nu6hx8fxtkQjo02HVt01cb9t01cbat01cb8t01bDkt01cb8a16DVKN09XwNL010RcgpE70VgpEb2Pp01ARxp018Eda16CzGp01ASdp01AQSa16FgC,P1Win,,1,0
109,000MWpo168ekp00FJkU01dHHap99dKalB4RLanH50UajVMqwU01uDu9f2NyEgnQirEgmpbxNU00Vf8U00q4ua3gMzWamLh2wamKVlea3gxgwamKDREa3gfMWa3fF3CamKeS4gmK9eNgnPJ3ig019FNdkX4DWp01yFpooVxPfT01w08ae6z2bdnlunPa5lKSr8m3jeu7eFLPr,000wNcj15E7ca1NP6Ba1NRMyp00LPmaocEk4aocBD8p00xSHt00f41p005nQT01zdba54YXwa54WhA8dWRMM7kdHEb7kdKRT7kdO6C7krc107krfeQ7kriswr007O9a7It1Q9kVK229kVULL9kW6wv9l9Xgm9la9169lajKP9lnbuG9lnmfq9lnx0azcQoXkq00Gti,P2Win,,0,0
110,000MWpo168ekp00FJkU01dHHap99dKalB4RLanH50UajVMqwU01uDu9f2NyEgnQirEgmpbxNU00Vf8U00q4ua3gMzWamLh2wamKVlea3gxgwamKDREa3gfMWa3fF3CamKeS4gmK9eNgnPJ3ig019FNdkX4DWp01yFpooVxPfT01w08ae6z2bdnlunPa5lKSr8m3jeu7eFLPr,000ihHt004jgt008RW7kdPYg7kdR3P7kialP7kibqp7kmBMd7kmCQMj0RaKbp00vYap00vbva21PqNLfafJFLfap9lU01i11afTtFEafTw6cam2enX9l175w9l1f9e9l1nd2p004nGa3wVRPam2h4Tp01AClr01yKbr01ASd9liJ4i9liR809lj0bN9oxYAd9oy7DU9oyfHI,P2Win,,0,0
111,000MWpo168ekp00FJkU01dHHap99dKalB4RLanH50UajVMqwU01uDu9f2NyEgnQirEgmpbxNU00Vf8U00q4ua3gMzWamLh2wamKVlea3gxgwamKDREa3gfMWa3fF3CamKeS4gmK9eNgnPJ3ig019FNdkX4DWp01yFpooVxPfT01w08ae6z2bdnlunPa5lKSr8m3jeu7eFLPr,000xRJp008BE9kVHlc9kVPoYp00kqX9kVXsM9kW6MT9l1b7w9l1jbk9l1rf89l1ziLj1iLXEaolrsYaoloM3a1F4z1a1F1S27kdPYs7kdRRd7kdTJX7kdVCI7kdXvt7kigNt7kiiGe7kikyY7kimrJp009aG3b3bwv39X36UOpUVfX7oUdW17oUgCW7oUjjSr00RKMOpUOx8,P1Win,,1,0
112,000MWpo168ekp00FJkU01dHHap99dKalB4RLanH50UajVMqwU01uDu9f2NyEgnQirEgmpbxNU00Vf8U00q4ua3gMzWamLh2wamKVlea3gxgwamKDREa3gfMWa3fF3CamKeS4gmK9eNgnPJ3ig019FNdkX4DWp01yFpooVxPfT01w08ae6z2bdnlunPa5lKSr8m3jeu7eFLPr,000mjJp00yoHaoyt9oaoyqssj0Imgi7kdR3R7kdPYg7kialP7kibqp7kmBMd7kmCQMt004iHp004kva9JOSI9lekjK9lesny9labGUa3fKHLa3fNoKX0070pw004zkw006bGw007N36008Bew009pp,P1Win,,1,0
113,000MWpo168ekp00FJkU01dHHap99dKalB4RLanH50UajVMqwU01uDu9f2NyEgnQirEgmpbxNU00Vf8U00q4ua3gMzWamLh2wamKVlea3gxgwamKDREa3gfMWa3fF3CamKeS4gmK9eNgnPJ3ig019FNdkX4DWp01yFpooVxPfT01w08ae6z2bdnlunPa5lKSr8m3jeu7eFLPr,000A63jn7npPp00UvXp011Ghp012dcp01f64amKAruamKxKtp00P72a00N09a00Kjb800Iazajv3IFajv6pzGmKbYB7k9z7W7k9D9Q7k9Gnz7kivFD7kizHx7kiCVg7oH83P7nC2Sc7oHaJL7nC5z87oHdqH7nC8g47oHfQf7nCaFB9oUD289oUsho9oUhwEN09enHU01evTa3gwIJr013ArO00wS3,P1Win,,1,0
114,000MWpo168ekp00FJkU01dHHap99dKalB4RLanH50UajVMqwU01uDu9f2NyEgnQirEgmpbxNU00Vf8U00q4ua3gMzWamLh2wamKVlea3gxgwamKDREa3gfMWa3fF3CamKeS4gmK9eNgnPJ3ig019FNdkX4DWp01yFpooVxPfT01w08ae6z2bdnlunPa5lKSr8m3jeu7eFLPr,000e3RjmBh3LimSExEp00iROajquyEajuQC9laTkFQl6uALBl96cAxSmX4OpOpUQf1OpQt6Vp01ARPp00XoQp00wO9p01APvp00PVcp01fUjp00TrJan2QEvanxEbyp00W67r00cIqa00vfvr00wRpp00wBya00syz4nGvTK,P2Win,,0,0
115,000MWpo168ekp00FJkU01dHHap99dKalB4RLanH50UajVMqwU01uDu9f2NyEgnQirEgmpbxNU00Vf8U00q4ua3gMzWamLh2wamKVlea3gxgwamKDREa3gfMWa3fF3CamKeS4gmK9eNgnPJ3ig019FNdkX4DWp01yFpooVxPfT01w08ae6z2bdnlunPa5lKSr8m3jeu7eFLPr,000QGGzd0I7nj1j8tuU00UuhdjzMkNp00RK1aoyQj1U00ouWdjzgltU004kuaopdx6dlEKNJp01pxmalJYMqalJW6uGjv7GlU00CKPa3bx1SanYjC28kWfYtdjQDwDaopb7yzd0H2Nzd0FXep011Draoyjvvzd05pC809hhBa2aAIramKEsep01pxVp011Sor00xQUp01ARyT010jxa500M7a4YX6bp00SlOp011CX808RNPr01jq8,P2Win,,0,0
116,000MWpo168ekp00FJkU01dHHap99dKalB4RLanH50UajVMqwU01uDu9f2NyEgnQirEgmpbxNU00Vf8U00q4ua3gMzWamLh2wamKVlea3gxgwamKDREa3gfMWa3fF3CamKeS4gmK9eNgnPJ3ig019FNdkX4DWp01yFpooVxPfT01w08ae6z2bdnlunPa5lKSr8m3jeu7eFLPr,000LzAp009WRp00iysp00sv1U01qlejpDzpra2b8Kma2b64op01A1ma3fzcr9oy3Cs9oCwoN9oH0b99oLsWu9oPVIPgpRBC7gnQeWxgmgjyN7p49GN7p4aLl7p4bPU7p4cUu7p4e047kelC77kekxx7kiEYG7kiDU77kn7q47kn6luxk9usYxk52LdangwLGr00jpFp00W3oaaxlipancaIb,P1Win,,1,0
117,000MWpo168ekp00FJkU01dHHap99dKalB4RLanH50UajVMqwU01uDu9f2NyEgnQirEgmpbxNU00Vf8U00q4ua3gMzWamLh2wamKVlea3gxgwamKDREa3gfMWa3fF3CamKeS4gmK9eNgnPJ3ig019FNdkX4DWp01yFpooVxPfT01w08ae6z2bdnlunPa5lKSr8m3jeu7eFLPr,000f3Yj1iygvjoUg5Xp00GJ8F0i0Tqy19IqEt00b1Wt00b1Wt00b1Wt00b1Wt00b1Wt00b1WN1EulsakEnCXr01lQg,P1Win,,1,0
118,000MWpo168ekp00FJkU01dHHap99dKalB4RLanH50UajVMqwU01uDu9f2NyEgnQirEgmpbxNU00Vf8U00q4ua3gMzWamLh2wamKVlea3gxgwamKDREa3gfMWa3fF3CamKeS4gmK9eNgnPJ3ig019FNdkX4DWp01yFpooVxPfT01w08ae6z2bdnlunPa5lKSr8m3jeu7eFLPr,000gY4jkVSV3jmo16ijnPaG5yl1bqLF00gGRt00e1zt00ehXt00eykt00afEt008DEp00rcep00rbJp00uEUp00CYbp00MTVE00ga5p00b3jG007xE,P1Win,,1,0
119,000MWpo168ekp00FJkU01dHHap99dKalB4RLanH50UajVMqwU01uDu9f2NyEgnQirEgmpbxNU00Vf8U00q4ua3gMzWamLh2wamKVlea3gxgwamKDREa3gfMWa3fF3CamKeS4gmK9eNgnPJ3ig019FNdkX4DWp01yFpooVxPfT01w08ae6z2bdnlunPa5lKSr8m3jeu7eFLPr,000lf2U01vrKa1frglt005neaccCcqr005UFa6uAWXp00zJFp00ypoamKkwkamKntE40vnxnE1RRfWO00kX19oLyjU9oLn2o9oLdmej1iG3U7ki4aM7kmN4J7kmJje7kmLbY7kmHqt7ki9117ki6QI9l5wD39l5Gjd9l5PHY9eFOfY9fbJPWp00x51r01sNlr01jWC,P2Win,,0,0
120,000MWpo168ekp00FJkU01dHHap99dKalB4RLanH50UajVMqwU01uDu9f2NyEgnQirEgmpbxNU00Vf8U00q4ua3gMzWamLh2wamKVlea3gxgwamKDREa3gfMWa3fF3CamKeS4gmK9eNgnPJ3ig019FNdkX4DWp01yFpooVxPfT01w08ae6z2bdnlunPa5lKSr8m3jeu7eFLPr,000iAhU01qBCjp44ls6pHyV0t00hfc60hLHcp00jDmakimsjp00xSlakiuwfp00u97ak9DmHa0IyEzGipHmXr00b6dabc7AbzcyJlrzddxaRa2bEYLa2bCiPp01aOl9eXkMjgmp7vTgpiljB7eFHNxp01de2r01ARaL5E22bad1ysbr01ATa,P1Win,,1,0
121,000MWpo168ekp00FJkU01dHHap99dKalB4RLanH50UajVMqwU01uDu9f2NyEgnQirEgmpbxNU00Vf8U00q4ua3gMzWamLh2wamKVlea3gxgwamKDREa3gfMWa3fF3CamKeS4gmK9eNgnPJ3ig019FNdkX4DWp01yFpooVxPfT01w08ae6z2bdnlunPa5lKSr8m3jeu7eFLPr,000i5up00A6yp00YNAp00zeAp01deLa2aFBia1rEPIp01162p01heC4mKjwIajI0Paak0FuQp00jHLN08Uza7pheW27phiaK7phlot7oyc2o7oyfg77oyitP7nP83b7nPbgT7nPeuCNphfdq204utK7kmEhV7kmFCT7kr6YH7kvx577kvyGt7krbi0OpUKR9jkN8rwp00HgF81190d,P1Win,,1,0
122,000MWpo168ekp00FJkU01dHHap99dKalB4RLanH50UajVMqwU01uDu9f2NyEgnQirEgmpbxNU00Vf8U00q4ua3gMzWamLh2wamKVlea3gxgwamKDREa3gfMWa3fF3CamKeS4gmK9eNgnPJ3ig019FNdkX4DWp01yFpooVxPfT01w08ae6z2bdnlunPa5lKSr8m3jeu7eFLPr,000gJLp00zPkt00dMR4nCcxLa00BXVa00zi0joUfSPp012qqp010OSp00Yelp00WCNp00V2gp00TqIp00RPb800tEkzd0k0ga9JOX67nsXgH7nt1uq7nt4I97oc1I87oc4VQ7oc8az7oU5ay7oU8oh7oUbC0O00iTA9oCssb9oH2Wmg0qySTg0qJDDldIejjajIdsAajIaLD,P2Win,,0,0
123,000MWpo168ekp00FJkU01dHHap99dKalB4RLanH50UajVMqwU01uDu9f2NyEgnQirEgmpbxNU00Vf8U00q4ua3gMzWamLh2wamKVlea3gxgwamKDREa3gfMWa3fF3CamKeS4gmK9eNgnPJ3ig019FNdkX4DWp01yFpooVxPfT01w08ae6z2bdnlunPa5lKSr8m3jeu7eFLPr,000e3Pp00xWxaoUtBJaoUwiFjoUfSTp00xEGamKhT2amKkzXp00f6EajuKqrajuN7nt00b6Ul00cs99oy3HJ9oy95B9oyest9mJU5F9mK0sx9mK5Pp4phwFU7nsXgH7nt1uq7nt4I97oy3rl7oy6F47oy9SM7k9j0l7k9me47k9prM7kqUY77kqYcP7kr2qy800wBEr00tBx,P1Win,,1,0
124,000MWpo168ekp00FJkU01dHHap99dKalB4RLanH50UajVMqwU01uDu9f2NyEgnQirEgmpbxNU00Vf8U00q4ua3gMzWamLh2wamKVlea3gxgwamKDREa3gfMWa3fF3CamKeS4gmK9eNgnPJ3ig019FNdkX4DWp01yFpooVxPfT01w08ae6z2bdnlunPa5lKSr8m3jeu7eFLPr,000i46X00f7RamKdPMamKgwHa1NBaGa1NDQFp00ve5p00Aztp00FVwp00otrGmJY37p00coeU01A1rLfagA5joye8XLdmpawad1zehad1BUdw00blOw00cGMw00e2Kw00fnIw00gIGw00i4EO00ezxO00gIGO00iRPp00S6Op015bnr01ARk,P1Win,,1,0
125,000MWpo168ekp00FJkU01dHHap99dKalB4RLanH50UajVMqwU01uDu9f2NyEgnQirEgmpbxNU00Vf8U00q4ua3gMzWamLh2wamKVlea3gxgwamKDREa3gfMWa3fF3CamKeS4gmK9eNgnPJ3ig019FNdkX4DWp01yFpooVxPfT01w08ae6z2bdnlunPa5lKSr8m3jeu7eFLPr,000ihHX007wmj15nYvp00xQTp00wg8JoU2F8w004iCw005DAw006Yyw008kww009FuamKgKOamKjbma3fHtXa3fKaU6009Fu41rC4R7k0qF97kvgSf7kmtJf7k9hPQ7kzIjv7kmwq97kmxL37kEaJO,P1Win,,1,0
126,000MWpo168ekp00FJkU01dHHap99dKalB4RLanH50UajVMqwU01uDu9f2NyEgnQirEgmpbxNU00Vf8U00q4ua3gMzWamLh2wamKVlea3gxgwamKDREa3gfMWa3fF3CamKeS4gmK9eNgnPJ3ig019FNdkX4DWp01yFpooVxPfT01w08ae6z2bdnlunPa5lKSr8m3jeu7eFLPr,000g8IU00wMkjnt8UIU01AOyq00suIa2aBvja2aEcka3gQlsaggOKcgoVv9jagfM3Wa3fNEdgoUtN2t00f3Vr008mcad0c8gimFszxynPdkUO00iNR7k9l3M7ki9xF7kidzy7kr24r9kVHkY9kVPoO9kVXsCr01577,P1Win,,1,0
127,000MWpo168ekp00FJkU01dHHap99dKalB4RLanH50UajVMqwU01uDu9f2NyEgnQirEgmpbxNU00Vf8U00q4ua3gMzWamLh2wamKVlea3gxgwamKDREa3gfMWa3fF3CamKeS4gmK9eNgnPJ3ig019FNdkX4DWp01yFpooVxPfT01w08ae6z2bdnlunPa5lKSr8m3jeu7eFLPr,000j8uj00fT0jnP80syjuEMPF008nVp008mfp00jD6p00y9wp00M8ep00HPWp00FaRG005Var00YJfr00T6Jt00iRMt00iRMt00iRMt00iRMt00iRMt00iRMt00iRM,P1Win,,1,0
128,000MWpo168ekp00FJkU01dHHap99dKalB4RLanH50UajVMqwU01uDu9f2NyEgnQirEgmpbxNU00Vf8U00q4ua3gMzWamLh2wamKVlea3gxgwamKDREa3gfMWa3fF3CamKeS4gmK9eNgnPJ3ig019FNdkX4DWp01yFpooVxPfT01w08ae6z2bdnlunPa5lKSr8m3jeu7eFLPr,000t2zp009Fy9l18qo9l1csi9l1guc9l1kw69l1oy09l1szT9l1wSc9l1ADJ7krgji7kric37krk4N7kreqx7ki6jV7ki8cG7kia5r7kibXca6vWJLa6vUR1a6vSYgT01q67a6vSYRr01qn7joyudXp00EQIa0iiUra0iget400DfHO00iNRa9K1Y3a9K4EWp00Gc9aolmCTaoljVX,P1Win,,1,0
129,000MWpo168ekp00FJkU01dHHap99dKalB4RLanH50UajVMqwU01uDu9f2NyEgnQirEgmpbxNU00Vf8U00q4ua3gMzWamLh2wamKVlea3gxgwamKDREa3gfMWa3fF3CamKeS4gmK9eNgnPJ3ig019FNdkX4DWp01yFpooVxPfT01w08ae6z2bdnlunPa5lKSr8m3jeu7eFLPr,000Oj0p00MHxp00VgUao3X88ikWgwWao8pytp016ena2BzwRa2G1Xh4oHGWu9nTRbH9nU0fB9nU4hu9nU8jp9puMPO9puUTI9puYVC9pv3Xyt00Bab7k0Xuy7k12wm7ken1w7ker3q709xGK709BIE7pR3hcjntCxrU01yVRa6rEXMp00T6K7oyFyV7ocHRC,P1Win,,1,0
130,000MWpo168ekp00FJkU01dHHap99dKalB4RLanH50UajVMqwU01uDu9f2NyEgnQirEgmpbxNU00Vf8U00q4ua3gMzWamLh2wamKVlea3gxgwamKDREa3gfMWa3fF3CamKeS4gmK9eNgnPJ3ig019FNdkX4DWp01yFpooVxPfT01w08ae6z2bdnlunPa5lKSr8m3jeu7eFLPr,000gd5N0dnxk7pyQVl7phe9o7puoXb7oYw497oLoJt7oy8hq7okWsD7o3fno7nKIjh7nt36M7nfRi07jQIaI7k0BL57k9nPq7kify27kqX8g7kzQICi0I7Pnjk0Fgc4ng2e8800xWCajv1j2p00SU2p00Xohp01bPmp01phrp012sNp01tl3p012uJlfwqa6p01fUoldmd7S,P2Win,,0,0
131,000MWpo168ekp00FJkU01dHHap99dKalB4RLanH50UajVMqwU01uDu9f2NyEgnQirEgmpbxNU00Vf8U00q4ua3gMzWamLh2wamKVlea3gxgwamKDREa3gfMWa3fF3CamKeS4gmK9eNgnPJ3ig019FNdkX4DWp01yFpooVxPfT01w08ae6z2bdnlunPa5lKSr8m3jeu7eFLPr,000gFlp004j7p00vbdp00zcRr00LkMr00Loej15nYva9JOScae5ayVamKdNuamKguqa5pPG4400pNR7kmwpl7kmxtU7kmyyuimJPXR7kmzD47kmAHD7kmBMd7kmCQM7kmDVm9l5vOR9l5DSF9l5LWt9oU1jk9oU9n89oUhqVld0ds6a6vKTGa6vNACT01hcYa6vNAPa6vQhLp01jTv,P1Win,,1,0
132,000MWpo168ekp00FJkU01dHHap99dKalB4RLanH50UajVMqwU01uDu9f2NyEgnQirEgmpbxNU00Vf8U00q4ua3gMzWamLh2wamKVlea3gxgwamKDREa3gfMWa3fF3CamKeS4gmK9eNgnPJ3ig019FNdkX4DWp01yFpooVxPfT01w08ae6z2bdnlunPa5lKSr8m3jeu7eFLPr,000gt8p00f92p00zikjkN8rtOpUKR98117UDa1nbgfa2aG8W4nxLbKlcha5N7kmE1u7kmzbp7kibLV7kifxr7kdNns7kdR8X204vOI7p8llC7p8ozl7p8rN4p01ACcp01iR8p01yqVp010PKp01dLop00Rv17oy6o57oy9BN7oycPw7nP2VE7nP6an7nP9o6g0qEgbajVfpsN0dsnp,P2Win,,0,0
133,000MWpo168ekp00FJkU01dHHap99dKalB4RLanH50UajVMqwU01uDu9f2NyEgnQirEgmpbxNU00Vf8U00q4ua3gMzWamLh2wamKVlea3gxgwamKDREa3gfMWa3fF3CamKeS4gmK9eNgnPJ3ig019FNdkX4DWp01yFpooVxPfT01w08ae6z2bdnlunPa5lKSr8m3jeu7eFLPr,000e28joUcTMjmK5Mip00gWiG004Aip004krp00tjjp00D1tp00FVLp00F9fp00E5mp00BWBSoy50zyfFhOwF00hf4amKcelamK9xrt00cWqp01ASjr01A6mt00cWpt00cWpt004l0,P1Win,,1,0
134,000MWpo168ekp00FJkU01dHHap99dKalB4RLanH50UajVMqwU01uDu9f2NyEgnQirEgmpbxNU00Vf8U00q4ua3gMzWamLh2wamKVlea3gxgwamKDREa3gfMWa3fF3CamKeS4gmK9eNgnPJ3ig019FNdkX4DWp01yFpooVxPfT01w08ae6z2bdnlunPa5lKSr8m3jeu7eFLPr,000gGv40MTmaT00uU38n7fN6amKctcamKfa7zd086yimwCKHt006K2a15xGD90m63a90me6F90mmat7k9ndW7kidQW7kig157k9tFmp01ARW9l5vQc9oU1kE9oUg6XjnkkrP9l1fag9l1ne41nP4dwE15dws1nP7aN1nPa88p00oKi,P1Win,,1,0
135,000MWpo168ekp00FJkU01dHHap99dKalB4RLanH50UajVMqwU01uDu9f2NyEgnQirEgmpbxNU00Vf8U00q4ua3gMzWamLh2wamKVlea3gxgwamKDREa3gfMWa3fF3CamKeS4gmK9eNgnPJ3ig019FNdkX4DWp01yFpooVxPfT01w08ae6z2bdnlunPa5lKSr8m3jeu7eFLPr,000P6RT01wN8a3gQlsa3gOsHa3gMzW401AOx4oq5L641X1czp01wNIooVxPMo01AUgad0D2vad0FInajv8fTajvaVIO00iO9r00n7Yp00QsHajvtdLajvqwU7k5ywj7k5BK27k5EXK7k9YBI7ka2Pr7ka64a9kNqGb9kNtDo9kNwAC9kJcWV9kJfUe9kJiBa9kJlyvp00iQmr01o0yr01nIr,P1Win,,1,0
136,000MWpo168ekp00FJkU01dHHap99dKalB4RLanH50UajVMqwU01uDu9f2NyEgnQirEgmpbxNU00Vf8U00q4ua3gMzWamLh2wamKVlea3gxgwamKDREa3gfMWa3fF3CamKeS4gmK9eNgnPJ3ig019FNdkX4DWp01yFpooVxPfT01w08ae6z2bdnlunPa5lKSr8m3jeu7eFLPr,000ezk6008oRt008FNamKaCpamKdjla0msVfU00wPIp00B7la2aFz7a2aIg3p00CXoonPwpNo0AtPxp00BTNamKoyeamKrfa8007SsgnPn3TU00o0dzdqvUSp004Rup00flPp01ATlp00f6lr00zfqgphviIgoyfM3a2awsca2au2GN0DJps,P1Win,,1,0
137,000MWpo168ekp00FJkU01dHHap99dKalB4RLanH50UajVMqwU01uDu9f2NyEgnQirEgmpbxNU00Vf8U00q4ua3gMzWamLh2wamKVlea3gxgwamKDREa3gfMWa3fF3CamKeS4gmK9eNgnPJ3ig019FNdkX4DWp01yFpooVxPfT01w08ae6z2bdnlunPa5lKSr8m3jeu7eFLPr,000dYpjpheAsj1rmKoj1rn1MjpheQQ8nbhrvy00g7VF00mQ2lfarySlchdLbh6qmqkg42XPIT004jl,P2Win,,0,0
138,000MWpo168ekp00FJkU01dHHap99dKalB4RLanH50UajVMqwU01uDu9f2NyEgnQirEgmpbxNU00Vf8U00q4ua3gMzWamLh2wamKVlea3gxgwamKDREa3gfMWa3fF3CamKeS4gmK9eNgnPJ3ig019FNdkX4DWp01yFpooVxPfT01w08ae6z2bdnlunPa5lKSr8m3jeu7eFLPr,000iOut008488jv8huU00All9l5vOR8jvaaf9l5BcJ9l5GzB9l5LWtj0RaKbp00xQTamKjbmamKguqa3fMABa3fJTv7kdKBoT017iu7kdMKx7kdOTG7kdR3P7kmGCi7kmEt97kmCk07kmAaQ9kE5md9kEg6W9kEaJ59kEltOa6vBgda6vyzhr004jda004iFIl1zSS,P1Win,,1,0
139,000MWpo168ekp00FJkU01dHHap99dKalB4RLanH50UajVMqwU01uDu9f2NyEgnQirEgmpbxNU00Vf8U00q4ua3gMzWamLh2wamKVlea3gxgwamKDREa3gfMWa3fF3CamKeS4gmK9eNgnPJ3ig019FNdkX4DWp01yFpooVxPfT01w08ae6z2bdnlunPa5lKSr8m3jeu7eFLPr,000ktTimFvjnhpyN8gajMwNhamFTtma0VNgxamFVCvSoyfKAa6uPNNGgfx2Xa0VKzAj0mkQlj2wuEPp00ox1a6qyQLlerpLHq00CsWt00ksOajMuE8ajMsuYamFXLEp00zwOp00Akqp00A2Gt00kKj,P2Win,,0,0
140,000MWpo168ekp00FJkU01dHHap99dKalB4RLanH50UajVMqwU01uDu9f2NyEgnQirEgmpbxNU00Vf8U00q4ua3gMzWamLh2wamKVlea3gxgwamKDREa3gfMWa3fF3CamKeS4gmK9eNgnPJ3ig019FNdkX4DWp01yFpooVxPfT01w08ae6z2bdnlunPa5lKSr8m3jeu7eFLPr,000j9bjoccqgp00jEDakVW9FakVYPBp00zMTap8GNFap8JuBa00tT6a00wA6p00tnml6uC6vld089ll9JRCqzcQjUPt00gbUSoU4kK608VSvt00ejbr01ASa,P1Win,,1,0
141,000MWpo168ekp00FJkU01dHHap99dKalB4RLanH50UajVMqwU01uDu9f2NyEgnQirEgmpbxNU00Vf8U00q4ua3gMzWamLh2wamKVlea3gxgwamKDREa3gfMWa3fF3CamKeS4gmK9eNgnPJ3ig019FNdkX4DWp01yFpooVxPfT01w08ae6z2bdnlunPa5lKSr8m3jeu7eFLPr,000ACYP09dPwt00qq1t00ubwjnPqPSa00K2Ua00MIRp012KTp015aDp0172AU00Po1IjvqxS8kAvIwp00Yy0T01bzEa6vJzha6vHq87ke5QC7ke9Sw7kmUGt7kmYIn7kvKwkld0vOzU01xkraggRr8p019rkr01ASza6vFgY3nPBQH3phQwVvd0o2a3nPDcEdjRqEJ,P2Win,,0,0
142,000MWpo168ekp00FJkU01dHHap99dKalB4RLanH50UajVMqwU01uDu9f2NyEgnQirEgmpbxNU00Vf8U00q4ua3gMzWamLh2wamKVlea3gxgwamKDREa3gfMWa3fF3CamKeS4gmK9eNgnPJ3ig019FNdkX4DWp01yFpooVxPfT01w08ae6z2bdnlunPa5lKSr8m3jeu7eFLPr,001gsxj01jp5jnQesRamLnwUamLkPYajAd86ajAf0QajAgSBGjvB1Sp01AS2p01kd1t01bmDa2bLgxp01avxp01jnyp01sfzp01AR1a1sxzwp01ASNa1sAgur014SUt01bmDt01bmDt01bmDt01bmDt01bmDt01bmDt01bmD,P1Win,,1,0
143,000MWpo168ekp00FJkU01dHHap99dKalB4RLanH50UajVMqwU01uDu9f2NyEgnQirEgmpbxNU00Vf8U00q4ua3gMzWamLh2wamKVlea3gxgwamKDREa3gfMWa3fF3CamKeS4gmK9eNgnPJ3ig019FNdkX4DWp01yFpooVxPfT01w08ae6z2bdnlunPa5lKSr8m3jeu7eFLPr,000hK6j00fQyjnPaUlzcQpv5O00hcwp00UqYp00TUcp00Topp00SRCp00SlNp00RigajvptLamKAJDT01xRua01zdba01xAOa01vYs801wfQa3fLfLa3fIyIamKhPoamKf9s9kVXsB9kVULF9kVS5K9l9Xgf9la0Wb9la3Db7kdLWq7kr0bK7kdODk7kr2RE7kdRkf7kr5yz,P1Win,,1,0
144,000MWpo168ekp00FJkU01dHHap99dKalB4RLanH50UajVMqwU01uDu9f2NyEgnQirEgmpbxNU00Vf8U00q4ua3gMzWamLh2wamKVlea3gxgwamKDREa3gfMWa3fF3CamKeS4gmK9eNgnPJ3ig019FNdkX4DWp01yFpooVxPfT01w08ae6z2bdnlunPa5lKSr8m3jeu7eFLPr,000dYpt00cDuF0dp3XypQsJOt00ewjt00bizt00drGjplDkTj0MLh8t00cTVj1RNurt00cTUt00cTT,P1Win,,1,0
145,000MWpo168ekp00FJkU01dHHap99dKalB4RLanH50UajVMqwU01uDu9f2NyEgnQirEgmpbxNU00Vf8U00q4ua3gMzWamLh2wamKVlea3gxgwamKDREa3gfMWa3fF3CamKeS4gmK9eNgnPJ3ig019FNdkX4DWp01yFpooVxPfT01w08ae6z2bdnlunPa5lKSr8m3jeu7eFLPr,000ePxjoye9bq00n8zp00r94amogpvamoj6rU00866U00xEkU00ToqU01dcNanQ7Iga2b658a00cnRL1iuMPp01vI5aphAG1aphy04O0djsRg00tShgnPlIl9iLWzmdj8yJla2bnxxajvpbq800T7u8kdHVSalEQbH8pD9lRgoxYBxo1sCaQomLlkOp00xTnp00JWC,P1Win,,1,0
146,000MWpo168ekp00FJkU01dHHap99dKalB4RLanH50UajVMqwU01uDu9f2NyEgnQirEgmpbxNU00Vf8U00q4ua3gMzWamLh2wamKVlea3gxgwamKDREa3gfMWa3fF3CamKeS4gmK9eNgnPJ3ig019FNdkX4DWp01yFpooVxPfT01w08ae6z2bdnlunPa5lKSr8m3jeu7eFLPr,000m7JajuQD5ajuSvPajuUoBa00us2a00wkRa00ydCp00IVXp00mCCp00vedp00e22p01ziTa5N2GWp010Axt00bUlt00bUlt00bUlt00bUlt00bUlt00bUlt00bUlt00bUlt00bUlt00bUlt00bUlt00bUl,P1Win,,1,0
147,000MWpo168ekp00FJkU01dHHap99dKalB4RLanH50UajVMqwU01uDu9f2NyEgnQirEgmpbxNU00Vf8U00q4ua3gMzWamLh2wamKVlea3gxgwamKDREa3gfMWa3fF3CamKeS4gmK9eNgnPJ3ig019FNdkX4DWp01yFpooVxPfT01w08ae6z2bdnlunPa5lKSr8m3jeu7eFLPr,000tkUt00pzot00pzot00pzot00pzot00pzot00pzop01bPVp01bOYp01bQOp01bRGp01bSBaoljInaolmpoajv0rnp00uULajv38jt00pzpt00pzpt00pzp800O5e4nYjS07ke3Vh7ke1M87kW8shp00r9bp00Ahyp00tChj00yXqp00RKK,P1Win,,1,0
148,000MWpo168ekp00FJkU01dHHap99dKalB4RLanH50UajVMqwU01uDu9f2NyEgnQirEgmpbxNU00Vf8U00q4ua3gMzWamLh2wamKVlea3gxgwamKDREa3gfMWa3fF3CamKeS4gmK9eNgnPJ3ig019FNdkX4DWp01yFpooVxPfT01w08ae6z2bdnlunPa5lKSr8m3jeu7eFLPr,000rI7p00TTBp00oIXp0157Op0085Sp0086Nt00p2bt00p2bt00p2bt00p2bt00p2bt00p2bt00p2bGmJSFcp00J9XajuWetajv0bMa3fRqQa00BVfa00ElOa3fTQqp01nphp01uEep01gpdp00TEfp012IHp016typ01jFlp00RMOp00yFap014SIp01fmpp01sgft00piAt00piAt00piA,Draw,,0,0.5
149,000MWpo168ekp00FJkU01dHHap99dKalB4RLanH50UajVMqwU01uDu9f2NyEgnQirEgmpbxNU00Vf8U00q4ua3gMzWamLh2wamKVlea3gxgwamKDREa3gfMWa3fF3CamKeS4gmK9eNgnPJ3ig019FNdkX4DWp01yFpooVxPfT01w08ae6z2bdnlunPa5lKSr8m3jeu7eFLPr,001ekDjkFp4zGpmp9UajiuNup014jHBoDxyXBoI14Ut01aj2p01bSrp01nrmt01aPOt01azkp016s9aje7VMajiyyYa3gKMUao932up01ASXamc7flamphMJp01AU87nHech7oV7QN7ouK9E7k1vAl7knzcj7kanPJao95IqNoz4MC801wSmp011pHt01aiTr011XQ,P1Win,,1,0
150,000MWpo168ekp00FJkU01dHHap99dKalB4RLanH50UajVMqwU01uDu9f2NyEgnQirEgmpbxNU00Vf8U00q4ua3gMzWamLh2wamKVlea3gxgwamKDREa3gfMWa3fF3CamKeS4gmK9eNgnPJ3ig019FNdkX4DWp01yFpooVxPfT01w08ae6z2bdnlunPa5lKSr8m3jeu7eFLPr,000xE5jplWsBa1NRisp00O34p00HQ3p00wOYajmcM8p00Skyp00W5ip010yAp00JXOr00vJ2aljopg800f95a1NTYtajmft4t00qVLt00qVLt00qVLt00qVLt00qVLt00qVLt00qVLt00qVLt00qVLt00qVLanPHdyanPEwC,P1Win,,1,0
151,000MWpo168ekp00FJkU01dHHap99dKalB4RLanH50UajVMqwU01uDu9f2NyEgnQirEgmpbxNU00Vf8U00q4ua3gMzWamLh2wamKVlea3gxgwamKDREa3gfMWa3fF3CamKeS4gmK9eNgnPJ3ig019FNdkX4DWp01yFpooVxPfT01w08ae6z2bdnlunPa5lKSr8m3jeu7eFLPr,000hMzjmK5vLt005FKt005q3G008lfF004ADyiHbMPp00OgRq00p0Ip00H2op00Bnhp00CK9p00S1st00c95t00cpIt00fDwt00eyYt00gGRp00bzvaoUrWtaoUpgualSfaWa00uqg,P1Win,,1,0
152,000MWpo168ekp00FJkU01dHHap99dKalB4RLanH50UajVMqwU01uDu9f2NyEgnQirEgmpbxNU00Vf8U00q4ua3gMzWamLh2wamKVlea3gxgwamKDREa3gfMWa3fF3CamKeS4gmK9eNgnPJ3ig019FNdkX4DWp01yFpooVxPfT01w08ae6z2bdnlunPa5lKSr8m3jeu7eFLPr,000jofjn77uG7kmEez7kihTD7kmJ4C7kimJLt0072bN004kHp00BUBamKkxAamKnew9l5vQWp00hKQimnPCFjpheChajuNSOp00hO3a3fxj79l1bGc9kVQvb9l1kOh9kW0DyT00xRS8nPpaCGjuJQUr00wyjr00wySr00hMJ83XDsM,P1Win,,1,0
153,000MWpo168ekp00FJkU01dHHap99dKalB4RLanH50UajVMqwU01uDu9f2NyEgnQirEgmpbxNU00Vf8U00q4ua3gMzWamLh2wamKVlea3gxgwamKDREa3gfMWa3fF3CamKeS4gmK9eNgnPJ3ig019FNdkX4DWp01yFpooVxPfT01w08ae6z2bdnlunPa5lKSr8m3jeu7eFLPr,000GvKonYIyNo1jbw6ajvbukt00Gfqt00GvNt00FaUt00ETzt00ETzt00FaXt00Frct00FaUt00FY9t00Ipuajvdn4ajvffOp013fo7kAgWA7kvSy77kn7Ka7kiJlGr00RNwa00TFJa00QYNp00joGp01o0O,P1Win,,1,0
154,000MWpo168ekp00FJkU01dHHap99dKalB4RLanH50UajVMqwU01uDu9f2NyEgnQirEgmpbxNU00Vf8U00q4ua3gMzWamLh2wamKVlea3gxgwamKDREa3gfMWa3fF3CamKeS4gmK9eNgnPJ3ig019FNdkX4DWp01yFpooVxPfT01w08ae6z2bdnlunPa5lKSr8m3jeu7eFLPr,000n7MX0099hY004jqp007xB6004Ptw005new007wnw009Fww00bOFO008AWj0Imgi4ogP6Qad05oy7kdRkep00zJFp00wMSamKjbmamKlRia3fNoCa3fQ5C7kdSFc7kdU1a7kdVm8a6uznz1nP9zm1nPcgi1nPeWep004BF,P1Win,,1,0
155,000MWpo168ekp00FJkU01dHHap99dKalB4RLanH50UajVMqwU01uDu9f2NyEgnQirEgmpbxNU00Vf8U00q4ua3gMzWamLh2wamKVlea3gxgwamKDREa3gfMWa3fF3CamKeS4gmK9eNgnPJ3ig019FNdkX4DWp01yFpooVxPfT01w08ae6z2bdnlunPa5lKSr8m3jeu7eFLPr,0014Qzp014zkp01mkjt00Vwpt010yfj1joAHakF5TjakF8Afa2bn0ka1wVIaU01drjU01tPjr01mAia1x1Oza1x4vva1wKqza1wN7v9eODOrU00OhUglnPihp00DMJ9fGw29gnpcq4a1wpdY9eOlxGm00RKmO00Uri,P1Win,,1,0
156,000MWpo168ekp00FJkU01dHHap99dKalB4RLanH50UajVMqwU01uDu9f2NyEgnQirEgmpbxNU00Vf8U00q4ua3gMzWamLh2wamKVlea3gxgwamKDREa3gfMWa3fF3CamKeS4gmK9eNgnPJ3ig019FNdkX4DWp01yFpooVxPfT01w08ae6z2bdnlunPa5lKSr8m3jeu7eFLPr,000eACp00xWop00tSWp00MGJinsTvc4nPn5Ya1rDela1rFUhakW3CuakW6jpjmOuyrp00Xpbp00S3sp01iD2p01qEnp00grmzd0k0gO04BsYN0dpGt7kic3U7kr2aa7kifhD7kr42U7kihao7kr7gDGgT1hMbpq0Kwp00K2E7noCOy7oPJIp7o7Iq87noGA47oPNtU7o7MbDq01mDHp00K22p004mop009Hi,P2Win,,0,0
157,000MWpo168ekp00FJkU01dHHap99dKalB4RLanH50UajVMqwU01uDu9f2NyEgnQirEgmpbxNU00Vf8U00q4ua3gMzWamLh2wamKVlea3gxgwamKDREa3gfMWa3fF3CamKeS4gmK9eNgnPJ3ig019FNdkX4DWp01yFpooVxPfT01w08ae6z2bdnlunPa5lKSr8m3jeu7eFLPr,001bU6jkAXHLp01ATbp01AU7t01aj9LnbO32a0rYGiamGTLJp014TLp01dvct01aj9t01aj9t014V7t014V7t014V7aov65Iajv5mwa0s2neGi8Mb6p01mDFp00X8FajAacNajAcSNp01ABU9nH9SYaoupY0aousEVT00WVBLjrfw1aousFwt010Twp00m71aouxLq,P1Win,,1,0
158,000MWpo168ekp00FJkU01dHHap99dKalB4RLanH50UajVMqwU01uDu9f2NyEgnQirEgmpbxNU00Vf8U00q4ua3gMzWamLh2wamKVlea3gxgwamKDREa3gfMWa3fF3CamKeS4gmK9eNgnPJ3ig019FNdkX4DWp01yFpooVxPfT01w08ae6z2bdnlunPa5lKSr8m3jeu7eFLPr,000Bpqp004iSioH2TGt00mmzhmXsrkjoLHewj0N2rmSoLB3St00zN4t00rs8agft0Gr00avSr00Amaa3fOgbp00P5Jp00Udpp00UKNp00B7EamKz4QzcDqPva3g2GgGd0rciagfqjKp004jxamoiOBamokHmamomA7amKBKRr01Azkr01ACQ,P2Win,,0,0
159,000MWpo168ekp00FJkU01dHHap99dKalB4RLanH50UajVMqwU01uDu9f2NyEgnQirEgmpbxNU00Vf8U00q4ua3gMzWamLh2wamKVlea3gxgwamKDREa3gfMWa3fF3CamKeS4gmK9eNgnPJ3ig019FNdkX4DWp01yFpooVxPfT01w08ae6z2bdnlunPa5lKSr8m3jeu7eFLPr,000gt5imX4i6U00ikAp00ydup00IVgp00Oi9p011qip016Mbp00rt3a1Af3Ka1AhJGgoyeWva1Je3Fa1JgJBakA019akA2H54ogMtLN0m7bl7pQtBW7pQx757oPNs97oPSii7nP9Dj7nPetp7kiffR7kiiK07kr4Ok7kr9Etjn2Hw2abc1XqT00cs4OpM1VWagsG23q00DznGjuBPI,P2Win,,0,0
160,000MWpo168ekp00FJkU01dHHap99dKalB4RLanH50UajVMqwU01uDu9f2NyEgnQirEgmpbxNU00Vf8U00q4ua3gMzWamLh2wamKVlea3gxgwamKDREa3gfMWa3fF3CamKeS4gmK9eNgnPJ3ig019FNdkX4DWp01yFpooVxPfT01w08ae6z2bdnlunPa5lKSr8m3jeu7eFLPr,000zwAp00zh89pHL2nt00jpVinTweo9pHUrg9pHYta9pDDKC700veGa1rQTXa1rTAWp00L5up00O2ep00QXJamKy0bamKAG74oyGDz700xUC700AByp00T7gr00LmSjnPqPg7k9wFi7kiuz47k9z5J7kiBhT7o7PDD7o7V1k7o7Skt7k9C2Y9nGpaY9nGyzR9nGCBL9nL6o7,P2Win,,0,0
161,000MWpo168ekp00FJkU01dHHap99dKalB4RLanH50UajVMqwU01uDu9f2NyEgnQirEgmpbxNU00Vf8U00q4ua3gMzWamLh2wamKVlea3gxgwamKDREa3gfMWa3fF3CamKeS4gmK9eNgnPJ3ig019FNdkX4DWp01yFpooVxPfT01w08ae6z2bdnlunPa5lKSr8m3jeu7eFLPr,001mVejngViRjpr9RPai9kLdap5jIwinygz1p00TYCp01qEWp016f3p01gs1ape5wpak1zk9aidMcyt01dx19mGM0V9mGGTs9oI98I9oI3KQ9mGyP69nldx59oDvW39npKlS9npPIKp014llak1wDfp01A569nUsuCp014Rap014Qg,P1Win,,1,0
162,000MWpo168ekp00FJkU01dHHap99dKalB4RLanH50UajVMqwU01uDu9f2NyEgnQirEgmpbxNU00Vf8U00q4ua3gMzWamLh2wamKVlea3gxgwamKDREa3gfMWa3fF3CamKeS4gmK9eNgnPJ3ig019FNdkX4DWp01yFpooVxPfT01w08ae6z2bdnlunPa5lKSr8m3jeu7eFLPr,000htPjlNKPlj6uO8ea00unVa00rGXalaceRS004Qyp00ehrp005Wf9kVTsp9kVQLt9kVO5x9kVLoB9kVIHF9oc9Yk9oc7io9oc4Bs9oc1Uw9obYeAala9xT7kmspa7kmv667kmxM27kmAsX7kmD9T,P1Win,,1,0
163,000MWpo168ekp00FJkU01dHHap99dKalB4RLanH50UajVMqwU01uDu9f2NyEgnQirEgmpbxNU00Vf8U00q4ua3gMzWamLh2wamKVlea3gxgwamKDREa3gfMWa3fF3CamKeS4gmK9eNgnPJ3ig019FNdkX4DWp01yFpooVxPfT01w08ae6z2bdnlunPa5lKSr8m3jeu7eFLPr,0013zTjnPXmvj013iHt00V48t00Vkwt00UMHt00UMHp01shNy00YOXF016xNp01rdNp0146Jp013xBp00Tpcp01cG1p01tlNt00VATE00YOXajvxhnajvza8ajvB2Sa01f90EmKMizr00KjG,P1Win,,1,0
164,000MWpo168ekp00FJkU01dHHap99dKalB4RLanH50UajVMqwU01uDu9f2NyEgnQirEgmpbxNU00Vf8U00q4ua3gMzWamLh2wamKVlea3gxgwamKDREa3gfMWa3fF3CamKeS4gmK9eNgnPJ3ig019FNdkX4DWp01yFpooVxPfT01w08ae6z2bdnlunPa5lKSr8m3jeu7eFLPr,000h1cjol0VjaocowUp00MYXp00Rhhp00V1Kp010j47kdJm97kibMw7kmDdT7kr5Eh7kvx5E7kzYw27ph8v87oy53H7nP1Bh7phdS07oyaqz7nP6Y97phbc47oy7JD7nP4ida9JOX6N0dsnpO00gdElerkrFlchcMkp00yKD800uIT4oLEjAaoyqxtaou4tXp00MV1,P1Win,,1,0
165,000MWpo168ekp00FJkU01dHHap99dKalB4RLanH50UajVMqwU01uDu9f2NyEgnQirEgmpbxNU00Vf8U00q4ua3gMzWamLh2wamKVlea3gxgwamKDREa3gfMWa3fF3CamKeS4gmK9eNgnPJ3ig019FNdkX4DWp01yFpooVxPfT01w08ae6z2bdnlunPa5lKSr8m3jeu7eFLPr,000hKL9l9UB39l5AGy9l5EaO9l5J0O9l1pmVlfao5w7kmAYM7kdNj37kmD8R7kdPs97kmEdq7kigxy7kmG6b7kiiqjxkIyWNx5HfuxE0uYmRj10YfJp00t3op00xkVp00BSU41Woh3amKdNQamKguHa4GNQST01drqa6vEsfa6mSEia6vJiua6mXuxp01eMYp00hOCa3ftj6p01ATi,P1Win,,1,0
166,000MWpo168ekp00FJkU01dHHap99dKalB4RLanH50UajVMqwU01uDu9f2NyEgnQirEgmpbxNU00Vf8U00q4ua3gMzWamLh2wamKVlea3gxgwamKDREa3gfMWa3fF3CamKeS4gmK9eNgnPJ3ig019FNdkX4DWp01yFpooVxPfT01w08ae6z2bdnlunPa5lKSr8m3jeu7eFLPr,000h187k9kBH7kdM357kiets7kmFTP7kr8ld7kvzLA7nt2z07oc61q7oU9sQ7nP1Bh7oy53H7ph8v87nP6Y97oyaqz7phdS0p00OkQp00PF4p00Rx4p00Tp2p00VNKp0101F800qXop00w4Oa15AqJa15D7F4ogPHXN094aKp012GPlcha6olgfvKFjjuP3639JOX6O00cs9,P1Win,,1,0
167,000MWpo168ekp00FJkU01dHHap99dKalB4RLanH50UajVMqwU01uDu9f2NyEgnQirEgmpbxNU00Vf8U00q4ua3gMzWamLh2wamKVlea3gxgwamKDREa3gfMWa3fF3CamKeS4gmK9eNgnPJ3ig019FNdkX4DWp01yFpooVxPfT01w08ae6z2bdnlunPa5lKSr8m3jeu7eFLPr,000iQKjnPaG1ld05Yhp00DeLp00W3Xp00krTlbxY5qla6Rbzl8EKhIalF3h7N10PWQp00zLR7kianG7kibst7kmBOn7kmCSU7kdQ1m7kdR5UalF0AbaoUvaEaoUxQA4p8BaFp01AR0p00yb9EoU7NJa15w6hvd05WX,P2Win,,0,0
168,000MWpo168ekp00FJkU01dHHap99dKalB4RLanH50UajVMqwU01uDu9f2NyEgnQirEgmpbxNU00Vf8U00q4ua3gMzWamLh2wamKVlea3gxgwamKDREa3gfMWa3fF3CamKeS4gmK9eNgnPJ3ig019FNdkX4DWp01yFpooVxPfT01w08ae6z2bdnlunPa5lKSr8m3jeu7eFLPr,000MWEjocKOyp00Qcgp011Ezp01izCp00YKtp00YJfp01iBz800ziAp00PSua3g84St00Hket00Hket00Hket00Hket00Hket00HQ0t00HQ0t00HQ0t00HQ0t00HQ0r00RywalSIJx400WD0a00Vyma00Xrba010jW,P1Win,,1,0
169,000MWpo168ekp00FJkU01dHHap99dKalB4RLanH50UajVMqwU01uDu9f2NyEgnQirEgmpbxNU00Vf8U00q4ua3gMzWamLh2wamKVlea3gxgwamKDREa3gfMWa3fF3CamKeS4gmK9eNgnPJ3ig019FNdkX4DWp01yFpooVxPfT01w08ae6z2bdnlunPa5lKSr8m3jeu7eFLPr,000eAI7nsXgH7oCsbM7o3fDM7pcJyR7nt36M7oCx1R7o3ktR7pcOoW7k9j0l7ki9TL7k9nPq7kieJQ7kqUY77kzLSx7kr0Oc7kzQICN090FDlerjDulaxppAjmFFOzp00xpEanYdchanYfSd4oyuzmp00Uvtp01ejqp01xnTp01w0Bp01dsWp00S3B800ziAaafFrcajI1DHp00i3D82OJhNvjDBkw,P2Win,,0,0
170,000MWpo168ekp00FJkU01dHHap99dKalB4RLanH50UajVMqwU01uDu9f2NyEgnQirEgmpbxNU00Vf8U00q4ua3gMzWamLh2wamKVlea3gxgwamKDREa3gfMWa3fF3CamKeS4gmK9eNgnPJ3ig019FNdkX4DWp01yFpooVxPfT01w08ae6z2bdnlunPa5lKSr8m3jeu7eFLPr,000e05U01evSU01uDua01evSa01uDu6004k6t00dbVa3fC7Ha3fENHak0zfVak0BVRa01bOWa01rWyO04t4xgnQirEgoVrEcg01yFoanPjMAanPh6xp00drEp01AOxj0ImgR60m63ja8EJIdp00WWdr01ASdagsCbY,P1Win,,1,0
171,000MWpo168ekp00FJkU01dHHap99dKalB4RLanH50UajVMqwU01uDu9f2NyEgnQirEgmpbxNU00Vf8U00q4ua3gMzWamLh2wamKVlea3gxgwamKDREa3gfMWa3fF3CamKeS4gmK9eNgnPJ3ig019FNdkX4DWp01yFpooVxPfT01w08ae6z2bdnlunPa5lKSr8m3jeu7eFLPr,001eRfp01AUep01ATFp01AT9amLbIuamLeanp01ABtamL9PNamLbd1p01e2tajvIj2ajvKIyt01az5a3gKwwp015nyt01az5t01az5t01az5t01az5t01az5t01az5t01az5t01az5t01az5t01az5t01az5,P1Win,,1,0
172,000MWpo168ekp00FJkU01dHHap99dKalB4RLanH50UajVMqwU01uDu9f2NyEgnQirEgmpbxNU00Vf8U00q4ua3gMzWamLh2wamKVlea3gxgwamKDREa3gfMWa3fF3CamKeS4gmK9eNgnPJ3ig019FNdkX4DWp01yFpooVxPfT01w08ae6z2bdnlunPa5lKSr8m3jeu7eFLPr,000e0Ot005W2t004S9joybagj00g9bF00e01y2rSgxt00dJit007Ptt00cofp00BDnp00CIEjmK5L0p00B5U51Nj80t00afpr01A4a,P1Win,,1,0
173,000MWpo168ekp00FJkU01dHHap99dKalB4RLanH50UajVMqwU01uDu9f2NyEgnQirEgmpbxNU00Vf8U00q4ua3gMzWamLh2wamKVlea3gxgwamKDREa3gfMWa3fF3CamKeS4gmK9eNgnPJ3ig019FNdkX4DWp01yFpooVxPfT01w08ae6z2bdnlunPa5lKSr8m3jeu7eFLPr,000Pmwp015prp00SOJajIyDYajIB4wa010zEa013gDp00HNKp0158qt00JrCt00JrCt00JrCt00JrCt00JrCt00JrCt00JrCt00JrCamKPHJamKSoFp01nEUomLbVar01qqdo2bBPwa3gCb5a9KkgYp00mREp00xDct00JrHr00NLna00QrLamL61xr01jnP,P2Win,,0,0
174,000MWpo168ekp00FJkU01dHHap99dKalB4RLanH50UajVMqwU01uDu9f2NyEgnQirEgmpbxNU00Vf8U00q4ua3gMzWamLh2wamKVlea3gxgwamKDREa3gfMWa3fF3CamKeS4gmK9eNgnPJ3ig019FNdkX4DWp01yFpooVxPfT01w08ae6z2bdnlunPa5lKSr8m3jeu7eFLPr,001imeT01jYta01sPKa01vwJp01AU2ajvQ6ip01ATeaci2PrajvOeGajvSMip01ASop01mCSLoDrU0hnyk48t01cc4t01csrt01csrt01csrt01csrt01csrt01csrt01csrt01csrt01csrt01csr,P1Win,,1,0
175,000MWpo168ekp00FJkU01dHHap99dKalB4RLanH50UajVMqwU01uDu9f2NyEgnQirEgmpbxNU00Vf8U00q4ua3gMzWamLh2wamKVlea3gxgwamKDREa3gfMWa3fF3CamKeS4gmK9eNgnPJ3ig019FNdkX4DWp01yFpooVxPfT01w08ae6z2bdnlunPa5lKSr8m3jeu7eFLPr,000e3owpD7grwph6Sbwph8e9wph9z7wphaU5O007BtOpHzuYOpHCbUX00azlj0ML4Bp00oOep01dbAp01vK1p01ns0p01imVp016Ldp00GgPp00oLUanbF8aanbCreaoUna0aopufW4mOz8Ct004Ug204t8M39sdei,P1Win,,1,0
176,000MWpo168ekp00FJkU01dHHap99dKalB4RLanH50UajVMqwU01uDu9f2NyEgnQirEgmpbxNU00Vf8U00q4ua3gMzWamLh2wamKVlea3gxgwamKDREa3gfMWa3fF3CamKeS4gmK9eNgnPJ3ig019FNdkX4DWp01yFpooVxPfT01w08ae6z2bdnlunPa5lKSr8m3jeu7eFLPr,001joV9oqdi69oqi8b9oqo2B9oqtpu9oqyMCamLnvEp01yHCjo02FqamLkOIp01flyajvOHf1o8L3P1o8NJK1o8QqIa3gIRAt018nMp01wiOU01xBdaggRr8agfOtuU00vaYp01AQ6a01w2DG01dIE7oz79o7oz9PC7ozcwur00JHx8d0HPlLfbhVrLfbDqXajvM1j8d1APDa3g3Yq8d0yWzaggQ6BaggNpFp01Az8a6vBOu,P2Win,,0,0
177,000MWpo168ekp00FJkU01dHHap99dKalB4RLanH50UajVMqwU01uDu9f2NyEgnQirEgmpbxNU00Vf8U00q4ua3gMzWamLh2wamKVlea3gxgwamKDREa3gfMWa3fF3CamKeS4gmK9eNgnPJ3ig019FNdkX4DWp01yFpooVxPfT01w08ae6z2bdnlunPa5lKSr8m3jeu7eFLPr,001jaIjnQbgnj01jGHt018aat018aat018aat018aat018aat018aat018aaF01o1ny01eBBa01tnQa01w4OanQlcBanQnSzp01ePOp01nYc,P1Win,,1,0
178,000MWpo168ekp00FJkU01dHHap99dKalB4RLanH50UajVMqwU01uDu9f2NyEgnQirEgmpbxNU00Vf8U00q4ua3gMzWamLh2wamKVlea3gxgwamKDREa3gfMWa3fF3CamKeS4gmK9eNgnPJ3ig019FNdkX4DWp01yFpooVxPfT01w08ae6z2bdnlunPa5lKSr8m3jeu7eFLPr,000fkW4pV1Unzd06KDp00xkPp00CqAal1vgWal1szXt0085i9kMSQI9kN9Yb9l5vPu9l5LWW9p43fi90hOlB90mm9Uj15nYVa1rvnka1ry4i7kdPIg7kdS8P7kdMuy7kdOU57kmDVK7kmAI37kmF1k1oybpO1oy8c79kN1Uj9l5DT590m62s,P1Win,,1,0
179,000MWpo168ekp00FJkU01dHHap99dKalB4RLanH50UajVMqwU01uDu9f2NyEgnQirEgmpbxNU00Vf8U00q4ua3gMzWamLh2wamKVlea3gxgwamKDREa3gfMWa3fF3CamKeS4gmK9eNgnPJ3ig019FNdkX4DWp01yFpooVxPfT01w08ae6z2bdnlunPa5lKSr8m3jeu7eFLPr,000i5Pin6RLYjmffkxp00wl4a0muiea0mwYa40viM7p00SC0p00Boyp00OgYp01e3HO00df2O00fptr00f907kvsMm7kvpyD7kmFDr7kmBRV7kdSKU7kdPxc7n74Bi7n71nz7oYEEJ7oYBr17o3mD17o3jpiN0dkjdNp8w6WalwiQNalwlxJp00tCWp01dKC,P1Win,,1,0
180,000MWpo168ekp00FJkU01dHHap99dKalB4RLanH50UajVMqwU01uDu9f2NyEgnQirEgmpbxNU00Vf8U00q4ua3gMzWamLh2wamKVlea3gxgwamKDREa3gfMWa3fF3CamKeS4gmK9eNgnPJ3ig019FNdkX4DWp01yFpooVxPfT01w08ae6z2bdnlunPa5lKSr8m3jeu7eFLPr,000u7Ap00bivj15E7Aa00E4ka00GKip00JsRamKxJ74puQzmp00NIPp00MDAamKBsiamKyLmT011C1a3gkD2a9K61ma9K3kr7ke5Li7kitra7k9EWh7ke3C97kiri27k9CN97ke1t27kip8U7k9AE27kdYjU7kinwx7k9z2E9kMWS79kN5VX9kNe139kNm4O9la3De9labGY9lajL79larOUa3ghW6,P1Win,,1,0
,,,,,129,2.5
