#ID,P1,P2,Result,,,,,,,
1,000hM4joPQ766pHyEx60hK5Qt00ezca1w2oaT01yVMaex2DQU01oc3aouXL0a2tdoQgnuah0g01ka97eFFo09f2H7ddnlwwQp01AQlp00hu8p00wxhp00rYTGhkzvjal1nKvamT4bVal1vPJ8m3k2xzddpDOaaxuJO,000x4lj0RqRM7ke3S97ke34X7kiv387kiueW7krkRY7krk4N7kiygQ7kixsF9l5BK89l1hPL9l1DkD9l1w51p00dIx9kW0m9a5McyQU01qleg01osrgozjd9gn8bLvp01AOx9oy5eY9oyjtY7oCzT57oy5eY7otIbtgm35MGp00NYxamKA79amKCN5p00qmTr00dHpr00Jvv,P1Win,,1,0,1,0,,0
2,000hM4joPQ766pHyEx60hK5Qt00ezca1w2oaT01yVMaex2DQU01oc3aouXL0a2tdoQgnuah0g01ka97eFFo09f2H7ddnlwwQp01AQlp00hu8p00wxhp00rYTGhkzvjal1nKvamT4bVal1vPJ8m3k2xzddpDOaaxuJO,000e3VjnPaYK7ph6SL7oPI737phcgD7oPNdwa00mEDa00oh4a00pSqp00zO2p004mbp00ez8p00oM5akqRbTakW1KkakIQcW7opeWs7opkkk7nXQaJ7nXVhd7nxn197nxso17n6Yeq7n74kTO009LdN08Xg6g009Ldg04BcAg093CX800tnV4p48qDi2j4i6p00zPl,P1Win,,1,0,1,0,,0
3,000hM4joPQ766pHyEx60hK5Qt00ezca1w2oaT01yVMaex2DQU01oc3aouXL0a2tdoQgnuah0g01ka97eFFo09f2H7ddnlwwQp01AQlp00hu8p00wxhp00rYTGhkzvjal1nKvamT4bVal1vPJ8m3k2xzddpDOaaxuJO,001aPwjiMPm7ajvJ7najvHeBajvFlRp01ASAp01AU0aoVlOXp01ARSad0XeHaoVjW8aoVi4mq01ATip01ezrT015r4ajvCDA8nQ1258nLzoS8jA3J0ajvFkwgpIx6lL015cPt019egt019egt019egt019egt019egt019egt019egad0UxLLlG08i,P1Win,,1,0,1,0,,0
4,000hM4joPQ766pHyEx60hK5Qt00ezca1w2oaT01yVMaex2DQU01oc3aouXL0a2tdoQgnuah0g01ka97eFFo09f2H7ddnlwwQp01AQlp00hu8p00wxhp00rYTGhkzvjal1nKvamT4bVal1vPJ8m3k2xzddpDOaaxuJO,000fATjpV3wls00GcEla2sFglaBHTclbgmRzlbPByIlcuggHld8TXGldQXq7s00GtAs00Cad,P1Win,,1,0,1,0,,0
5,000hM4joPQ766pHyEx60hK5Qt00ezca1w2oaT01yVMaex2DQU01oc3aouXL0a2tdoQgnuah0g01ka97eFFo09f2H7ddnlwwQp01AQlp00hu8p00wxhp00rYTGhkzvjal1nKvamT4bVal1vPJ8m3k2xzddpDOaaxuJO,000jTeanTMyEanTPfAa1NCt2a1NFa0p00xkdjn77cvabc00VX006YDN009FuO009Fu9l5GzF9l5Pbe7k9tEm7k9usx7kikPb7kilDm7kr3We7kr4Knw004iCw006rLw008AUw00aK4p00vIr4nYbvSr01AOxr013Lj,P1Win,,1,0,1,0,,0
6,000hM4joPQ766pHyEx60hK5Qt00ezca1w2oaT01yVMaex2DQU01oc3aouXL0a2tdoQgnuah0g01ka97eFFo09f2H7ddnlwwQp01AQlp00hu8p00wxhp00rYTGhkzvjal1nKvamT4bVal1vPJ8m3k2xzddpDOaaxuJO,000gJLp00xWsp00IH34nxKnFa00wAWa00zhSp00KPsp00SQjp00MXRp00P7hp00QYip00UYI80Rkvz7oPFq77oPIDP7oPLRyakdWeAakdTxE7kdHJM7kdIOm7kmB4K7kmC9kO0089QjmK5z1p00X88r01ARO9oGPQE9oGXUs9oH6Yg9mJSJH9mK1Nv9mK9Rj9nGaqs9nGiug9nGqy43cyE1majuHeg,P1Win,,1,0,1,0,,0
7,000hM4joPQ766pHyEx60hK5Qt00ezca1w2oaT01yVMaex2DQU01oc3aouXL0a2tdoQgnuah0g01ka97eFFo09f2H7ddnlwwQp01AQlp00hu8p00wxhp00rYTGhkzvjal1nKvamT4bVal1vPJ8m3k2xzddpDOaaxuJO,001aPca2bLgxa2bIzBp01ARQanQg7bp01A6Ep01q86p01f6Xp014mdamYopXal25x8al22Q8t014EFp01AC73agBFtt0175ct0175ct0175ct0175ct0175ct0175ct0175ct0175ct0175cq01Amot0175canQdqbamYlIW,P1Win,,1,0,1,0,,0
8,000hM4joPQ766pHyEx60hK5Qt00ezca1w2oaT01yVMaex2DQU01oc3aouXL0a2tdoQgnuah0g01ka97eFFo09f2H7ddnlwwQp01AQlp00hu8p00wxhp00rYTGhkzvjal1nKvamT4bVal1vPJ8m3k2xzddpDOaaxuJO,001fllp01AOzU01ostt017hVjohBVBt014jv40eBrMU01cmKa01AOxgnubBXgnQg27gnQiI3ad1mAMad1c7ra6rsS5amL0n8p01APdp01APQa6ruKPa3tT6r86vSXu8esid78fxpgv9eskCEr01AQygnQ2k3gjvHXsgkWPFu7knFOUa0WRw4ajvLt3,P1Win,,1,0,1,0,,0
9,000hM4joPQ766pHyEx60hK5Qt00ezca1w2oaT01yVMaex2DQU01oc3aouXL0a2tdoQgnuah0g01ka97eFFo09f2H7ddnlwwQp01AQlp00hu8p00wxhp00rYTGhkzvjal1nKvamT4bVal1vPJ8m3k2xzddpDOaaxuJO,000qp2U00tRdU00Ll9U00f50T00W7OT01A1rp01w0Bp01rbtp01nXLp01liJopixpUo0J4Cmp01iDra0Jm5ka0JoLgp005J5a2wr8Wa3fxhjam2bIHamKhR4a0IOM2a15Tcba4lS1Ya4lUHUN1s2F9goyNmRgphTvdg05ncFakAzLnakWCPyaljFTK800Xu0OpURzYLkzYtFp00xRDr00YLR,P1Win,,1,0,1,0,,0
10,000hM4joPQ766pHyEx60hK5Qt00ezca1w2oaT01yVMaex2DQU01oc3aouXL0a2tdoQgnuah0g01ka97eFFo09f2H7ddnlwwQp01AQlp00hu8p00wxhp00rYTGhkzvjal1nKvamT4bVal1vPJ8m3k2xzddpDOaaxuJO,000jT4t00htHt00iOFt00kaDt00lvBp00FUHa00tj0a00vYWr004zuanouF27kdPHR7kdR3P7kdSoN7kdTJL7kdV5J7kdWqH9l5Fv29l5LpG9l5RklimSLrUh2WQMkimOhkL4p4dIWj0Imgiaocy91aocAOWamKeBF,P1Win,,1,0,1,0,,0
11,000hM4joPQ766pHyEx60hK5Qt00ezca1w2oaT01yVMaex2DQU01oc3aouXL0a2tdoQgnuah0g01ka97eFFo09f2H7ddnlwwQp01AQlp00hu8p00wxhp00rYTGhkzvjal1nKvamT4bVal1vPJ8m3k2xzddpDOaaxuJO,000imer00tDUp00tEbp017gUp017jHp01m5cp01m7Yp01APcp01ARYinG7Jw4oys9Ajo7MIqakVOVlakVRCka2SOY3a2SREYO08XfE7nKzHi7nozAq7p8lCB7nXRM67oLn877opn1g7kzTWl7kiivm7kvxCr7kdVbs7krbix7k9yQy7kmMmh7k5aUiN090W2g0qAeqg0hOqUg0qFBJ,P2Win,,0,0,0,0,,0
12,000hM4joPQ766pHyEx60hK5Qt00ezca1w2oaT01yVMaex2DQU01oc3aouXL0a2tdoQgnuah0g01ka97eFFo09f2H7ddnlwwQp01AQlp00hu8p00wxhp00rYTGhkzvjal1nKvamT4bVal1vPJ8m3k2xzddpDOaaxuJO,000DjUX00BHi600z0OjmTq1Pr00P9sjopWcUO00BGKO00xVfO00Fsgp00Yypa00XcTp010lBp00W6Lp00NeMp00veqp00EmNp0104Daj9hjIaj9jcqaj9l5ca0105Ea011Xpw00Bqmw00FbRw00xVf,P2Win,,0,0,0,0,,0
13,000hM4joPQ766pHyEx60hK5Qt00ezca1w2oaT01yVMaex2DQU01oc3aouXL0a2tdoQgnuah0g01ka97eFFo09f2H7ddnlwwQp01AQlp00hu8p00wxhp00rYTGhkzvjal1nKvamT4bVal1vPJ8m3k2xzddpDOaaxuJO,001aPqjjAihta3gQrba3gNKfp01ADDa01ATua01ydyp01AT49mTVK99mTCVB9nQdqT9nPTCm9oUYN09oViBx7jW6zv7jW7nG7kanPJ7kaoDU7ngKPR7ngOkY7o4e2J7o4hwQ7oQJII7oQGeBt017lht01e3Qp01AStp01qoSp01gs6ajRNwnajRLU1ajRKiEp016vF4odtEAGnYF86p00TrXr01ARJ,P1Win,,1,0,1,0,,0
14,000hM4joPQ766pHyEx60hK5Qt00ezca1w2oaT01yVMaex2DQU01oc3aouXL0a2tdoQgnuah0g01ka97eFFo09f2H7ddnlwwQp01AQlp00hu8p00wxhp00rYTGhkzvjal1nKvamT4bVal1vPJ8m3k2xzddpDOaaxuJO,000jmma2wIkXa2wFE09liKq99liOrX9leriY9letIw9lewps9lez6o9leBMkt00aKIp00AhzamKo1ramKlkvU01tPjp01AOxj0ML0J7kifsj7kihRQ7kibGN7kidPW7kr51L7kr7aU7kr1gg7kr3ppr004jea004iG9esAdt9eODhEr00OyXgnQkANa2GBnUa2GyGY,P2Win,,0,0,0,0,,0
15,000hM4joPQ766pHyEx60hK5Qt00ezca1w2oaT01yVMaex2DQU01oc3aouXL0a2tdoQgnuah0g01ka97eFFo09f2H7ddnlwwQp01AQlp00hu8p00wxhp00rYTGhkzvjal1nKvamT4bVal1vPJ8m3k2xzddpDOaaxuJO,000FJmp01sgQp01sg4p0146Sp012vIa0160ir00O51apVG1E81FqoRjoQpi3j1AJYKao3QaTajRai2inoPs3hmxcdNhmxbpCp00O3jE0rlc94oq9zbp011W99kWhmQp01svCp00W7K9kn0MW9kmU9Gig7lePhnGCnnap4Hlpr01AT87kiAvI7kiFSA,P1Win,,1,0,1,0,,0
16,000hM4joPQ766pHyEx60hK5Qt00ezca1w2oaT01yVMaex2DQU01oc3aouXL0a2tdoQgnuah0g01ka97eFFo09f2H7ddnlwwQp01AQlp00hu8p00wxhp00rYTGhkzvjal1nKvamT4bVal1vPJ8m3k2xzddpDOaaxuJO,000lMQj0qWK2joHfMmq00IU6a00L3Ha00JaWa00HicU00mR3F0doy1a00lLVa0zBO3ansU2YanGKaMU005oYanlqb8goU1kzgp3Qaqgph5JIgppUzzgpyKprangXJKa1iGl3a2azlVa32smOalNzyVamFszOansVQgaokOR9ap8j8A,P2Win,,0,0,0,0,,0
17,000hM4joPQ766pHyEx60hK5Qt00ezca1w2oaT01yVMaex2DQU01oc3aouXL0a2tdoQgnuah0g01ka97eFFo09f2H7ddnlwwQp01AQlp00hu8p00wxhp00rYTGhkzvjal1nKvamT4bVal1vPJ8m3k2xzddpDOaaxuJO,000dYpajuFO0ajuNRNa00osVa00r9Uj1rmKoimJPXQh1rgzl9kMYdX9l5BcJ9kN4AP9l5GzB9kN9XH9l5LWtl9JUffld0aLaa3gQrbp00YsQp00UYzp00QXpp00KN6v00Qq5xkzKYDxkzQmvxkzVJna00x9r,P1Win,,1,0,1,0,,0
18,000hM4joPQ766pHyEx60hK5Qt00ezca1w2oaT01yVMaex2DQU01oc3aouXL0a2tdoQgnuah0g01ka97eFFo09f2H7ddnlwwQp01AQlp00hu8p00wxhp00rYTGhkzvjal1nKvamT4bVal1vPJ8m3k2xzddpDOaaxuJO,000jmlX006Ifp00El4w004iCj00fQxp00Gdcj2atqxU00Owma1ahP1w005DAw006Yyw008kww009Fuw00qBhO004iCO005TYO007wlt00qkUr01cpar01n8Xa1ajaYa1akMl,P2Win,,0,0,0,0,,0
19,000hM4joPQ766pHyEx60hK5Qt00ezca1w2oaT01yVMaex2DQU01oc3aouXL0a2tdoQgnuah0g01ka97eFFo09f2H7ddnlwwQp01AQlp00hu8p00wxhp00rYTGhkzvjal1nKvamT4bVal1vPJ8m3k2xzddpDOaaxuJO,001kdBT01a1hLo4nG2ajvNnSjo4rrxaozsW1aozqg1G0171Rp01f5zp01nWyp01wOxt01f7st01i4zt01iRIt01hwMt01axqt01cq1t01ezFt01ej6t01jqmr01aMUp01qWUajvENhr01lhOp01vdHp01tlHajvR9oajvUTT800XKoa6vX4M,P1Win,,1,0,1,0,,0
20,000hM4joPQ766pHyEx60hK5Qt00ezca1w2oaT01yVMaex2DQU01oc3aouXL0a2tdoQgnuah0g01ka97eFFo09f2H7ddnlwwQp01AQlp00hu8p00wxhp00rYTGhkzvjal1nKvamT4bVal1vPJ8m3k2xzddpDOaaxuJO,000noj9liTNV9kW19w9kW9dk9liPM29liXPP9kW5bqan7mfxr0057namJRj3p01AOxp01zL7p01yaTp00FUH7kmEJx7kmFO77kr7aU7kr8fu7kvyBi7kvzFRj0VzL1q00unwT01hcOr01wQ5g53NW5a54E0Pa54FSAa54HLlU015DTO00iNSp00EAnp00Dg59esd6D9fbgy4p00noSr01vwga1sg2R,P2Win,,0,0,0,0,,0
21,000hM4joPQ766pHyEx60hK5Qt00ezca1w2oaT01yVMaex2DQU01oc3aouXL0a2tdoQgnuah0g01ka97eFFo09f2H7ddnlwwQp01AQlp00hu8p00wxhp00rYTGhkzvjal1nKvamT4bVal1vPJ8m3k2xzddpDOaaxuJO,0016gNa4uFNpp01AU0jlOK7Ap01AT4Ep0zyzp01qafakeINhakeGUvakeF2Kp0131wp01e2Kp01q8L9p4IIc9p4RjMg00XdBg011HIg014Vr7k5Koe7k5NBW7keAut7keDIc7oDifx7oDkoG7oDmxP7ncbC57ncdLe7ncfUn9nPPk49nQ00ep012Ibp012qkg019v8aohGQ4aohIIOaohKBz4o07hP,P1Win,,1,0,1,0,,0
22,000hM4joPQ766pHyEx60hK5Qt00ezca1w2oaT01yVMaex2DQU01oc3aouXL0a2tdoQgnuah0g01ka97eFFo09f2H7ddnlwwQp01AQlp00hu8p00wxhp00rYTGhkzvjal1nKvamT4bVal1vPJ8m3k2xzddpDOaaxuJO,000e23p004k8GpQi13jnt8Xgu00hdup00nHcp00sfVp00wxgp00mB1Fl1b8jyl178Rt004kFt004ldt004lKp00r9rr00B60r004o5t00e2Dt00e2Dt00e2D,P1Win,,1,0,1,0,,0
23,000hM4joPQ766pHyEx60hK5Qt00ezca1w2oaT01yVMaex2DQU01oc3aouXL0a2tdoQgnuah0g01ka97eFFo09f2H7ddnlwwQp01AQlp00hu8p00wxhp00rYTGhkzvjal1nKvamT4bVal1vPJ8m3k2xzddpDOaaxuJO,000hK6j00fQyjnPaUlzcQpv5O00hcwp00CH7p00BD6p00Azbp01dHRT01rq8a01uTSa01tiwad1svr801r9na3fLfLa3fIyIamKhPoamKf9s9kVXsB9kVULF9kVS5K9l9Xgf9la0Wb9la3Db7kdLWq7kr0bK7kdODk7kr2RE7kdRkf7kr5yzr004kBamJQfSp01cnIp01c8cp01b4sr00HRTr00Ia1,P1Win,,1,0,0,0,,1
24,000hM4joPQ766pHyEx60hK5Qt00ezca1w2oaT01yVMaex2DQU01oc3aouXL0a2tdoQgnuah0g01ka97eFFo09f2H7ddnlwwQp01AQlp00hu8p00wxhp00rYTGhkzvjal1nKvamT4bVal1vPJ8m3k2xzddpDOaaxuJO,001iPCU01x5Kt01ewWgnujqyU01x42al2A8pT01leIa4lGJva4lJqrp01lM6j0JpLop01jEGr01aKnG8odCVr01ARJr0185Tp01APBa3gNF3a3gQlYP16Bbh9f7g02a6vMMra6vPtnN0S9FUdlFYeo7f2QfAOpRrWta1sHIo7f7hl0,P1Win,,1,0,1,0,,0
25,000hM4joPQ766pHyEx60hK5Qt00ezca1w2oaT01yVMaex2DQU01oc3aouXL0a2tdoQgnuah0g01ka97eFFo09f2H7ddnlwwQp01AQlp00hu8p00wxhp00rYTGhkzvjal1nKvamT4bVal1vPJ8m3k2xzddpDOaaxuJO,000Dypt00rcPT00Nv0ajvjOMLpV0BiLo3A1NajveYsajvd6FajvbdTa00MGVa00PnTp00O0JajvmtFp01ezkp01nXct00BWahou0X4p01xlYt00BWat00BWat00BWat00BWat00BWat00BWat00BWat00BWap00BWTa6qKVGr01yJ5,P1Win,,1,0,1,0,,0
26,000hM4joPQ766pHyEx60hK5Qt00ezca1w2oaT01yVMaex2DQU01oc3aouXL0a2tdoQgnuah0g01ka97eFFo09f2H7ddnlwwQp01AQlp00hu8p00wxhp00rYTGhkzvjal1nKvamT4bVal1vPJ8m3k2xzddpDOaaxuJO,001f6Fp01yarp01x6Ip01vLCp01sP2akWU0YakWWGYapErUWapEuSfp01huCr01qa2t01dLdt01dLdt01dLdt01dLdt01dLdt01dLdt01dLdt01dLdt01dLdt01dLdt01dLdt01dLdt01dLd,P1Win,,1,0,1,0,,0
27,000hM4joPQ766pHyEx60hK5Qt00ezca1w2oaT01yVMaex2DQU01oc3aouXL0a2tdoQgnuah0g01ka97eFFo09f2H7ddnlwwQp01AQlp00hu8p00wxhp00rYTGhkzvjal1nKvamT4bVal1vPJ8m3k2xzddpDOaaxuJO,001hy1T011pKajvxO7L01fUQL01tofjozgjQa01tnva01qGxajvOKip01qEYp01hwFajvRrhp01AmIt0160vt0160vt0160vt0160vt0160vt0160vt0160vt0160vt0160vt0160vp01AlVagg5qqagg87m,P2Win,,0,0,0,0,,0
28,000hM4joPQ766pHyEx60hK5Qt00ezca1w2oaT01yVMaex2DQU01oc3aouXL0a2tdoQgnuah0g01ka97eFFo09f2H7ddnlwwQp01AQlp00hu8p00wxhp00rYTGhkzvjal1nKvamT4bVal1vPJ8m3k2xzddpDOaaxuJO,001hvXjnLOs1t01bSAt01jWop01yHVp01wzwp01qD4p01fSkT01AQlU01daV9o4gWr9o4t399p9m859p9ydM90ep7n90eBd57olXuT7om1IC7pifbE7piipn70etG470ewTMg01atYg01bOWaggtMva6rDnGa6rFgra6rH9cakAS18akAUH4a01w2ca01yI8,P1Win,,1,0,1,0,,0
29,000hM4joPQ766pHyEx60hK5Qt00ezca1w2oaT01yVMaex2DQU01oc3aouXL0a2tdoQgnuah0g01ka97eFFo09f2H7ddnlwwQp01AQlp00hu8p00wxhp00rYTGhkzvjal1nKvamT4bVal1vPJ8m3k2xzddpDOaaxuJO,000zxha00Ju1a00MaYt00q8Ct00q8Ct00q8Ct00q8Ct00q8Ct00q8Ct00q8Ct00q8Ct00q8Cp00V1Wp00LRHalX5MValX8tRp00TUhp00T6cp01Ayhp01zLgp01yYJp01z0Xp01nUSp017gsp01f5jr00zeqr00yY1j1esEd800K3kp01eyPT01dfOL00uWQL0N7OTajvFCh,P1Win,,1,0,1,0,,0
30,000hM4joPQ766pHyEx60hK5Qt00ezca1w2oaT01yVMaex2DQU01oc3aouXL0a2tdoQgnuah0g01ka97eFFo09f2H7ddnlwwQp01AQlp00hu8p00wxhp00rYTGhkzvjal1nKvamT4bVal1vPJ8m3k2xzddpDOaaxuJO,000gFlt006sl9kIu6G9kICas9kIKeg9l5vOT9l5DSF9l5LWta00rqg9oLcOtj0Rb1z7k4TqB7k9l3L7kdLFX7kidja7kmDVmp00vHLp00tPDamKiTX9oLkSf9oLsW370qyNd70hMc37090zU700dXM7pQty0ad05p7t00dI0t00dbe,P1Win,,1,0,1,0,,0
31,000hM4joPQ766pHyEx60hK5Qt00ezca1w2oaT01yVMaex2DQU01oc3aouXL0a2tdoQgnuah0g01ka97eFFo09f2H7ddnlwwQp01AQlp00hu8p00wxhp00rYTGhkzvjal1nKvamT4bVal1vPJ8m3k2xzddpDOaaxuJO,001lw9t018lWt01cEfU01dHHU01xkqa2bLaOj0NOvn9eXyunafbJzyU00Pmmgm2vBup01nUEOpVW4tgphNxWa1NVhWT01ypUa3YQQwdkWpmia6w5Nb8n7zHza3YOaAa00PlOakX2Lc9fGgHIr01ya77fbLIHa01APv7oHPf27oHRUX7oHUBTa01fk4a1OqmFr00TmYr01jTv,P2Win,,0,0,0,0,,0
32,000hM4joPQ766pHyEx60hK5Qt00ezca1w2oaT01yVMaex2DQU01oc3aouXL0a2tdoQgnuah0g01ka97eFFo09f2H7ddnlwwQp01AQlp00hu8p00wxhp00rYTGhkzvjal1nKvamT4bVal1vPJ8m3k2xzddpDOaaxuJO,000i1Kj2aqd5j00j5w9lERvt9lF0zj7kzNFP7kzRHJ9oy9099oybG59oyen1a15wkUa15z1S415xFUp00EzJr00dIct00cnuan7gRFan7jyB9kVQK19kVTqW9kVW7SxkVO43xkVQK1xkVTqWin6TAg,P1Win,,1,0,1,0,,0
33,000hM4joPQ766pHyEx60hK5Qt00ezca1w2oaT01yVMaex2DQU01oc3aouXL0a2tdoQgnuah0g01ka97eFFo09f2H7ddnlwwQp01AQlp00hu8p00wxhp00rYTGhkzvjal1nKvamT4bVal1vPJ8m3k2xzddpDOaaxuJO,000dYpa1JbiWamKkwkp00y8jp00wger01AUgamKndga1J8BWp0084ap00gV97oLgzW7oLjNF7oLn2ojoye6m7kdHE47kdKRM7kdO6v7kqWem7kr0s57kr3FN9oGN509oGURp9oH3EO9kRiAx9lekjK1lnkmyr01Ayd1lnlaJ1lnn3u1lnoVf9kRoeN9kRtS49kRzwk9lepX19levBh9leBfx,P1Win,,1,0,1,0,,0
34,000hM4joPQ766pHyEx60hK5Qt00ezca1w2oaT01yVMaex2DQU01oc3aouXL0a2tdoQgnuah0g01ka97eFFo09f2H7ddnlwwQp01AQlp00hu8p00wxhp00rYTGhkzvjal1nKvamT4bVal1vPJ8m3k2xzddpDOaaxuJO,000Ywya2xzwSa2xCdOa82mpna6vRnra6vSYNT01nnVa6vVExa6vSXBp01nowp01np7p01npIU011qxT00QdMLmbjBRLnPFCL8mTzWW8mTAL88mTC768mTCUh80eepg8kADgV8krOfg8dRRPC8hHnk58jvxi78pzAwk8pzBkv8pzDtEI8jyU3Il6qN6Ijvvpmp01AOLp01n9Up01narp01mTzal23n8al2647a7X0Rla7jojvp01mDHop5j6pq01momp01mnKo0SgJFp01AyT80en0Q,P2Win,,0,0,0,0,,0
35,000hM4joPQ766pHyEx60hK5Qt00ezca1w2oaT01yVMaex2DQU01oc3aouXL0a2tdoQgnuah0g01ka97eFFo09f2H7ddnlwwQp01AQlp00hu8p00wxhp00rYTGhkzvjal1nKvamT4bVal1vPJ8m3k2xzddpDOaaxuJO,0011p5apzRW880eepga2xz06a2xBG2a9p4zlaaQdClT01nnVa6vVExa6vSXBp01nowp01np7p01AOLp01npFU01dJRp01n9Sp01mT2p01mTCp01mDHp01moma7X0Rla82rKVp01mE8op5j6po0SgcSU00xUup00YJf9moNv39mtfoDdkmY8Ua1At2ia1AvIep00YKBU010khdiMrEPdkj0bRa1ATmua1AW3p8mbvFDa3gpem7jmk3G7jmkAtT013PL1mbANvdkn11F,P2Win,,0,0,0,0,,0
36,000hM4joPQ766pHyEx60hK5Qt00ezca1w2oaT01yVMaex2DQU01oc3aouXL0a2tdoQgnuah0g01ka97eFFo09f2H7ddnlwwQp01AQlp00hu8p00wxhp00rYTGhkzvjal1nKvamT4bVal1vPJ8m3k2xzddpDOaaxuJO,0019dCGeeOYlp01ATJp01ogop016Lnp01f6Hp01ASnp01AT8LntGleamLkRGamLnyCa01t7Qp01AORp01AQhal2Btop00XrnT01fpMOoHSOir018a4t0189ralKjukalKlDt8mYfj0jnyBfqaf69xSp00atHajvCEpajvEx9ajvGpTr004jLp00qSOr00rFWp00WAgp01AUgt0189rt0189rt0189rt016gGt016gG,P2Win,,0,0,0,0,,0
37,000hM4joPQ766pHyEx60hK5Qt00ezca1w2oaT01yVMaex2DQU01oc3aouXL0a2tdoQgnuah0g01ka97eFFo09f2H7ddnlwwQp01AQlp00hu8p00wxhp00rYTGhkzvjal1nKvamT4bVal1vPJ8m3k2xzddpDOaaxuJO,001iONimTGBYt01hcOT01rGaa9bXPap01vYsa9YtHXa4DpCXa4DsjTr01qCd4pe0Saa1KgVEaov6i1p01av6p015Ui7keO6O7keRkx7keTdi7kaqXJ7kaucs7kaw5da8SXKs9kwgkQ9kwq119kwyld9013L9901drj901lLv9losahj1FGrt1kWRyf1kWTXM1kWWok1kWXcv,P1Win,,1,0,1,0,,0
38,000hM4joPQ766pHyEx60hK5Qt00ezca1w2oaT01yVMaex2DQU01oc3aouXL0a2tdoQgnuah0g01ka97eFFo09f2H7ddnlwwQp01AQlp00hu8p00wxhp00rYTGhkzvjal1nKvamT4bVal1vPJ8m3k2xzddpDOaaxuJO,001gpvU01rpLp01yFpp01xl0p00YJYp01fSJp01w0Bp01daVajw5h7ajw7X3ajvJjqajvM0ma01uTSo01AOxo0nsXjt01ewRt01ewRt01ewRt01ewRt01ewRt01ewRt01ewRt01ewRt01ewRt01ewRa01sdW,P2Win,,0,0,0,0,,0
39,000hM4joPQ766pHyEx60hK5Qt00ezca1w2oaT01yVMaex2DQU01oc3aouXL0a2tdoQgnuah0g01ka97eFFo09f2H7ddnlwwQp01AQlp00hu8p00wxhp00rYTGhkzvjal1nKvamT4bVal1vPJ8m3k2xzddpDOaaxuJO,000xpgT015b3L00wAhL00lQwajvBj1jn7nosa00G0Xa00IGXp00yctajv7JYajv543t00reMt00reMt00reMt00reMt00reMt00reMt00reMt00reMt00reMt00reMp00HlOp01liEp01mCNp01nWWp01pi6p00PFop00UIa,Draw,,0,0.5,0,0.5,,0
40,000hM4joPQ766pHyEx60hK5Qt00ezca1w2oaT01yVMaex2DQU01oc3aouXL0a2tdoQgnuah0g01ka97eFFo09f2H7ddnlwwQp01AQlp00hu8p00wxhp00rYTGhkzvjal1nKvamT4bVal1vPJ8m3k2xzddpDOaaxuJO,000kqQ7kdHUwj0RaKb7kdJ067kdK4F7kialT7kibqt7kicuY7kmBMd7kmCQM7kmDVm9l9YBh9la4Y59laalW9lafIO4oQ3rj9oLfvr9oLnzb9oLvCY9oLDGRxk4SCsxkdKl4xkmC3Br0084J9lamrJajuArc7kmUAPT01yHda6w6SEa6w4cIr00xRwr01AUgr01ARF7kmVFp,P1Win,,1,0,1,0,,0
41,000hM4joPQ766pHyEx60hK5Qt00ezca1w2oaT01yVMaex2DQU01oc3aouXL0a2tdoQgnuah0g01ka97eFFo09f2H7ddnlwwQp01AQlp00hu8p00wxhp00rYTGhkzvjal1nKvamT4bVal1vPJ8m3k2xzddpDOaaxuJO,000i1Pzd06dQT005ojT00gon8n78NRamKe4UamKgKPa15vwLa0MVf14phqr6N004jc9o39nA9mX5xUj0VzuXzd0720zd07Pazd08Dl9mXe8V9o3iLM8n77sT8n767V7nOV9g7nOXPc7mX5hw7mX7XsamJQLNamJSEyamJUxj7nP1fJ,P1Win,,1,0,1,0,,0
42,000hM4joPQ766pHyEx60hK5Qt00ezca1w2oaT01yVMaex2DQU01oc3aouXL0a2tdoQgnuah0g01ka97eFFo09f2H7ddnlwwQp01AQlp00hu8p00wxhp00rYTGhkzvjal1nKvamT4bVal1vPJ8m3k2xzddpDOaaxuJO,000e2mo1smQqp01avdon80ehp01fQQp00hKrp00tPEU005FeU00FURp019aTp017PAp016vhp015aXT01A1wp01yGdp01A5Mp01A6rOpUGPfp00tQDU00QHTamKDqAU00xUAa6w64c8dnCPfa3g5Sja3g8zfa3fU6Ea3fWMA800DeLamKlUramKoBnamJSF5amJVm1gphsC5N6uYV0gph33DgobWS0,P1Win,,1,0,1,0,,0
43,000hM4joPQ766pHyEx60hK5Qt00ezca1w2oaT01yVMaex2DQU01oc3aouXL0a2tdoQgnuah0g01ka97eFFo09f2H7ddnlwwQp01AQlp00hu8p00wxhp00rYTGhkzvjal1nKvamT4bVal1vPJ8m3k2xzddpDOaaxuJO,000keDL00lPcjnPaHVT015b3ajA13sajzcS6ajzhI9L00veDp01jGjp01kK9p01m5op01nG1p01p1fp01suna00tnaa00w48t00a2et00a2et00a2et00a2et00a2et00a2et00a2et00a2et00a2et00a2ep00gHSp00pjt,P2Win,,0,0,0,0,,0
44,000hM4joPQ766pHyEx60hK5Qt00ezca1w2oaT01yVMaex2DQU01oc3aouXL0a2tdoQgnuah0g01ka97eFFo09f2H7ddnlwwQp01AQlp00hu8p00wxhp00rYTGhkzvjal1nKvamT4bVal1vPJ8m3k2xzddpDOaaxuJO,000iPot009adp00DeLa6uzlNr004jvamogUNamoeeO9kVHSK9kRoMy9kN6uj9kIMUXa0msSTa00tQH404PU8imnONr9pyXPC9pDerI9pHu3XzcULPR7kihCb7kift37kie877kibXV7kdQNa7kdPsd7kdNj87kdL9J1nPaEE1nKH9KE00aKwj1n0Y0,P1Win,,1,0,1,0,,0
45,000hM4joPQ766pHyEx60hK5Qt00ezca1w2oaT01yVMaex2DQU01oc3aouXL0a2tdoQgnuah0g01ka97eFFo09f2H7ddnlwwQp01AQlp00hu8p00wxhp00rYTGhkzvjal1nKvamT4bVal1vPJ8m3k2xzddpDOaaxuJO,001dMIT008qft018GsjngYgWa3gQaMa01sA4p01yKxa01ydda01vwhp01A5op01qoSp01i4Ip019taajvLNbajvPyJajvNFYp0157G9mTU8M9mTE1b9n81Eh9oddxK9ocWq99pi2AM9piiIo7pi3VK7pi7XE7od2N17ocXL77n7SAt7n7WCn7ks15T7kjdVY7kaqN4EpEeNlad05tu40NOjj,P1Win,,1,0,1,0,,0
46,000hM4joPQ766pHyEx60hK5Qt00ezca1w2oaT01yVMaex2DQU01oc3aouXL0a2tdoQgnuah0g01ka97eFFo09f2H7ddnlwwQp01AQlp00hu8p00wxhp00rYTGhkzvjal1nKvamT4bVal1vPJ8m3k2xzddpDOaaxuJO,000i3kjnkkchjpuv5lhn6X6RiognsnSphccOU01tiw9esyB79eOBFip01A4Rp01bCpp01Ay9a2TOlQa2TLEUt00e1fabU0gzp00tRua2aF2ia2aCllamKh3JamKemNp00AQ4p00Dwjp00EAhp00j6TajuSIYajuQ33GgfvWrzddtpd,P2Win,,0,0,0,0,,0
47,000hM4joPQ766pHyEx60hK5Qt00ezca1w2oaT01yVMaex2DQU01oc3aouXL0a2tdoQgnuah0g01ka97eFFo09f2H7ddnlwwQp01AQlp00hu8p00wxhp00rYTGhkzvjal1nKvamT4bVal1vPJ8m3k2xzddpDOaaxuJO,000lOPt00cqE608W9up00mnujoYECY6pcIIEajuQlbajuT27p00n9sGk9mHDa0ibrja0i8Klp00KMtr00mQSp00zfOU01vYua01Ay99fg3FJU00ybYa00BVWa00zg1dkvHg2p00ogRa47zdFr01vKea01xm3r00PpJN4PFAYp00yY0r01AT5,P2Win,,0,0,0,0,,0
48,000hM4joPQ766pHyEx60hK5Qt00ezca1w2oaT01yVMaex2DQU01oc3aouXL0a2tdoQgnuah0g01ka97eFFo09f2H7ddnlwwQp01AQlp00hu8p00wxhp00rYTGhkzvjal1nKvamT4bVal1vPJ8m3k2xzddpDOaaxuJO,000gHXU01yFta3gNEwa3gKXAp01heCooz9ODo0ngkOT01jSPa6vQhya6vNACU013Ova1seJIa1sc3MU00S3Ra3gcB9a3g9Udg00QHmU00BUQa1rKa8a1rHtcg00zenU00JXba3g1hJa3fY8AU00j79a1rrlqa1roEug00krzU008lva1rjgIa1rgzMgoU82Bp01ATRp01APBp01AQFp01ASNp01ARJr01AUgr01ATk8oUQp0,P1Win,,1,0,1,0,,0
49,000hM4joPQ766pHyEx60hK5Qt00ezca1w2oaT01yVMaex2DQU01oc3aouXL0a2tdoQgnuah0g01ka97eFFo09f2H7ddnlwwQp01AQlp00hu8p00wxhp00rYTGhkzvjal1nKvamT4bVal1vPJ8m3k2xzddpDOaaxuJO,000imer004nRr00tDUp00f7qp00tEbp017gUp017jHp01APcp01ARYinOVep4oys9Aj04HCEan7fR8an7iy3a2SKFKa2SNmG7k9iYW7k4WtC7k0AWT7kdMzR7kihao7kr8ld7kmLOu7kvBUJ7p8lCB7oLn877opn1g7nXRM67nBThB7nfTaKbch91Ozd0fabN090W29nGlbcwoYydiw04CNW,P2Win,,0,0,0,0,,0
50,000hM4joPQ766pHyEx60hK5Qt00ezca1w2oaT01yVMaex2DQU01oc3aouXL0a2tdoQgnuah0g01ka97eFFo09f2H7ddnlwwQp01AQlp00hu8p00wxhp00rYTGhkzvjal1nKvamT4bVal1vPJ8m3k2xzddpDOaaxuJO,000AQTU01oIPT01f8NL15FKlL15khmajvOuu8nQac3p00E46o0JuWUoomcX3p01tzst00i4Bp019btr012uGapW3fjapW5VfamTpYXalKoRJajzBOgp01cExp00TmIt00q7mt00q7mt00q7mt00q7mt00q7mt00q7mt00q7mt00q7m,P1Win,,1,0,1,0,,0
51,000hM4joPQ766pHyEx60hK5Qt00ezca1w2oaT01yVMaex2DQU01oc3aouXL0a2tdoQgnuah0g01ka97eFFo09f2H7ddnlwwQp01AQlp00hu8p00wxhp00rYTGhkzvjal1nKvamT4bVal1vPJ8m3k2xzddpDOaaxuJO,000iQMU00jUka4TU6FT01AOya9LjHma6w6RnLjuC6DjnTpewa00n8vp00UKwp016e5800BI88ocNgCU00STHp015rvanUb1sp014VrU01cTxa6vIdKU00FUJa6vbXxa3gvnLa3fY8ygphguyp00VgHU00zKJgpDjyJg00krzN1NvKzO00jYaa3fQ5ir004EJagfOu28e6GhF,P1Win,,1,0,1,0,,0
52,000hM4joPQ766pHyEx60hK5Qt00ezca1w2oaT01yVMaex2DQU01oc3aouXL0a2tdoQgnuah0g01ka97eFFo09f2H7ddnlwwQp01AQlp00hu8p00wxhp00rYTGhkzvjal1nKvamT4bVal1vPJ8m3k2xzddpDOaaxuJO,001hymin7PD9g0rzqyg01bEhg01eldg01h29g01jI5g01mp1N0iIMzjnucvRO01ejRad0UxLp01wlramLjx7amLme3ajvNG44ozsabajvPyOajvRrBp01jppp01shDp01ASKE1FqVY7nldhf7ngQKw7ncveNp01axFr01zyl,P1Win,,1,0,1,0,,0
53,000hM4joPQ766pHyEx60hK5Qt00ezca1w2oaT01yVMaex2DQU01oc3aouXL0a2tdoQgnuah0g01ka97eFFo09f2H7ddnlwwQp01AQlp00hu8p00wxhp00rYTGhkzvjal1nKvamT4bVal1vPJ8m3k2xzddpDOaaxuJO,000iP0U01evSj15nYPT006sT7okLmn7okP7S7mX6Cv7mXao1zd07yLzd08mVzd09b7zd09Yiantikvantl1rv6rkOhT00goka2sfyYa2sifW4pd2ep8mXgi58mXireN004jd9nKwoP9mSGlh9nKAal9mOlmlajuCRgakdIcral5C1v,P1Win,,1,0,1,0,,0
54,000hM4joPQ766pHyEx60hK5Qt00ezca1w2oaT01yVMaex2DQU01oc3aouXL0a2tdoQgnuah0g01ka97eFFo09f2H7ddnlwwQp01AQlp00hu8p00wxhp00rYTGhkzvjal1nKvamT4bVal1vPJ8m3k2xzddpDOaaxuJO,001huaj1stdnX013Mfp01f3FajvJjqajvLcbajvN4VaoVoa5aoVqQ1a3YK8ga3YMON41szoJT01577p01AOxp01rat9oDsDH9oVjke7oz3Tg7oDvR5w00YJOw012qJw0157Fw017NBO0115LO016sDr01exGa01ex9p00TnUr01qFBa4LQhka4LSXg,P2Win,,0,0,0,0,,0
55,000hM4joPQ766pHyEx60hK5Qt00ezca1w2oaT01yVMaex2DQU01oc3aouXL0a2tdoQgnuah0g01ka97eFFo09f2H7ddnlwwQp01AQlp00hu8p00wxhp00rYTGhkzvjal1nKvamT4bVal1vPJ8m3k2xzddpDOaaxuJO,000i38inXJFihogs1Kt00ehjU01u6Hp01AOxp00A3qp00FFAp00CXyzd91Xza0dEGoa0dHnljoUfzMjn77uxan7fOqan7ivlp00iPgajuQjcajuT08GgfvppL61dXla3gNEw9ewWNL9eT0RWa00eynr00eyUr00A2Sp00WELp01ARNp01hgMSpcLnu,P1Win,,1,0,1,0,,0
56,000hM4joPQ766pHyEx60hK5Qt00ezca1w2oaT01yVMaex2DQU01oc3aouXL0a2tdoQgnuah0g01ka97eFFo09f2H7ddnlwwQp01AQlp00hu8p00wxhp00rYTGhkzvjal1nKvamT4bVal1vPJ8m3k2xzddpDOaaxuJO,000wzJSplKEup00HRct00wjlp00K0KamKsCJamKvjEa0mHHSa0mKoPinTzc5zcHMCUp00PDihn7cTE4o3L44p00Rf2N0E29u9kW1cd9kWfYejnCdAe7ke1vE7ke3EM7kiuyl7kmVrVg1iGoe,P1Win,,1,0,1,0,,0
57,000hM4joPQ766pHyEx60hK5Qt00ezca1w2oaT01yVMaex2DQU01oc3aouXL0a2tdoQgnuah0g01ka97eFFo09f2H7ddnlwwQp01AQlp00hu8p00wxhp00rYTGhkzvjal1nKvamT4bVal1vPJ8m3k2xzddpDOaaxuJO,000tB3p00TTcon7Iyco1sdI3akNkK5akNnr4p00wwkp00FVmp00Qr7t00nqlt00nqlt00nqlt00nqlt00nqlt00nqlt00nqlt00nqlt00nqlt00nqlt00nqlt00nql,P1Win,,1,0,1,0,,0
58,000hM4joPQ766pHyEx60hK5Qt00ezca1w2oaT01yVMaex2DQU01oc3aouXL0a2tdoQgnuah0g01ka97eFFo09f2H7ddnlwwQp01AQlp00hu8p00wxhp00rYTGhkzvjal1nKvamT4bVal1vPJ8m3k2xzddpDOaaxuJO,000gJwp00w4Dp00x7Yp00FY4p00IDVa0Izvwa1rFDSp00LjIp00S1z4mKkBhajuMAOajuPhLp00dN7p00jaY7phdkF7pheW27phiaK7oyaWO7oyczb7oyfMT7nP6qO7nP83b7nPbgT7kvsLO7kvu7M7kr6YH7kmAMO7kmC8M7kr3uAjkVVVp815ryNN08UzaNphfdq204utKOpUJwb,P2Win,,0,0,0,0,,0
59,000hM4joPQ766pHyEx60hK5Qt00ezca1w2oaT01yVMaex2DQU01oc3aouXL0a2tdoQgnuah0g01ka97eFFo09f2H7ddnlwwQp01AQlp00hu8p00wxhp00rYTGhkzvjal1nKvamT4bVal1vPJ8m3k2xzddpDOaaxuJO,001dfqU00ACzt016xMp01iR2p015o6p01zy6jodfWeanQq2Ea1sCXra1sFEnGggg8Uw01751a00AC2a00DiXp01a0eajvKI6ajvNp59kNsA3p01ARRp01xq6anQsIAq01rt5w01b6Tw01eRpX01b7rO01a2kO01cbtO01ekC,P1Win,,1,0,1,0,,0
60,000hM4joPQ766pHyEx60hK5Qt00ezca1w2oaT01yVMaex2DQU01oc3aouXL0a2tdoQgnuah0g01ka97eFFo09f2H7ddnlwwQp01AQlp00hu8p00wxhp00rYTGhkzvjal1nKvamT4bVal1vPJ8m3k2xzddpDOaaxuJO,001dwbp01fpMimoPFPajJ16XajJ3MTp01axop01jpa9mY3ty9mYdGD9mYnTs9pqPNB9pmBhf9pvzXW9o8yJy9o8Qtxp01sPAabM98Ra1foF8a1frm4p01ACbp01ACHp01ADdp01zPqamkNu2alOYSialP1uEp01ABFp01s0Vp01AR9p01AQo4nDa8m7pqXRx7pr3HC7oqjfw7ohzR77nu36y7npGzP7npBJKjnLOtU,P1Win,,1,0,1,0,,0
61,000hM4joPQ766pHyEx60hK5Qt00ezca1w2oaT01yVMaex2DQU01oc3aouXL0a2tdoQgnuah0g01ka97eFFo09f2H7ddnlwwQp01AQlp00hu8p00wxhp00rYTGhkzvjal1nKvamT4bVal1vPJ8m3k2xzddpDOaaxuJO,0012cnU00B5Ct00K0QagfVsI8dvv5nU01yFoaggMRraggPynLggortagfT3ep00DM99oDrQO9oDh779o3VMB9o3QpF9oDmtTjn3uQIa4ulRlp01f5Op01i2samCf7SamChNOp00XW27oyPKd7oySaOajmIctajmFvxGk1iBap01b23a4uoykLgfXUX8dANnD600QGTp01pO1,P2Win,,0,0,0,0,,0
62,000hM4joPQ766pHyEx60hK5Qt00ezca1w2oaT01yVMaex2DQU01oc3aouXL0a2tdoQgnuah0g01ka97eFFo09f2H7ddnlwwQp01AQlp00hu8p00wxhp00rYTGhkzvjal1nKvamT4bVal1vPJ8m3k2xzddpDOaaxuJO,001aP3LnpioXajvG9zajvIPva01p5fp01ATEp01AT4p01ASiGd0WVfp01bl7p01jp3t014Ect014Ect014Ect014Ect014Ect014Ect014Eca9KHqDOoHKu6T01aQ6alKi9mLntWXMalKeEfalKgNo8mKXzyamLjwDamLmdzp01AUba01x9Kjo02I6,P1Win,,1,0,1,0,,0
63,000hM4joPQ766pHyEx60hK5Qt00ezca1w2oaT01yVMaex2DQU01oc3aouXL0a2tdoQgnuah0g01ka97eFFo09f2H7ddnlwwQp01AQlp00hu8p00wxhp00rYTGhkzvjal1nKvamT4bVal1vPJ8m3k2xzddpDOaaxuJO,000dYEX008kww004iCj15nYE4pMbxna2JMr0a2JP7Xam26kar017z0w005TYw007wlw0098Hw00aK4w00cmqOhKYCjOigMWEOjhpClOjMdWGp00r94a9wBE6am2916OiLBi0,P1Win,,1,0,1,0,,0
64,000hM4joPQ766pHyEx60hK5Qt00ezca1w2oaT01yVMaex2DQU01oc3aouXL0a2tdoQgnuah0g01ka97eFFo09f2H7ddnlwwQp01AQlp00hu8p00wxhp00rYTGhkzvjal1nKvamT4bVal1vPJ8m3k2xzddpDOaaxuJO,000TFso0EE4Jp01ycJ809LaHp01A3SU01dHH9f2wCRgoqgtpU01tPjp01lLvoo8Shhalk1x5alk4e19eFL2ga1Barpa1Bd8la1Bqz1a1BtfWp01lgjp014lhU00oM8a1Akaka1AmQggmBpmFp01AOBgn3OrBv6vEIDU00DLya1AAvga1ADcca0ie53U00TTaa1AQCRa1ATjN7f2MKtp01AQnp01aLKp013O0p00Fp5a3g6WwU00TER,P2Win,,0,0,0,0,,0
65,000hM4joPQ766pHyEx60hK5Qt00ezca1w2oaT01yVMaex2DQU01oc3aouXL0a2tdoQgnuah0g01ka97eFFo09f2H7ddnlwwQp01AQlp00hu8p00wxhp00rYTGhkzvjal1nKvamT4bVal1vPJ8m3k2xzddpDOaaxuJO,001eg7U00pNha00tP0a2aBulgmK8qCr00q4ua3gzWsU01fAsa3gsHLp01c7O7p9iAN9p51nna3gwbW9p4SQm9p4KMx9p9zg47p9kda7pdE7n7pdCv2p01AP4T01AOxp01APAa3CS5Na3CPoRp01x5HjmbT1SamKSEia01AOxa01y8B8dWQbq9fbpWP4oVork7eFzJJT00XWR9mfVcP7m2HXva3ggm0r01ARo,P2Win,,0,0,0,0,,0
66,000hM4joPQ766pHyEx60hK5Qt00ezca1w2oaT01yVMaex2DQU01oc3aouXL0a2tdoQgnuah0g01ka97eFFo09f2H7ddnlwwQp01AQlp00hu8p00wxhp00rYTGhkzvjal1nKvamT4bVal1vPJ8m3k2xzddpDOaaxuJO,000kYga1envTp00Ns0X008C9p00bODj1iBeiamjOKxw004jlw005UFw007gDw008S0w00adXw00byVw00cTUO006c4GgfptTa1eqcSamjRrqalw6avalw8QrO008ldO00aumO00cDv,P1Win,,1,0,1,0,,0
67,000hM4joPQ766pHyEx60hK5Qt00ezca1w2oaT01yVMaex2DQU01oc3aouXL0a2tdoQgnuah0g01ka97eFFo09f2H7ddnlwwQp01AQlp00hu8p00wxhp00rYTGhkzvjal1nKvamT4bVal1vPJ8m3k2xzddpDOaaxuJO,000PoCa5m2O5a4pNOnambymTalOzkKjolxaAp00nYxp01rqup01hNhLn2QUvp01AQJT00Oyjambo8palOgvbp012r0t00K1At00K1At00K1At00K1At00K1At00K1At00K1At00K1AalOoyYt00Gv8GgXX4uq0102wp00Pn8,P1Win,,1,0,1,0,,0
68,000hM4joPQ766pHyEx60hK5Qt00ezca1w2oaT01yVMaex2DQU01oc3aouXL0a2tdoQgnuah0g01ka97eFFo09f2H7ddnlwwQp01AQlp00hu8p00wxhp00rYTGhkzvjal1nKvamT4bVal1vPJ8m3k2xzddpDOaaxuJO,000nXIjpcRzAj15oiyt00jFwp00m4oigt1qlhokTt9p00ImKalWRmHalWU3FapuOcaapuMjgaphxcap00FXpp00ED6p00HiIin70NCaiyBfdp00zL5p00si2a4Lgksp00mjAaiyD7XaiyF0IGnXXCiSkICe1gnTzr2gnTG9M,P1Win,,1,0,1,0,,0
69,000hM4joPQ766pHyEx60hK5Qt00ezca1w2oaT01yVMaex2DQU01oc3aouXL0a2tdoQgnuah0g01ka97eFFo09f2H7ddnlwwQp01AQlp00hu8p00wxhp00rYTGhkzvjal1nKvamT4bVal1vPJ8m3k2xzddpDOaaxuJO,001fpdan8e0YambL1Iq01ATRambNHEan8gGWq00Y12t01gubt01gubt01guat01guat01guat01guat01guat01guat01guat01guat01guat01guat01gua,Draw,,0,0.5,0,0.5,,0
70,000hM4joPQ766pHyEx60hK5Qt00ezca1w2oaT01yVMaex2DQU01oc3aouXL0a2tdoQgnuah0g01ka97eFFo09f2H7ddnlwwQp01AQlp00hu8p00wxhp00rYTGhkzvjal1nKvamT4bVal1vPJ8m3k2xzddpDOaaxuJO,0018pUimP9SRp01AUda1x7yya1x5Wca1x4kPp01AT4p01ASx9oyQCl9oz8y8N09JOJjnpMJLp01pQWaksedsaksgTop01AS3p01ARwGggosAp01aNRq01iAxaeEpBET0075hp01ATFaoqEt1aoqH9WaeEsiA7kjbMP7kjaIg7kj96T7kj5BM7npslw7nptWS7npxbBgpVJg6Op4RjM,P2Win,,0,0,1,0,,-1
71,000hM4joPQ766pHyEx60hK5Qt00ezca1w2oaT01yVMaex2DQU01oc3aouXL0a2tdoQgnuah0g01ka97eFFo09f2H7ddnlwwQp01AQlp00hu8p00wxhp00rYTGhkzvjal1nKvamT4bVal1vPJ8m3k2xzddpDOaaxuJO,000gFKzd07yE1nP38d1nP6lS1nP7Xet0085b7kifsx7k9toc7k0zg67k9qat7k0xnl7k9ohK7kifc97k9rvr9pcDiB9p45oi90quLM90mmWU9kRiB3amKeBFamKhiCa21KRra21Nys40dCMcp00vIs90qD6Kr009XMa1A6aa708RMv9kRrcp9kRA4qj15nYK80ekjU,P1Win,,1,0,1,0,,0
72,000hM4joPQ766pHyEx60hK5Qt00ezca1w2oaT01yVMaex2DQU01oc3aouXL0a2tdoQgnuah0g01ka97eFFo09f2H7ddnlwwQp01AQlp00hu8p00wxhp00rYTGhkzvjal1nKvamT4bVal1vPJ8m3k2xzddpDOaaxuJO,0011UqU01yFoaggLg5t00O1tU00AxQagfSvoLfaRmILfbjggaggNW1agfPOw8cNjPNp01tPRp013L9p01gqJp01j6Np00RdUamL2wXalFzvla1sk6Ya1smN2amL5dTalFCchp00Crc9p4wOA9p4Ccs9p4Hzd9p9cGr9p9i4lGmKA7ijmoQ9bp01hLep01ixNzd0P6B7p95Hdv9KyMo7p973g7p98oc7p99J87p9b557p9cq3,P1Win,,1,0,0,0,,1
73,000hM4joPQ766pHyEx60hK5Qt00ezca1w2oaT01yVMaex2DQU01oc3aouXL0a2tdoQgnuah0g01ka97eFFo09f2H7ddnlwwQp01AQlp00hu8p00wxhp00rYTGhkzvjal1nKvamT4bVal1vPJ8m3k2xzddpDOaaxuJO,001e4fp015HDp01e2xp01mn2p01uHwp01z1pp01x9Kp01APOp01AQMp01ARQt019L9t019L9t019L9t019L9acMRvYT011HeLnCHsd8ngHkIalXmeOalXoUKjnQeeBajvIjcajvKbWajvM4HancJYNancMFJaoR6u3aoR9aYGggiiC9nH3Yk9nHmg57p4W9ROoHYIWOpR98Wr00YKk,P1Win,,1,0,1,0,,0
74,000hM4joPQ766pHyEx60hK5Qt00ezca1w2oaT01yVMaex2DQU01oc3aouXL0a2tdoQgnuah0g01ka97eFFo09f2H7ddnlwwQp01AQlp00hu8p00wxhp00rYTGhkzvjal1nKvamT4bVal1vPJ8m3k2xzddpDOaaxuJO,000fkn9l5vPF9l5KBv9kzFCz9kzUop9okLmA9oGRU59oGWKa90m62D90IcA890Ihqdp00suGp00tP0amKdNuamKguqa1rwaXa1ryQV415tn89oH2Af90Imgi7kqUSo7kmxdw7kqX2x7kmzmF7kr0bG7kmBvO7kr2kP7kmDEX1l5zAn1l5Eqsj1NrqV,P1Win,,1,0,1,0,,0
75,000hM4joPQ766pHyEx60hK5Qt00ezca1w2oaT01yVMaex2DQU01oc3aouXL0a2tdoQgnuah0g01ka97eFFo09f2H7ddnlwwQp01AQlp00hu8p00wxhp00rYTGhkzvjal1nKvamT4bVal1vPJ8m3k2xzddpDOaaxuJO,000i3hU00dJ2amJVm2amJY2WLlEYfbL00gWdp00j8Rjphhzz9hGxd39gXtKCgliOsbgmJVm2O0mkA9G004j4r004jB8juFP7p00otBp00DhjU004l5a004kxa0071tU00os8p00tPEp00j5UdjuFP7U01991a00n7aa00pN6T01fQQa3gsGPa01991gpi7RVa6vK6va6vLYga6vOVDa6vMfHp01iynr01ARO,P1Win,,1,0,1,0,,0
76,000hM4joPQ766pHyEx60hK5Qt00ezca1w2oaT01yVMaex2DQU01oc3aouXL0a2tdoQgnuah0g01ka97eFFo09f2H7ddnlwwQp01AQlp00hu8p00wxhp00rYTGhkzvjal1nKvamT4bVal1vPJ8m3k2xzddpDOaaxuJO,000jCF9kE5md9kEdq19kIKeg9l5vOR9l5LWt9ph32x9phja990uTvI90vaDkabPC6t7kdPHRp00uDv7kdKRM7kdO6v7kmFO77kmAY27kmDVma19WpRa1a06QamOFLEamOIsA1la4aT1l1iTJj15nYvt00efEt007Ndt00hJMp00sMa,P1Win,,1,0,1,0,,0
77,000hM4joPQ766pHyEx60hK5Qt00ezca1w2oaT01yVMaex2DQU01oc3aouXL0a2tdoQgnuah0g01ka97eFFo09f2H7ddnlwwQp01AQlp00hu8p00wxhp00rYTGhkzvjal1nKvamT4bVal1vPJ8m3k2xzddpDOaaxuJO,000i30io7ya3zd91Xxp00iOYjoUfQ5ajuQiUajuSYQGjuKV4ap8BFGaolcaKap8BGXap8EnV70IdqI710UeH7oy8dip00rHU7oybqV7kmEeg7kihTm7kdUzt7k9yfA90zoVP910Ygzg2eJ51EokR2sO0v0col8S61qld0dtE,P1Win,,1,0,1,0,,0
78,000hM4joPQ766pHyEx60hK5Qt00ezca1w2oaT01yVMaex2DQU01oc3aouXL0a2tdoQgnuah0g01ka97eFFo09f2H7ddnlwwQp01AQlp00hu8p00wxhp00rYTGhkzvjal1nKvamT4bVal1vPJ8m3k2xzddpDOaaxuJO,000qmdinGgxlh4tmmfzd0joaamKw5DamKyLza1ETTka1EWAizc45Uk7oUd8PT004ke8nOV9K7oPSeRp00I5Mp00dbl7kinwE7kiqKm7kitY97ke08a7ke3lT7ke6zD9kRKy09kRGMu9kRD1Y9kRzgw9kRvuC9kRrJ74phyv4jn7nl29kRnXB,P1Win,,1,0,1,0,,0
79,000hM4joPQ766pHyEx60hK5Qt00ezca1w2oaT01yVMaex2DQU01oc3aouXL0a2tdoQgnuah0g01ka97eFFo09f2H7ddnlwwQp01AQlp00hu8p00wxhp00rYTGhkzvjal1nKvamT4bVal1vPJ8m3k2xzddpDOaaxuJO,000PDUU0146hp019bVLpvkm3Loz38vLkrU8up019cwM017jejnPX48gnPTzPgljHvl9gCl5z9im62Ldhlox0diMwvqamKTuQamKWbMT01fS5a7eLGsa7eOnop01exHU01fQRa3gvnLa6vKUna6vMN8a6vOFSU012rOa166NJa014k2G00O0w3018nNU01nXma16rfHa01oL0p00O14,P2Win,,0,0,0,0,,0
80,000hM4joPQ766pHyEx60hK5Qt00ezca1w2oaT01yVMaex2DQU01oc3aouXL0a2tdoQgnuah0g01ka97eFFo09f2H7ddnlwwQp01AQlp00hu8p00wxhp00rYTGhkzvjal1nKvamT4bVal1vPJ8m3k2xzddpDOaaxuJO,000iT1imJQ3LhnOX6NT008pBad05sQD04ChaSoCqiFajuP1IajuRHFp01ARJp00O0Pp00O3bp00xGep01cXxaold2UaolfIQ4oyqgBr00xFAjnt91rp00O4lp00O217kmBBx7kmEPg7k523j7k55h27p8nLK7p8r0t7oc8Hm7ocbV57nfSCX7nfXt3N0921BajuDcB,P2Win,,0,0,0,0,,0
81,000hM4joPQ766pHyEx60hK5Qt00ezca1w2oaT01yVMaex2DQU01oc3aouXL0a2tdoQgnuah0g01ka97eFFo09f2H7ddnlwwQp01AQlp00hu8p00wxhp00rYTGhkzvjal1nKvamT4bVal1vPJ8m3k2xzddpDOaaxuJO,001cGtt0131ep017P6amL8KxamLbrtamKLYbamKOF7p01gXTp01m6Ep01AQAp01ARrr01q77t019cAt019cAt019cAt019cAt019cAt019cAt019cAt019cAt019cAt019cAt019cAt019cA,P1Win,,1,0,1,0,,0
82,000hM4joPQ766pHyEx60hK5Qt00ezca1w2oaT01yVMaex2DQU01oc3aouXL0a2tdoQgnuah0g01ka97eFFo09f2H7ddnlwwQp01AQlp00hu8p00wxhp00rYTGhkzvjal1nKvamT4bVal1vPJ8m3k2xzddpDOaaxuJO,000QImX00ECC600IDY600AAcw00AAcw00Ccxw00DNTw00Fqgw00H2Cw00IDYjnPGVha0J57wa0J7Nup010A7aphY2Mapi1IFp00Nd0ajvnP5ajvl99Gjvh7fp013MFr01e38a01hwHp01580r01AU5,P1Win,,1,0,1,0,,0
83,000hM4joPQ766pHyEx60hK5Qt00ezca1w2oaT01yVMaex2DQU01oc3aouXL0a2tdoQgnuah0g01ka97eFFo09f2H7ddnlwwQp01AQlp00hu8p00wxhp00rYTGhkzvjal1nKvamT4bVal1vPJ8m3k2xzddpDOaaxuJO,000dYpjlEWBIjnPaUkjoUcRfjmK2vXt00pgjt00pgjt00pgjt00pgjt00pgjF00rFQymjB3jp00AOep00zdqp00xS1r00px6,P1Win,,1,0,1,0,,0
84,000hM4joPQ766pHyEx60hK5Qt00ezca1w2oaT01yVMaex2DQU01oc3aouXL0a2tdoQgnuah0g01ka97eFFo09f2H7ddnlwwQp01AQlp00hu8p00wxhp00rYTGhkzvjal1nKvamT4bVal1vPJ8m3k2xzddpDOaaxuJO,000e1Ny004lOt00fE5F00e10jpDgn4jnt9fvt00awTt00awTt00awTt00awTt00awTt00awTt00awTp00xn8p00Q9np00GKKr00yHv,P1Win,,1,0,1,0,,0
85,000hM4joPQ766pHyEx60hK5Qt00ezca1w2oaT01yVMaex2DQU01oc3aouXL0a2tdoQgnuah0g01ka97eFFo09f2H7ddnlwwQp01AQlp00hu8p00wxhp00rYTGhkzvjal1nKvamT4bVal1vPJ8m3k2xzddpDOaaxuJO,000KeMU01goDjntFb0a3gxgwa3gzWsantJJCantMqya43Cmva43F3s41s1xz9eOm5t7eFxAAgnQ4cNp00TTW615RObr00rto7oUkow9p48Sp9p4gWct00rqf7oLHcR7kiDDJ7kegM47k9SUl7k5w3E7k19bX9p8OhY9kWaiY9kWp4x,P1Win,,1,0,1,0,,0
86,000hM4joPQ766pHyEx60hK5Qt00ezca1w2oaT01yVMaex2DQU01oc3aouXL0a2tdoQgnuah0g01ka97eFFo09f2H7ddnlwwQp01AQlp00hu8p00wxhp00rYTGhkzvjal1nKvamT4bVal1vPJ8m3k2xzddpDOaaxuJO,000W6ST01bCIp00YsQt00VPJp01deoapr0Yrp01hvxajRxU9ajEnmMp0186sp01A1L9mtilva2bnzOa2bkSSzcIatejmKRTPGjvk5T9oltpu9olMul7oh3k6U00QJE7pDLhFa2fo8SdjRmTSdjRlyWO00Uvep00W88a3Yk7Pg1wgEFapr3FnijRt6y7kvXV27k5QgO,P1Win,,1,0,1,0,,0
87,000hM4joPQ766pHyEx60hK5Qt00ezca1w2oaT01yVMaex2DQU01oc3aouXL0a2tdoQgnuah0g01ka97eFFo09f2H7ddnlwwQp01AQlp00hu8p00wxhp00rYTGhkzvjal1nKvamT4bVal1vPJ8m3k2xzddpDOaaxuJO,000RfL60ErnkU00hL6g00hKy9lnkUB7kVTrWa1EBSJa1EEzFU004kHa1Eosla1Er9hT00dXM8mXdRx8mXg1GT012cv9mteia9moPSG7m7cyW7m2Oatp01aKnp01osrop9yHto0Sgutp01ot2ajvr4q9iUlv8p011lBr01AREamKJhkp011mkp01f4Qp01otC7mC0677mxBqfp00QWyp01ouddjuAsF,P1Win,,1,0,1,0,,0
88,000hM4joPQ766pHyEx60hK5Qt00ezca1w2oaT01yVMaex2DQU01oc3aouXL0a2tdoQgnuah0g01ka97eFFo09f2H7ddnlwwQp01AQlp00hu8p00wxhp00rYTGhkzvjal1nKvamT4bVal1vPJ8m3k2xzddpDOaaxuJO,000D0To01ntAp01AOxo01AOxT00VRD6ppUE3U01un6a1FSNz9eOAkkgnQirE7mxzk69mKMyqU00x5ma3fNVHa1EVeTU004kAa1Eosea1Er9adjuAsygnPqfQajvbtzajveayaolut0r00QtiU01aM1a3guki9hHug1gnPXzDp01uEjp00VLU7eFLPr,P1Win,,1,0,1,0,,0
89,000hM4joPQ766pHyEx60hK5Qt00ezca1w2oaT01yVMaex2DQU01oc3aouXL0a2tdoQgnuah0g01ka97eFFo09f2H7ddnlwwQp01AQlp00hu8p00wxhp00rYTGhkzvjal1nKvamT4bVal1vPJ8m3k2xzddpDOaaxuJO,000e3RjmBh3LimSExEp00iROajquyEajuQC9laTkFQl6uALBl96cAxSmX4OpOpUQf1OpQt6Vp01ARPp00XoQp00wO9p01APvp00PVcp01fUjp00TrJan2QEvanxEbyp00W67r00cIqa00vfvr00wRpp00wBya00syz4nGvTK,P2Win,,0,0,0,0,,0
90,000hM4joPQ766pHyEx60hK5Qt00ezca1w2oaT01yVMaex2DQU01oc3aouXL0a2tdoQgnuah0g01ka97eFFo09f2H7ddnlwwQp01AQlp00hu8p00wxhp00rYTGhkzvjal1nKvamT4bVal1vPJ8m3k2xzddpDOaaxuJO,000iT1imJQ3Lp01AROp01gcqp01gbrp00sxNp00wRUp00Uvdp00sw1U00cGla1Ey9Wa1EAPTgoy9jgajuP1IajuRHFa3fMVKa3fPCG4ocqqjr00wRz7oLoJt7nXXX97oLtzy7nY3Ne7n2Dfu7nbtlJ7n77P17kmEit7kiiLK7kdWg27k53EF7k0H8W7jVlCeN0hIvSD04C0Ljnt91rO00iSdp00Uwcr00Uu4,P1Win,,1,0,1,0,,0
91,000hM4joPQ766pHyEx60hK5Qt00ezca1w2oaT01yVMaex2DQU01oc3aouXL0a2tdoQgnuah0g01ka97eFFo09f2H7ddnlwwQp01AQlp00hu8p00wxhp00rYTGhkzvjal1nKvamT4bVal1vPJ8m3k2xzddpDOaaxuJO,001bDH8pi7qRp015I9alKcdea1x6dA8laWfGanyh5zt01aQ0ajvGqrLntBeKT015Hyp01ruYajvJ7napEsKKapEvrGa01wNKp01AQcLngPFWGeAT8Djo8Qdst01azst01azst01azst01azst01azsp01jWip006YEadmjudp00kHLr00588p01bBYaiqhUQr010SQr004RH9npBKip01ASFp01ATcr019dhacE3dPr013Qi,P1Win,,1,0,1,0,,0
92,000hM4joPQ766pHyEx60hK5Qt00ezca1w2oaT01yVMaex2DQU01oc3aouXL0a2tdoQgnuah0g01ka97eFFo09f2H7ddnlwwQp01AQlp00hu8p00wxhp00rYTGhkzvjal1nKvamT4bVal1vPJ8m3k2xzddpDOaaxuJO,001kYeU01q4PampacUamLgelt01adCX017NQO019pFO01byOj16ru2a3gKbua3gMRrajvEcWajvGCu9fby1DamLkgfw013v3w0157nw016IJw018l6w019Wsw01byOaggoapq01sLma6vFhv,P1Win,,1,0,1,0,,0
93,000hM4joPQ766pHyEx60hK5Qt00ezca1w2oaT01yVMaex2DQU01oc3aouXL0a2tdoQgnuah0g01ka97eFFo09f2H7ddnlwwQp01AQlp00hu8p00wxhp00rYTGhkzvjal1nKvamT4bVal1vPJ8m3k2xzddpDOaaxuJO,00147wjoqd3tt011GXt011abt011H0t011qAt017QOp01to1a01w4pa01tntp01tmMa01wzWa01tT1p01hfqp0172ip00W5RajRFrAajRDPeajRCdRp01uqa9p0BHI9p0qWY9p0gtD9mTQ6S9mTFm99mTuBpp00LlTG00MGkr00YdTE16bs3,P1Win,,1,0,1,0,,0
94,000hM4joPQ766pHyEx60hK5Qt00ezca1w2oaT01yVMaex2DQU01oc3aouXL0a2tdoQgnuah0g01ka97eFFo09f2H7ddnlwwQp01AQlp00hu8p00wxhp00rYTGhkzvjal1nKvamT4bVal1vPJ8m3k2xzddpDOaaxuJO,001hw8U01vwiL3CPbeL3yqXzLlxrJbp01zhBU01fQRa4HChCdhlO5gdiMVMignQk86glk8QM9gCKCP9imvjDjnucslU01A30T01nVta6vQhPa6vSaAa6vU3la6vRDoa6vUkkp01nW4GmKTtfamLg13a01exea16CwaamLmGSM01xEHa16DTUp01yFSO0ERYCp01avRr016tor01xmX,P1Win,,1,0,1,0,,0
95,000hM4joPQ766pHyEx60hK5Qt00ezca1w2oaT01yVMaex2DQU01oc3aouXL0a2tdoQgnuah0g01ka97eFFo09f2H7ddnlwwQp01AQlp00hu8p00wxhp00rYTGhkzvjal1nKvamT4bVal1vPJ8m3k2xzddpDOaaxuJO,000jmip00FUHp00xRyp008kxr00vYaN0zsEVld0g92g9XfcpzcQoXdD090QjO08Yvl9l5yvN9l1pSX9kE8399kzYqjxjQHxdxkdODi1kIKL31kINYL7kmuwA7kmw8W7kmzmFjnt8UIamKhiBamKjYxa1rCSQ,P1Win,,1,0,1,0,,0
96,000hM4joPQ766pHyEx60hK5Qt00ezca1w2oaT01yVMaex2DQU01oc3aouXL0a2tdoQgnuah0g01ka97eFFo09f2H7ddnlwwQp01AQlp00hu8p00wxhp00rYTGhkzvjal1nKvamT4bVal1vPJ8m3k2xzddpDOaaxuJO,000dYMU00lLhU00umRU00KKRU00T64a00jlEa00lepa00n7aa00oYUa00qRFa00sKqa00uDba00wvVa00HNsa00JGda00LyXa00NrIa00Pkta00Rdea00T5YT01AOCa01AOxa01yVMa01x42j1rlWpgpV01hgpUXFjgpUVMydjuQila0mrh6djuTw4a00UXJU01hL8a01iPaa01gWpa01f4E800umM,P1Win,,1,0,1,0,,0
97,000hM4joPQ766pHyEx60hK5Qt00ezca1w2oaT01yVMaex2DQU01oc3aouXL0a2tdoQgnuah0g01ka97eFFo09f2H7ddnlwwQp01AQlp00hu8p00wxhp00rYTGhkzvjal1nKvamT4bVal1vPJ8m3k2xzddpDOaaxuJO,001hygjjAihXt01azit01aziU01ixNp01fUHp01qVPp01ASIp01ydwp01vxkp01y8BLhlt9daeOtBuaeOwiqL6vCoOg01jSK7knzsH7knCGq7od1YP7ngMIC7p9l687od5dy7ngPWl7p9ojQ9mKSde9mL9kP9nUn8j9nUDfU9p4R3o9p58b0G015b3akWUjqakWX0napEtPLapEwwH,P1Win,,1,0,1,0,,0
98,000hM4joPQ766pHyEx60hK5Qt00ezca1w2oaT01yVMaex2DQU01oc3aouXL0a2tdoQgnuah0g01ka97eFFo09f2H7ddnlwwQp01AQlp00hu8p00wxhp00rYTGhkzvjal1nKvamT4bVal1vPJ8m3k2xzddpDOaaxuJO,001dMQp01AUeamKYTGap9yg1p01ATAp01wAEp01q8zap9AVYanu634p01bCjt013QRt01gumt01e4et013QRt01gumt01e4et013QRt01gumt01e4et013QRt01gumt01e4et01a2F,P1Win,,1,0,1,0,,0
99,000hM4joPQ766pHyEx60hK5Qt00ezca1w2oaT01yVMaex2DQU01oc3aouXL0a2tdoQgnuah0g01ka97eFFo09f2H7ddnlwwQp01AQlp00hu8p00wxhp00rYTGhkzvjal1nKvamT4bVal1vPJ8m3k2xzddpDOaaxuJO,000u71t00bPtjmKlRip00Q8Eq00Nsga3fUEfa2SVC3amKADVamKDkR7kmSbd7kmRDq7kea4c7ke9wp7k5iSn7k5ilA7kvJm27kvIOfU00Hx5LfSG2rajvfdm8d0FFpLfSmWN9kVVAD9oydPL9kVLnb9oy3CjxjVwO2xk5bT99kW4DD9oylSL9kWcHr9oytWzr004ju,P1Win,,1,0,1,0,,0
100,000hM4joPQ766pHyEx60hK5Qt00ezca1w2oaT01yVMaex2DQU01oc3aouXL0a2tdoQgnuah0g01ka97eFFo09f2H7ddnlwwQp01AQlp00hu8p00wxhp00rYTGhkzvjal1nKvamT4bVal1vPJ8m3k2xzddpDOaaxuJO,000mDqjnPfNFlgfsLQapMlNzapMoux4o3Dxjang8Tip00ybsU01vIdU00XFRU00odLa01x42amLh2wa00YJTa3gczS800YJTp00XGTa0i20ba0hYjfg00lwig00nFrg00qCLp00VAvp00WDka1oj4Fa0WJxdr005byO004mPO00cH3p00W7nT01lvda3kXlVa3l12Rv6dPHG,P2Win,,0,0,0,0,,0
101,000hM4joPQ766pHyEx60hK5Qt00ezca1w2oaT01yVMaex2DQU01oc3aouXL0a2tdoQgnuah0g01ka97eFFo09f2H7ddnlwwQp01AQlp00hu8p00wxhp00rYTGhkzvjal1nKvamT4bVal1vPJ8m3k2xzddpDOaaxuJO,000wAHX00vgEU00kqejo3E4Qajv6ohajv3Hlp00aN1G00dd1p00xUlp00tATp00E5hp011EIp00WTOp00SSSa00G0Da00IGBp00QtYp01ARTp01s1OO00szbO00vg7O00xW3w00ruBw00t6Xw00uIkw00wkGw00xW3LgBqL3Li3P8ta1NvJea1Nt3iagfB2O,P1Win,,1,0,1,0,,0
102,000hM4joPQ766pHyEx60hK5Qt00ezca1w2oaT01yVMaex2DQU01oc3aouXL0a2tdoQgnuah0g01ka97eFFo09f2H7ddnlwwQp01AQlp00hu8p00wxhp00rYTGhkzvjal1nKvamT4bVal1vPJ8m3k2xzddpDOaaxuJO,001dwsjozhG4a1sHO7ajA8k2p01c9Wp01vMkp01ATKanlBI0ancKxba1sF8b7kamLa7kanPJ7k623C7k638c7oV8Vn7oz9T67odaQOad10UlajAacMajAc5y9p4N169oVfEd9nYXXsr00Xpvp01ewCad13Bb9o8wklg01iDvzcVBaTzd17Dtbpmy44bpmAK0p01ku9G4HmaHOpR996,P2Win,,0,0,0,0,,0
103,000hM4joPQ766pHyEx60hK5Qt00ezca1w2oaT01yVMaex2DQU01oc3aouXL0a2tdoQgnuah0g01ka97eFFo09f2H7ddnlwwQp01AQlp00hu8p00wxhp00rYTGhkzvjal1nKvamT4bVal1vPJ8m3k2xzddpDOaaxuJO,000tzea1rxMya1rv6CdjuPuXP0RjmNa1rJlca1rM2b4oyz4Qp00f3na9JVAd9l5CxH9l1hPa9kVW7C9kIOga9kEtxC9kA8P57ke3lm7ke5uv7kivzU7kixJ47k9EFu7k9GOD7ke7U37kea4camKohPa6vnMQa6vqtMT00QVQr01AU37pd2tvj1ET4EU00np8,P1Win,,1,0,1,0,,0
104,000hM4joPQ766pHyEx60hK5Qt00ezca1w2oaT01yVMaex2DQU01oc3aouXL0a2tdoQgnuah0g01ka97eFFo09f2H7ddnlwwQp01AQlp00hu8p00wxhp00rYTGhkzvjal1nKvamT4bVal1vPJ8m3k2xzddpDOaaxuJO,000goW9l9UA89l5zkc9l5DSF9l1jYjlgfrTrp00vaXamKf9samKhPoU01tPt9eFL2g9fg2kLgozl5Ta1OGuhp01AOxa2SDS0r01fTfa01jnOp00tPy7kmzmF7kibqp7kmBfq7kidja7kmD8b7kifbU7kmEcK7kiggu1nP37U1nTv651nTwHrj15nYvE1rfLa4phox2,P1Win,,1,0,1,0,,0
105,000hM4joPQ766pHyEx60hK5Qt00ezca1w2oaT01yVMaex2DQU01oc3aouXL0a2tdoQgnuah0g01ka97eFFo09f2H7ddnlwwQp01AQlp00hu8p00wxhp00rYTGhkzvjal1nKvamT4bVal1vPJ8m3k2xzddpDOaaxuJO,000kdFhnXQFLt007Bop00fmtimSGpcG00bQOp00Ndkp00L4Xp00Jtna00uHca00xobamKhS6amKkz7p00tUaa3fNIQa3fL2TajuGouajuDHAajv3G44phgf0p00IpCp00zf2t00ikWp00Oxtt00ikWt00ikWt00ikWt00ikWt00ikWt00ikW,P1Win,,1,0,1,0,,0
106,000hM4joPQ766pHyEx60hK5Qt00ezca1w2oaT01yVMaex2DQU01oc3aouXL0a2tdoQgnuah0g01ka97eFFo09f2H7ddnlwwQp01AQlp00hu8p00wxhp00rYTGhkzvjal1nKvamT4bVal1vPJ8m3k2xzddpDOaaxuJO,000uGuU00kufU00MGUa1nykTa1nws9a1nuzoa1n4vNa1n2D7a1n0Km400PnjN0MLkBp012sD9kIK1lp00AAnp00WkhT00Ntma1nxLna1nvSCa1nu0Rgnt9fAgpDkVPr00BDOGnPpHP82aYnCgkenhjdjvjOSp01APwp00ASqO0r39IjnPqPcp00Elkp00pOk8lFuba,P2Win,,0,0,0,0,,0
107,000hM4joPQ766pHyEx60hK5Qt00ezca1w2oaT01yVMaex2DQU01oc3aouXL0a2tdoQgnuah0g01ka97eFFo09f2H7ddnlwwQp01AQlp00hu8p00wxhp00rYTGhkzvjal1nKvamT4bVal1vPJ8m3k2xzddpDOaaxuJO,000ihRt004zAt004Q1t004jdt0057p9liJ4e9kVHl19kVPoN9kVXsA9liR819lj0bNaopBHba1iMwka1iKDz7k504S7kidjd7kvqxx7k546J7kihl47kvuzoin6SLPp00wMEp00Dw2p00CbEj15ofTr004RpamJPYuaopyJQa1iJixp00LiBr004Rp,P1Win,,1,0,1,0,,0
108,000hM4joPQ766pHyEx60hK5Qt00ezca1w2oaT01yVMaex2DQU01oc3aouXL0a2tdoQgnuah0g01ka97eFFo09f2H7ddnlwwQp01AQlp00hu8p00wxhp00rYTGhkzvjal1nKvamT4bVal1vPJ8m3k2xzddpDOaaxuJO,000e3Gp00wl04ocoOap00ACKp00BGKp00Dinalj6XsanPglWp00upPp00xmap00B6Lp00Fo9a00vfSa00syWjoUfSJt00dfS7n6T7W7n6UsU7oc06L7oc1rJ7nBNmW7nBOHU7oGTlL7oGUGJ7kdHJM7ki8Pc7kmyUB7kr0117kvq6qN08Xg69oc3kug0mbuqg0mebm8009LdOpUMd7,P2Win,,0,0,0,0,,0
109,000hM4joPQ766pHyEx60hK5Qt00ezca1w2oaT01yVMaex2DQU01oc3aouXL0a2tdoQgnuah0g01ka97eFFo09f2H7ddnlwwQp01AQlp00hu8p00wxhp00rYTGhkzvjal1nKvamT4bVal1vPJ8m3k2xzddpDOaaxuJO,000wjGimBlSLigTAvnhpqaVut00vdSp00LTtp00MH5p00OiPp00P6ra60nr8a4puJraoufJtaouiqpjopG3PjmfvaLNpHMUgEoQ00wGgXKY5alao6oalaqMlaaTjSbT005sPa3FYl6U01vbh9eKc7Fa27kO1,P2Win,,0,0,0,0,,0
110,000hM4joPQ766pHyEx60hK5Qt00ezca1w2oaT01yVMaex2DQU01oc3aouXL0a2tdoQgnuah0g01ka97eFFo09f2H7ddnlwwQp01AQlp00hu8p00wxhp00rYTGhkzvjal1nKvamT4bVal1vPJ8m3k2xzddpDOaaxuJO,000rWXy00tidt00mQjj0MYb1p00JWBp00DfqE0mne1F00HgFr01ljDj1AuABjoHirst00sKqt00mQjt00mQjt00mQjt00mQjr01ARE,P1Win,,1,0,1,0,,0
111,000hM4joPQ766pHyEx60hK5Qt00ezca1w2oaT01yVMaex2DQU01oc3aouXL0a2tdoQgnuah0g01ka97eFFo09f2H7ddnlwwQp01AQlp00hu8p00wxhp00rYTGhkzvjal1nKvamT4bVal1vPJ8m3k2xzddpDOaaxuJO,001p3Fp01vwwp01AS9p01AQNp01APyr01zz0r01eOOt01fV8t01fV8t01fV8t01fV8t01fV8t01fV8t01iC4a1BuVDa1BsfGamCz39ancLjKajNyXkajAj35jom4qcGcE9SrFiImwqyiInCJ,P1Win,,1,0,1,0,,0
112,000hM4joPQ766pHyEx60hK5Qt00ezca1w2oaT01yVMaex2DQU01oc3aouXL0a2tdoQgnuah0g01ka97eFFo09f2H7ddnlwwQp01AQlp00hu8p00wxhp00rYTGhkzvjal1nKvamT4bVal1vPJ8m3k2xzddpDOaaxuJO,000LlkU00Ceip01jG1jopVSGp00IClGjvcMYr00H3tLp030wLm6Otdp00IFsp01bjyp01sLvU011oldjvuiAa2xeNga0n78U9i8ofw9gP5PygmokcDa26qeQamKtbcO0vrSrU00SCea00TWEa1s4xr9hu0oGdh7XFtT015nva6vxt1a6vA9Wa2TfG9a4lpgVp00T6fgopG42U012Har01aufa0IGcXp00SzIr01AOx,P1Win,,1,0,1,0,,0
113,000hM4joPQ766pHyEx60hK5Qt00ezca1w2oaT01yVMaex2DQU01oc3aouXL0a2tdoQgnuah0g01ka97eFFo09f2H7ddnlwwQp01AQlp00hu8p00wxhp00rYTGhkzvjal1nKvamT4bVal1vPJ8m3k2xzddpDOaaxuJO,001izNT01lfT801jmBj3l1AUOpMVeaa3CABJa3CDiF8pijHSr00UHAGnl1mdr01dKzamLdOJamLgvC4pVVNvN22Fe0gnQbcFT01zJXa3yodKa3CPUwp01zKw8dAQRKa3CS5ha01i3kdmp4iOU01zL7p01zLFgnh8kP9eOFb37eFQGa7f7i9OOlsMC4,P1Win,,1,0,1,0,,0
114,000hM4joPQ766pHyEx60hK5Qt00ezca1w2oaT01yVMaex2DQU01oc3aouXL0a2tdoQgnuah0g01ka97eFFo09f2H7ddnlwwQp01AQlp00hu8p00wxhp00rYTGhkzvjal1nKvamT4bVal1vPJ8m3k2xzddpDOaaxuJO,000i5PinfGgRp00wl240VIYla0IvtEa0Iyayp00mngakzUs9jphhC8N0dkjdN0dxKh7oUdem7oUgs57oUbC0p01ARFp015alp00LAjp01exj7kdPxc7kdUnh7kdR9y7kvsMm7kvvcT7kr8S07kvrYbO00iTAakzX957ocb7T7oc6hO7oc9vx7noGA47noJNM7noEXH,P1Win,,1,0,1,0,,0
115,000hM4joPQ766pHyEx60hK5Qt00ezca1w2oaT01yVMaex2DQU01oc3aouXL0a2tdoQgnuah0g01ka97eFFo09f2H7ddnlwwQp01AQlp00hu8p00wxhp00rYTGhkzvjal1nKvamT4bVal1vPJ8m3k2xzddpDOaaxuJO,000iAhU01qBCjp44ls6pHyV0t00hfc60hLHcp00jDmakimsjp00xSlakiuwfp00u97ak9DmHa0IyEzGipHmXr00b6dabc7AbzcyJlrzddxaRa2bEYLa2bCiPp01aOl9eXkMjgmp7vTgpiljB7eFHNxp01de2r01ARaL5E22bad1ysbr01ATa,P1Win,,1,0,0,0.5,,0.5
116,000hM4joPQ766pHyEx60hK5Qt00ezca1w2oaT01yVMaex2DQU01oc3aouXL0a2tdoQgnuah0g01ka97eFFo09f2H7ddnlwwQp01AQlp00hu8p00wxhp00rYTGhkzvjal1nKvamT4bVal1vPJ8m3k2xzddpDOaaxuJO,000hub9f2QvY9eOAR7U01tPla0JBjD600711j0RaKEp00ixtakVULEakVXsAa1rwYJa4kNtrt00b2D60m8JeU007PnU00WA7a1s8MfahlQXv9fb9yPa2airva3flJoan6RImr01ASna00Ycsp01AOxp00OlvGjuKE5amogEhanPkR2,P1Win,,1,0,1,0,,0
117,000hM4joPQ766pHyEx60hK5Qt00ezca1w2oaT01yVMaex2DQU01oc3aouXL0a2tdoQgnuah0g01ka97eFFo09f2H7ddnlwwQp01AQlp00hu8p00wxhp00rYTGhkzvjal1nKvamT4bVal1vPJ8m3k2xzddpDOaaxuJO,001e2NjnyBeoajvIhKajvKavajvM3gp015pNp01mSoT01ehua6w5AIp01ycPp01zgUp01A4tp01AR5ao0hcGNpmny0L00YNip01w4jajuAwQp004iCp004k5ao0evKp01APsp01AQlr014AMt01eQ9t01eQ9t01eQ9t01eQ9t01eQ9t01eQ9GjvwGQ8ngLQdalXtrf,P2Win,,0,0,0,0,,0
118,000hM4joPQ766pHyEx60hK5Qt00ezca1w2oaT01yVMaex2DQU01oc3aouXL0a2tdoQgnuah0g01ka97eFFo09f2H7ddnlwwQp01AQlp00hu8p00wxhp00rYTGhkzvjal1nKvamT4bVal1vPJ8m3k2xzddpDOaaxuJO,000XFnj0Nigea6vGBoa6vJikT01fkaa4LYlha4M22dp01c72p00svsp00EBa9kW2vn9kW6xh9kRKOJ9kROQD9kRSSx9kNyb09kNCcT9oPX5f9oQaaW9oQmgEaoutWmr00TnWp00vaXr01uTS7k5yu57kenM97k5A6r7kepos7k5tUo7kejds7k5vwU7kekOT7k5x997kemrb7oLLeG7oLMQ37oLQBy,P1Win,,1,0,1,0,,0
119,000hM4joPQ766pHyEx60hK5Qt00ezca1w2oaT01yVMaex2DQU01oc3aouXL0a2tdoQgnuah0g01ka97eFFo09f2H7ddnlwwQp01AQlp00hu8p00wxhp00rYTGhkzvjal1nKvamT4bVal1vPJ8m3k2xzddpDOaaxuJO,000Kh1T00WmG9mBRzm7mkfAAa1JHjla2bbsVjoyKnRU011ULa2bdBta2bgipdjvuieU00w2U9jdmH07jzpuMa1EQHla2OojkU00WAQ9lf9PVp00NstGjv8v6p016sPp00Eksp01xSbp01jVfp01cWYU00aw2a21xHQa3OJ1Qa1nILCdjuDGF8jv2Tudjv11J60IQ8cp01bA98ouwE6r01AU6,P1Win,,1,0,1,0,,0
120,000hM4joPQ766pHyEx60hK5Qt00ezca1w2oaT01yVMaex2DQU01oc3aouXL0a2tdoQgnuah0g01ka97eFFo09f2H7ddnlwwQp01AQlp00hu8p00wxhp00rYTGhkzvjal1nKvamT4bVal1vPJ8m3k2xzddpDOaaxuJO,000Bp8t00wiBa00LlRa00O2Pp012cLp01qF6p00O0FajvbKghng039p01gGGGjuTgLt00w2dt00w2dt00w2dt00w2dt00w2dt00w2dt00w2dt00w2dt00w2damKQNYajvercajvirHa01qEy400rGWp00pOJr00Fa5,P1Win,,1,0,1,0,,0
121,000hM4joPQ766pHyEx60hK5Qt00ezca1w2oaT01yVMaex2DQU01oc3aouXL0a2tdoQgnuah0g01ka97eFFo09f2H7ddnlwwQp01AQlp00hu8p00wxhp00rYTGhkzvjal1nKvamT4bVal1vPJ8m3k2xzddpDOaaxuJO,000i1jt004jbt008Btj0RaKb7kdDSz7kdGzv7kmwpm7kmz6ht00cDn9kMSQ79l9Uzk9kN1TT9la3D79kN9XH9labGU9oLcOs9oLkSf9oLsW3p00u6Yp00vYcalO0BQalO3iMa36Tgta36VWra8Wp6Qp01A5XO00iNRr01AlM,P1Win,,1,0,1,0,,0
122,000hM4joPQ766pHyEx60hK5Qt00ezca1w2oaT01yVMaex2DQU01oc3aouXL0a2tdoQgnuah0g01ka97eFFo09f2H7ddnlwwQp01AQlp00hu8p00wxhp00rYTGhkzvjal1nKvamT4bVal1vPJ8m3k2xzddpDOaaxuJO,0018pYp01ARPp01sP0p01pSva1OCwVp01sNEanujt6anugMap01kJLp01cFSp01caoakePvijoqtb29nl3ji9npCgJakeMOma1OAEba1OyLq9phY6b9pIx4XintK6J7pRsOs7pN0zW7pMXXy7nCYD77nCX1I9pN4517k636x7k1G2Y7k1IJ29olLa69ozhEU7nCTwI7oI27M7oza97p012JA9nyBeI7oz6Uq,P1Win,,1,0,1,0,,0
123,000hM4joPQ766pHyEx60hK5Qt00ezca1w2oaT01yVMaex2DQU01oc3aouXL0a2tdoQgnuah0g01ka97eFFo09f2H7ddnlwwQp01AQlp00hu8p00wxhp00rYTGhkzvjal1nKvamT4bVal1vPJ8m3k2xzddpDOaaxuJO,000e3fjnkl3rp00h1ta0Eewq4nxD7FipuglvamwWoL9oUcph9phjeX7pheVF7phhT07phcw8p00xWep00Tr4a2f7uCa1ejgRp0104zp011T3p00pPD9m23I39nfQcwN0mh7M7nP6a47nP8Q07nPbgx7oy9RS7oybKD7oyffK7kr29g7kr4yN7kr7w870hRnl70977bp00aN7p0116Xp011ov800Gydr004mY,P1Win,,1,0,1,0,,0
124,000hM4joPQ766pHyEx60hK5Qt00ezca1w2oaT01yVMaex2DQU01oc3aouXL0a2tdoQgnuah0g01ka97eFFo09f2H7ddnlwwQp01AQlp00hu8p00wxhp00rYTGhkzvjal1nKvamT4bVal1vPJ8m3k2xzddpDOaaxuJO,000i41t008Uz6plvRop00iS4joLrolGmwFrualFa0Xp00hLlalFcGTalEWTCp00w1PU00wzRa2aGUBU01rWzp01yFoT0116b60uWfngnue2van8cjia2bGkJa1O9HHa1O71La1NHSka1NzOBgopBdMdmoJFSr00afE8ke8vep01ikHp010zSr00LUmr01AOxp01ASy,P1Win,,1,0,1,0,,0
125,000hM4joPQ766pHyEx60hK5Qt00ezca1w2oaT01yVMaex2DQU01oc3aouXL0a2tdoQgnuah0g01ka97eFFo09f2H7ddnlwwQp01AQlp00hu8p00wxhp00rYTGhkzvjal1nKvamT4bVal1vPJ8m3k2xzddpDOaaxuJO,000wNcp00f3naphMIxaphPpta3fVsD41rMPz9kVO3O9kVR199kVTXt9kRyrK9kRB8G9kRE639kNizp9kNlwG9kNou27kirOw7kisT57kitXD7kivzY7kiwEy7kixJ87k9DRq7k9EVX7k9G1w7k9HCS7k9IHs7k9JM3p00YOEj15E7cr01ARup00MEcilF0Ac7p42qH7p3XVA,P2Win,,0,0,0,0,,0
126,000hM4joPQ766pHyEx60hK5Qt00ezca1w2oaT01yVMaex2DQU01oc3aouXL0a2tdoQgnuah0g01ka97eFFo09f2H7ddnlwwQp01AQlp00hu8p00wxhp00rYTGhkzvjal1nKvamT4bVal1vPJ8m3k2xzddpDOaaxuJO,000hOrt00ekAin2t2xjmaPA6akEu9b7kr42UN0hKF0p01APgp00UI8q01ARYp01agap01rYkp011psp00wQDakEwP7p01j9Sg0ma93T00xUA8n7k9x7kr7gD7kr2qy7k9sp77k9nz27k9qMK7pq3rs7oYyK57oycQ77o7I9J7nGmfL7nfRyoO04xaha1enj4a1eq00p00sj74plOHm,P2Win,,0,0,0,0,,0
127,000hM4joPQ766pHyEx60hK5Qt00ezca1w2oaT01yVMaex2DQU01oc3aouXL0a2tdoQgnuah0g01ka97eFFo09f2H7ddnlwwQp01AQlp00hu8p00wxhp00rYTGhkzvjal1nKvamT4bVal1vPJ8m3k2xzddpDOaaxuJO,000fnajoybbDj0ImzlamKb9QamKdPLyjuM2Et00cWmt00e1Vt00hMxt00hMxSoU1mUp00coDGjuEuHFpyQRip00lMKp00sxDp00tS2p00wyop00xSHp00ze1p01ARYr01ATsp00Ayk,P1Win,,1,0,1,0,,0
128,000hM4joPQ766pHyEx60hK5Qt00ezca1w2oaT01yVMaex2DQU01oc3aouXL0a2tdoQgnuah0g01ka97eFFo09f2H7ddnlwwQp01AQlp00hu8p00wxhp00rYTGhkzvjal1nKvamT4bVal1vPJ8m3k2xzddpDOaaxuJO,001kKht01ikCT014QMjnQebTt01iQjajvBg9L0173tLnQ3qQ8mKQM4p01dILp01m3Xp01zuCp01Aigp01zeKp01yHvp01ybhp01xE2ajvNmUajvR8qajvPfFNpRu8Gp012YLG00XWka1b2PQa1b09Rp01qXca3gJavamLfc5t01ikCt01ikCt01ikCt01ikC,P1Win,,1,0,1,0,,0
129,000hM4joPQ766pHyEx60hK5Qt00ezca1w2oaT01yVMaex2DQU01oc3aouXL0a2tdoQgnuah0g01ka97eFFo09f2H7ddnlwwQp01AQlp00hu8p00wxhp00rYTGhkzvjal1nKvamT4bVal1vPJ8m3k2xzddpDOaaxuJO,000i3dinXJFnhogs1Pan7fOvan7ivrap8BHcap8Eo9p00j6AajuQzwajuTgst00ehtt00ehtjoybaLjnt8G3F00eMMp00FFFp00A3vjmo43cyoy50BEoCtK3p00CXD,P2Win,,0,0,0,0,,0
130,000hM4joPQ766pHyEx60hK5Qt00ezca1w2oaT01yVMaex2DQU01oc3aouXL0a2tdoQgnuah0g01ka97eFFo09f2H7ddnlwwQp01AQlp00hu8p00wxhp00rYTGhkzvjal1nKvamT4bVal1vPJ8m3k2xzddpDOaaxuJO,000i3dinXJFnhogs1Pan7fOvan7ivrap8BHcap8Eo9p00j6AajuQzwajuTgst00ehtt00ehtjoybaLjnt6gvF00eMMp00FFFp00A3vjmo43cyoy50BEoCtK3p00CXD,Draw,,0,0.5,1,0,,-0.5
131,000hM4joPQ766pHyEx60hK5Qt00ezca1w2oaT01yVMaex2DQU01oc3aouXL0a2tdoQgnuah0g01ka97eFFo09f2H7ddnlwwQp01AQlp00hu8p00wxhp00rYTGhkzvjal1nKvamT4bVal1vPJ8m3k2xzddpDOaaxuJO,000iRct009c260DM4Hp00iPPGjzbe8ajuQ3najuSJjU01rpLa3gKHcgpEonMp00BoK9nxk1HU00veSa1EQr6a1ET82ap8CuSgpDwL3djv3rqaolcYVp00FpPp00JqU9o7S3a7o7Eli7nToH97oc6v37kr3YJ7kihUn7k9vQ37kimKwjoUfR69eOxTM,P1Win,,1,0,1,0,,0
132,000hM4joPQ766pHyEx60hK5Qt00ezca1w2oaT01yVMaex2DQU01oc3aouXL0a2tdoQgnuah0g01ka97eFFo09f2H7ddnlwwQp01AQlp00hu8p00wxhp00rYTGhkzvjal1nKvamT4bVal1vPJ8m3k2xzddpDOaaxuJO,000iQKjnPaG1ld05Yhp00DeLp00W3Xp00krTlbxY5qla6Rbzl8EKhIalF3h7N10PWQp00zLR7kianG7kibst7kmBOn7kmCSU7kdQ1m7kdR5UalF0AbaoUvaEaoUxQA4p8BaFp01AR0p00yb9EoU7NJa15w6hvd05WX,P1Win,,1,0,1,0,,0
133,000hM4joPQ766pHyEx60hK5Qt00ezca1w2oaT01yVMaex2DQU01oc3aouXL0a2tdoQgnuah0g01ka97eFFo09f2H7ddnlwwQp01AQlp00hu8p00wxhp00rYTGhkzvjal1nKvamT4bVal1vPJ8m3k2xzddpDOaaxuJO,000ypjT01nUEp00cmWp00kqK9oGR6T9oH0aH9oH8ev9oHgija3fY9ma3g1Pkp00NrIj0RqRM4pDKqxamKxGBamKAnx9l1b7k9l1guc9l1lR49l1reV9l1wBN9l1BYF7kdHE57kdK4B7kdMu97kdOTG7kinw77kipVJ7kismc7kiuLJa6vX0rp01uE5a6vOVAa6vQOla6vSH6r01ruvr00g9c,P1Win,,1,0,1,0,,0
134,000hM4joPQ766pHyEx60hK5Qt00ezca1w2oaT01yVMaex2DQU01oc3aouXL0a2tdoQgnuah0g01ka97eFFo09f2H7ddnlwwQp01AQlp00hu8p00wxhp00rYTGhkzvjal1nKvamT4bVal1vPJ8m3k2xzddpDOaaxuJO,001h17X01eBBw01azbajvKYwp01A5Bw01bnlw01cbww01cYHw01dMSw01eB4w01fpfw01gdqw01h1Bw01hOMt01gsUO01bU8ajvMASajvOtDjmL3pDp01nqTp01bBAa01wSma01zzip01A6j8d19fPr01fl3r01f3I,P1Win,,1,0,1,0,,0
135,000hM4joPQ766pHyEx60hK5Qt00ezca1w2oaT01yVMaex2DQU01oc3aouXL0a2tdoQgnuah0g01ka97eFFo09f2H7ddnlwwQp01AQlp00hu8p00wxhp00rYTGhkzvjal1nKvamT4bVal1vPJ8m3k2xzddpDOaaxuJO,001h1o7keHtHa1b0IR7keIhS7knyEw7knzsH7kwpPl7kwqDw7k60aR7k5YmGapiqePapisUO4n3RdGajWbUPajWdNzajWfGkN0eo5q7oV4Tt7oV7Ap7oVahl7od6OU7od48Y7od1s37ntX0C7nu0Gy7nu3nuq01AUfa1aX2VagkAlUp01z0Up01xVS9oUVPF9oV7Ap9oVil99mL7YR9mKWf89mKLuo,P1Win,,1,0,1,0,,0
136,000hM4joPQ766pHyEx60hK5Qt00ezca1w2oaT01yVMaex2DQU01oc3aouXL0a2tdoQgnuah0g01ka97eFFo09f2H7ddnlwwQp01AQlp00hu8p00wxhp00rYTGhkzvjal1nKvamT4bVal1vPJ8m3k2xzddpDOaaxuJO,000gJRp00MISp00LD3p00zwup00gHep00I6Gp014lEp01oMtp01vxft00cs5t00dwFt00dN4t00ekQt00eREt00eREt00fppt00fFNt00fFNt00f91T01gtWajvMBULpQGxdaoI7tJakj2kwamBuJaamCqd8p014DAanCHadp00duzG00c94apznCQL3fXnUvnBR4H,Draw,,0,0.5,0,0.5,,0
137,000hM4joPQ766pHyEx60hK5Qt00ezca1w2oaT01yVMaex2DQU01oc3aouXL0a2tdoQgnuah0g01ka97eFFo09f2H7ddnlwwQp01AQlp00hu8p00wxhp00rYTGhkzvjal1nKvamT4bVal1vPJ8m3k2xzddpDOaaxuJO,001lzPN6vVJBT01ntAjpilnwjn87Nxp01ASqp01ASYp01ATyp01AU7a1OJxka1OGQoO01eldzd1fqSa01ARSa01ybWp01AkDp01rbFp01hvvp01m6vajvUE1ajvRX5ajvuCvajvrVzg01plNg01mER7oV8EYr011aar00Qu07oVe2Q7ozcjD7oz6VL9oV4Tt9oVejf,P1Win,,1,0,1,0,,0
138,000hM4joPQ766pHyEx60hK5Qt00ezca1w2oaT01yVMaex2DQU01oc3aouXL0a2tdoQgnuah0g01ka97eFFo09f2H7ddnlwwQp01AQlp00hu8p00wxhp00rYTGhkzvjal1nKvamT4bVal1vPJ8m3k2xzddpDOaaxuJO,000iidi2JtBza1vXlr40i3kRzd05pIamT4HUamx5FKp01ARu9kE5nD9kzMBi9kzWhv1ogvdk1okXbr7k9qXL7k9m8D7k9pmr7k53zh7k4XJf7k51WV9opb7E9oPSv190dhyn90vbrQxk4VjWxk54DQxk4TrSxk505dj1iBear009aEaotHUSr00FEjr00xRS,P1Win,,1,0,1,0,,0
139,000hM4joPQ766pHyEx60hK5Qt00ezca1w2oaT01yVMaex2DQU01oc3aouXL0a2tdoQgnuah0g01ka97eFFo09f2H7ddnlwwQp01AQlp00hu8p00wxhp00rYTGhkzvjal1nKvamT4bVal1vPJ8m3k2xzddpDOaaxuJO,000gsi60dlDnp008pAt00f7vU00wjwp01bPVp00oNxa6qqMVp00gtb9otQj07oy3pGp00EAsa1w0wJaou37qgntjITdke4cYT00YLDa5hysta5hB9pp009rSp01s0br00iAWalAwiQalAEmEa4p7CDjnBWtUGi3tQv7otArBp00Nfip01APw6plvRV9otzTP,P1Win,,1,0,1,0,,0
140,000hM4joPQ766pHyEx60hK5Qt00ezca1w2oaT01yVMaex2DQU01oc3aouXL0a2tdoQgnuah0g01ka97eFFo09f2H7ddnlwwQp01AQlp00hu8p00wxhp00rYTGhkzvjal1nKvamT4bVal1vPJ8m3k2xzddpDOaaxuJO,001cIhjo4rt1p01vgJapvFlGapmTxJp01urAakeNDnajRNMWajvNWxGjvzaup01bSwp01kKvt01bUyt01bUyt01bUyt01bUyt01bUyt01cbXOoMmR2OoHPQX9oDCp39oDhaX7oMdIE7oMgWn7oMjTHE017SL,P1Win,,1,0,1,0,,0
141,000hM4joPQ766pHyEx60hK5Qt00ezca1w2oaT01yVMaex2DQU01oc3aouXL0a2tdoQgnuah0g01ka97eFFo09f2H7ddnlwwQp01AQlp00hu8p00wxhp00rYTGhkzvjal1nKvamT4bVal1vPJ8m3k2xzddpDOaaxuJO,000iPHiobXqOp00svU8n7gSnamx4BMamx1o4a1w1zSaotJOj1nP7HE1nKLbU7kdNzP7kifcX7kmEdN7kihm67kdTupx5LF3vzd0bkn9l1cui9kVSnb9kW1Hq904yY9909cGIg3b1hulfapas415xpCj10Yg6E15fW1r00afTT00sL4,P2Win,,0,0,0,0,,0
142,000hM4joPQ766pHyEx60hK5Qt00ezca1w2oaT01yVMaex2DQU01oc3aouXL0a2tdoQgnuah0g01ka97eFFo09f2H7ddnlwwQp01AQlp00hu8p00wxhp00rYTGhkzvjal1nKvamT4bVal1vPJ8m3k2xzddpDOaaxuJO,001cIhjmGJjBt019Ljt019Ljt019Ljt019Ljt019Ljt019LjT017kdakeDpuLnGY9fGd11qJajvKIJajvNpJp01ASLp01ATSao4DhNao4FXJ9oq7X99ohBKp7oMkb67oMgWn8bbVQWp01pAT8moNKLa1OIJ9q01gbLp016c5OoMfl1,P2Win,,0,0,0,0,,0
143,000hM4joPQ766pHyEx60hK5Qt00ezca1w2oaT01yVMaex2DQU01oc3aouXL0a2tdoQgnuah0g01ka97eFFo09f2H7ddnlwwQp01AQlp00hu8p00wxhp00rYTGhkzvjal1nKvamT4bVal1vPJ8m3k2xzddpDOaaxuJO,000jpK6008oNjphhB5ld09utlaOY9cl8ENMUa4PENVa4PHuUamKfcramKhSmp00hMaajuPg6ajuMzap00DiCp00HjHp00LkLimnOjsp01tm3t004nMp013OP4nPlJlp00jal7kdPMp7kdRVy7kmIzA7kmKIJr00O0E8009Ld,P1Win,,1,0,1,0,,0
144,000hM4joPQ766pHyEx60hK5Qt00ezca1w2oaT01yVMaex2DQU01oc3aouXL0a2tdoQgnuah0g01ka97eFFo09f2H7ddnlwwQp01AQlp00hu8p00wxhp00rYTGhkzvjal1nKvamT4bVal1vPJ8m3k2xzddpDOaaxuJO,000dYvp00EjlooCYS4o1eyBnO004olp00hcBT01y8Ba5IDFva5IAYz8dFeJrp01pPkp01nqFp01kuk800Fdfr01gJD9l5Rkl9l9Uzj9l5GzB7kmMgyp009pc7kmJje7kmGlT7k4PoF7k4Tqz9kIwMA9kIMUcxk4PoFxk4TGXxk4Y0gxk53iyxk57AQxk5bT9zcHGUL3mBCKhr01seU,P1Win,,1,0,1,0,,0
145,000hM4joPQ766pHyEx60hK5Qt00ezca1w2oaT01yVMaex2DQU01oc3aouXL0a2tdoQgnuah0g01ka97eFFo09f2H7ddnlwwQp01AQlp00hu8p00wxhp00rYTGhkzvjal1nKvamT4bVal1vPJ8m3k2xzddpDOaaxuJO,000dYtq00CH2q00vtijpUX8wj00nENh1imIs9nXLfI9oU28k9pD67v9oYvXq9pUNbX9nBO5p9oy0Fvijz9501m6cgV1n2sWG1obWRL1n7c3r1nGjJv1o7OLQt00ewip00dt0q00CHCq00CIbq00BUzp00mRJ,P1Win,,1,0,1,0,,0
146,000hM4joPQ766pHyEx60hK5Qt00ezca1w2oaT01yVMaex2DQU01oc3aouXL0a2tdoQgnuah0g01ka97eFFo09f2H7ddnlwwQp01AQlp00hu8p00wxhp00rYTGhkzvjal1nKvamT4bVal1vPJ8m3k2xzddpDOaaxuJO,000m3FX00iOFa15Fd4a0VP6Ij04Ntgp00pwHad05prad07ic9l5Gjk40EcjKU004zKgkIu6QaoHib4aoHgijp004R6jpQLjew00lv4N00leFaoLeaBO00kXhw00ihlajQXEOajQVM4,P1Win,,1,0,1,0,,0
147,000hM4joPQ766pHyEx60hK5Qt00ezca1w2oaT01yVMaex2DQU01oc3aouXL0a2tdoQgnuah0g01ka97eFFo09f2H7ddnlwwQp01AQlp00hu8p00wxhp00rYTGhkzvjal1nKvamT4bVal1vPJ8m3k2xzddpDOaaxuJO,000tnkj3fLzoa3gQrbN09d2JO00ohsU00ABjU00pk1amKmYNamKoRy800ARap01AP6p01APYp01AQVp01ARTajvQ7Ya3gNKf800JLVg00nXvN0IrGkj5q09pamKqKjamKgilamKiYip01ASHa00D3Fa00FJC4oQe0Sp009eor009dSr008VU,P2Win,,0,0,0,0,,0
148,000hM4joPQ766pHyEx60hK5Qt00ezca1w2oaT01yVMaex2DQU01oc3aouXL0a2tdoQgnuah0g01ka97eFFo09f2H7ddnlwwQp01AQlp00hu8p00wxhp00rYTGhkzvjal1nKvamT4bVal1vPJ8m3k2xzddpDOaaxuJO,000FcaX00CfUajvaXTajvdEP600ytR600G0Sp00FaDp00wzep00NLpjntFfKp00Yiaa1637ia165Nep00YxzaoUUcLaoUWSHp00WneGgfL2Sp00YJpw00ytRr01fRvw00AmCw00Cfnw00E88w00G0SE0mVXW,P2Win,,0,0,0,0,,0
149,000hM4joPQ766pHyEx60hK5Qt00ezca1w2oaT01yVMaex2DQU01oc3aouXL0a2tdoQgnuah0g01ka97eFFo09f2H7ddnlwwQp01AQlp00hu8p00wxhp00rYTGhkzvjal1nKvamT4bVal1vPJ8m3k2xzddpDOaaxuJO,000e2wT012uro1sH0Vp01uENonQqweU01iA5N0RPokU01pl3T017QkajvCDkajvFkggocR1ip00QFrp00xTcp00othp00HhOp00xQTgoUX9DgpE4i0g159xbT01yFqa4lS1Ya4lUHULkA3uR8jNupTalG5tka4lLn28jRxEG8pEglJU00dJGa4kCcdalEVyT8kdJicalONyda4lFX2,P1Win,,1,0,1,0,,0
150,000hM4joPQ766pHyEx60hK5Qt00ezca1w2oaT01yVMaex2DQU01oc3aouXL0a2tdoQgnuah0g01ka97eFFo09f2H7ddnlwwQp01AQlp00hu8p00wxhp00rYTGhkzvjal1nKvamT4bVal1vPJ8m3k2xzddpDOaaxuJO,001dMQp01Anrp01AmUp01Amop01AlQ801tof801rvuj0WzPIt018Gkt019e89oV6fr9oVahl9n7WCn9n81EhajvKIIajvMBup01ABI9n85Gb9n89I59oVejf9oVil9anQfQ3anQhIOanQjlfajvOdTp01hgxSoV7ApEoVil9,P1Win,,1,0,1,0,,0
151,000hM4joPQ766pHyEx60hK5Qt00ezca1w2oaT01yVMaex2DQU01oc3aouXL0a2tdoQgnuah0g01ka97eFFo09f2H7ddnlwwQp01AQlp00hu8p00wxhp00rYTGhkzvjal1nKvamT4bVal1vPJ8m3k2xzddpDOaaxuJO,000uDNp008kwp00L2ba4l01Ha4l2HEanPz6JanPBMFp00gEIp00IlR9l5vOR9l5zjY9l5CO69l1h1Y9l1kw69l1p5U9kW32h9kRGvy9kRKh47kmMwW7kmO9j7kmPKF7kmRn27kmSYo7kioAG7kiqd37kirOp7kitqL7kiv387kdY347ke0Eq7ke2gM7ke3S97ke5uvT01AOxad1BUdLd0A29j1rFPk,P2Win,,0,0,0,0,,0
152,000hM4joPQ766pHyEx60hK5Qt00ezca1w2oaT01yVMaex2DQU01oc3aouXL0a2tdoQgnuah0g01ka97eFFo09f2H7ddnlwwQp01AQlp00hu8p00wxhp00rYTGhkzvjal1nKvamT4bVal1vPJ8m3k2xzddpDOaaxuJO,001cbop01derp01nYbp01xoBp01w4xp01uJ7p0119jt01bUwt01bUwt01bUwt01bUwjkSAGr9p0oh39p0xFO9p0H5A7p9lTj7p9p827p9slK7kjckC7kjfyl7kjiM4G00YMNakANdlakAPTia01s26a01uI2a1OGQoa1OJxkT01yIP9mLhlP9mLk2Ka3gMTfa3gPAb,P1Win,,1,0,1,0,,0
153,000hM4joPQ766pHyEx60hK5Qt00ezca1w2oaT01yVMaex2DQU01oc3aouXL0a2tdoQgnuah0g01ka97eFFo09f2H7ddnlwwQp01AQlp00hu8p00wxhp00rYTGhkzvjal1nKvamT4bVal1vPJ8m3k2xzddpDOaaxuJO,000i4P6008oQ6ph78Lld09uwlfajPNlhkuc57kdPMm7kdUCr7kmGGM7kmLwRp00keRp00FWbp00EC2p00DhSp00BWJp00n9np0072lp00ACAjnPaHhG0071N8009LdakzIlIakzL2HamKdQwamKgxra00zh5a00BX1,P1Win,,1,0,1,0,,0
154,000hM4joPQ766pHyEx60hK5Qt00ezca1w2oaT01yVMaex2DQU01oc3aouXL0a2tdoQgnuah0g01ka97eFFo09f2H7ddnlwwQp01AQlp00hu8p00wxhp00rYTGhkzvjal1nKvamT4bVal1vPJ8m3k2xzddpDOaaxuJO,001bQ3p01x42o16AbfonQsEBakwnRaakwqy7U01pNpT01lQvaknIQdLmKOm0amL4JSLpW5EYp01qlRt01cnJt01cnJt01cnJt01cnJt01cnJt01cnJt01cnJt01cnJt01cnJp01mRiafbe9MafbbsRa2bEbAa2bBuEr01vvf,P2Win,,0,0,0,0,,0
155,000hM4joPQ766pHyEx60hK5Qt00ezca1w2oaT01yVMaex2DQU01oc3aouXL0a2tdoQgnuah0g01ka97eFFo09f2H7ddnlwwQp01AQlp00hu8p00wxhp00rYTGhkzvjal1nKvamT4bVal1vPJ8m3k2xzddpDOaaxuJO,000ocmX009FYY004jh7kdLXa7kdPsc7kr9As7krchoamKjbmj0Imgit004jEp00wwma15D3l6005ncw009Fuw00b1sw00cmq60v2zwp01zyqw008kwamKlRi9oUac7,P1Win,,1,0,1,0,,0
156,000hM4joPQ766pHyEx60hK5Qt00ezca1w2oaT01yVMaex2DQU01oc3aouXL0a2tdoQgnuah0g01ka97eFFo09f2H7ddnlwwQp01AQlp00hu8p00wxhp00rYTGhkzvjal1nKvamT4bVal1vPJ8m3k2xzddpDOaaxuJO,001iRBT01uVfL65fo48l71Kga4uD3aLkalEna0SiP8a0SqSUr01AOxr01bzBp01bAvp01swip01kbRp01AR2p01A4tp01zgUp01ycPp01vMTp01qFOp015IwX01hxuajvOc8ajvQS4ao0evKao0hcGa6vWNia6w5R6jnyBejE3Lxe7w01deGw01fnNw01hwWw01jG6w01lPgO01deGO01lPg,P1Win,,1,0,1,0,,0
157,000hM4joPQ766pHyEx60hK5Qt00ezca1w2oaT01yVMaex2DQU01oc3aouXL0a2tdoQgnuah0g01ka97eFFo09f2H7ddnlwwQp01AQlp00hu8p00wxhp00rYTGhkzvjal1nKvamT4bVal1vPJ8m3k2xzddpDOaaxuJO,001pxDj01mjiX01dbzt01rWyakeXvAakf1cwp01A21weOmSLaoDSaxaozw72a2bIuAa2bLbwp01A2Bwesmvwwe6m8hwpRoc9wpRpx79oV6XB9oV9UV9oVcSgt01dcaT01AOC8kXeQTL4lHhf7kj9ih7kjaTD7kje8m,P2Win,,0,0,0,0,,0
158,000hM4joPQ766pHyEx60hK5Qt00ezca1w2oaT01yVMaex2DQU01oc3aouXL0a2tdoQgnuah0g01ka97eFFo09f2H7ddnlwwQp01AQlp00hu8p00wxhp00rYTGhkzvjal1nKvamT4bVal1vPJ8m3k2xzddpDOaaxuJO,000dYqp00vaYp00r9IX008kxO0056NO007fWO009p6O00byfw0056Nw006Iaw008kww009VSw00byfyd05p7G004oljoccn9amKdNuamKguqa1rvmNa1ry3M,P1Win,,1,0,1,0,,0
159,000hM4joPQ766pHyEx60hK5Qt00ezca1w2oaT01yVMaex2DQU01oc3aouXL0a2tdoQgnuah0g01ka97eFFo09f2H7ddnlwwQp01AQlp00hu8p00wxhp00rYTGhkzvjal1nKvamT4bVal1vPJ8m3k2xzddpDOaaxuJO,000nHHt00rbNanYj46akn4uT4nYfAKjmKiWCalj4wip00xnI604yKlS0ImzHg2nGb7g2nI3OlbydAtla76GCp00DOg7kinz47kioDD7kmP0t7kmQ547kr9n17krarAp00HP8p004CV,P1Win,,1,0,1,0,,0
160,000hM4joPQ766pHyEx60hK5Qt00ezca1w2oaT01yVMaex2DQU01oc3aouXL0a2tdoQgnuah0g01ka97eFFo09f2H7ddnlwwQp01AQlp00hu8p00wxhp00rYTGhkzvjal1nKvamT4bVal1vPJ8m3k2xzddpDOaaxuJO,000dYpj1NotBj0mjc7joUg5XynP6SqF00ph7E0mjsvp00FUHp00BTxr01xoir01uYut00b2ht00b2ht00b2ht00b2ht00b2ht00b2h,P2Win,,0,0,0,0,,0
,,,,,114,2,,,,
