#ID,P1,P2,Result,Result
2001,000iAhjoUfQzp00jTKakW1Xtp00tRIt00hfdt00hfdaiLYG5GjuMhdp00wxkr00vtt6pHyV0zdqBhKU01xkra3gQlsajw0r29eT2KH9fTIbT7eFOwnL4V7rJakA42ba0IxQog01tiw60hLHca0IAxUr00tlwp00qBhp00SOAp01ASH,000kHTX008lKp00cmqj0ImgLwfWHW9wfrTBMwpHxhYwpHzaJwdVtBKa1NDOuGdDNVmp008mlakVPoMakVS5Ip00BT8amjUoDamjX5zp00zdVr01AQUr013Ata1NGvtOjHNGaOjhoOQOiPYXyOipA7gOhYbfX,P1Win,P2Win
2002,000iAhjoUfQzp00jTKakW1Xtp00tRIt00hfdt00hfdaiLYG5GjuMhdp00wxkr00vtt6pHyV0zdqBhKU01xkra3gQlsajw0r29eT2KH9fTIbT7eFOwnL4V7rJakA42ba0IxQog01tiw60hLHca0IAxUr00tlwp00qBhp00SOAp01ASH,000hK4X00dHsw009Fuw00bhQw00cTdw00evzw00g7Vw00hJiO009FuO00bhQO00cTdO00evzO00g7VO00hJij2ata9akA0uSakzWNWa3fIP5p00os8p00segr004jTr01ARo,P1Win,P2Win
2003,000iAhjoUfQzp00jTKakW1Xtp00tRIt00hfdt00hfdaiLYG5GjuMhdp00wxkr00vtt6pHyV0zdqBhKU01xkra3gQlsajw0r29eT2KH9fTIbT7eFOwnL4V7rJakA42ba0IxQog01tiw60hLHca0IAxUr00tlwp00qBhp00SOAp01ASH,000kHRX008l9wfNUMBwfrUpmOjz1wCOjd19nakdODij2nGoUOiQ0L8p00ixCwf5U27akdQw3weITDR604x5Dp00vcmakIIBTp00NbkantoMaaoUsYXp0070LwpUNt241rCCsa1rELB,P1Win,P1Win
2004,000iAhjoUfQzp00jTKakW1Xtp00tRIt00hfdt00hfdaiLYG5GjuMhdp00wxkr00vtt6pHyV0zdqBhKU01xkra3gQlsajw0r29eT2KH9fTIbT7eFOwnL4V7rJakA42ba0IxQog01tiw60hLHca0IAxUr00tlwp00qBhp00SOAp01ASH,000j7PimwEnTX008n9p00hdYakzRIpw0058Sw0071Dw008Tow00aM9O005W4O007yqO009aMO00aM9joccoUa2aEe2p00uFEGd0ehdaoUsd5p00vcUaoUuT1a2aGU2p00B6vp00pk9r004mr8004lTakzTBaakzVtU,P2Win,P1Win
2005,000iAhjoUfQzp00jTKakW1Xtp00tRIt00hfdt00hfdaiLYG5GjuMhdp00wxkr00vtt6pHyV0zdqBhKU01xkra3gQlsajw0r29eT2KH9fTIbT7eFOwnL4V7rJakA42ba0IxQog01tiw60hLHca0IAxUr00tlwp00qBhp00SOAp01ASH,001na5X01agej2klbgp01mkBGhQuySp01AQAp01APlp01zMyOkwqQiOfXQ2EOgtEn0OgYsHlwfTlUlwfoxA0weSJfEwenUUjwdWw41anQq09anQsG7a3gNHja3gQolT019Hma5qziCa6vHacr01ACnr01AODajAitpajvVpT,Draw,Draw
2006,000iAhjoUfQzp00jTKakW1Xtp00tRIt00hfdt00hfdaiLYG5GjuMhdp00wxkr00vtt6pHyV0zdqBhKU01xkra3gQlsajw0r29eT2KH9fTIbT7eFOwnL4V7rJakA42ba0IxQog01tiw60hLHca0IAxUr00tlwp00qBhp00SOAp01ASH,001iQVwpvwaljnD0W1a16zAFp01vupp01yr8p01APKanQq0ganQsGcp01kbGajvU5aajvRoeGd1izSX01fCUOg7EwmOkJE5rOkePK6OjJ2pKwewIRewe6k0Vwdw7cxwd1j8AU004RRa2agyza2ajfv7k4RQ8,P1Win,P1Win
2007,000iAhjoUfQzp00jTKakW1Xtp00tRIt00hfdt00hfdaiLYG5GjuMhdp00wxkr00vtt6pHyV0zdqBhKU01xkra3gQlsajw0r29eT2KH9fTIbT7eFOwnL4V7rJakA42ba0IxQog01tiw60hLHca0IAxUr00tlwp00qBhp00SOAp01ASH,001dvXjnucuVX01b7uOjWbVPOffMTHOfKBvrOggq7bw9PicqwalaihwaQ2o8wblTtYw013Atp01yL7a16CAfa16Fhbp01zydanQq2LanQsIHajvJnhajvLg2ajvN8Op015qHp01dKJGgghKlp00K2lp01mmuq01zgGr00K38r01auT,P2Win,P1Win
2008,000iAhjoUfQzp00jTKakW1Xtp00tRIt00hfdt00hfdaiLYG5GjuMhdp00wxkr00vtt6pHyV0zdqBhKU01xkra3gQlsajw0r29eT2KH9fTIbT7eFOwnL4V7rJakA42ba0IxQog01tiw60hLHca0IAxUr00tlwp00qBhp00SOAp01ASH,001bTFjnucv3X01bEhp01AUgp01ATIanQrV4anQpf8ajvKIkp017Qcp01gYzt012M4p01ASqp01s12G7NMHzw9Y7e6watYjWwaYQpNwbuIvEwc0ABwO86yQAOg7CqtOfBO68w05vifr00XbJr004ohabUT7UajvIPyajvHec,P1Win,P2Win
2009,000iAhjoUfQzp00jTKakW1Xtp00tRIt00hfdt00hfdaiLYG5GjuMhdp00wxkr00vtt6pHyV0zdqBhKU01xkra3gQlsajw0r29eT2KH9fTIbT7eFOwnL4V7rJakA42ba0IxQog01tiw60hLHca0IAxUr00tlwp00qBhp00SOAp01ASH,001dvXjnucuVt019eJOf70uoOfGdiMOggq7bwfbjkbweB6vMwe1SHowdrFT0p01yL7a1Khiea16Fhbp01zydanQq2LanQsIHajvJnhajvM4ep01f6CGgghKlp01Aldp016LFp015nQU00ACza2aNnQa2aKGUp01s1fp01nr4X01b7ur01AOxr00Bow,P2Win,P1Win
2010,000iAhjoUfQzp00jTKakW1Xtp00tRIt00hfdt00hfdaiLYG5GjuMhdp00wxkr00vtt6pHyV0zdqBhKU01xkra3gQlsajw0r29eT2KH9fTIbT7eFOwnL4V7rJakA42ba0IxQog01tiw60hLHca0IAxUr00tlwp00qBhp00SOAp01ASH,001crxX01e4OjodfWyt0174Xt0174XU00GwUajvNWbajvLgcp01a0saozsq8OjebblOjIYvGOf2Adawapzj7wcmEtRp01ASuG4ljpYp01pAxp01991p01ATGwbuIvEaoyFPLaoyD9Pw05wDdaozv74p01yL7,P1Win,P2Win
2011,000iAhjoUfQzp00jTKakW1Xtp00tRIt00hfdt00hfdaiLYG5GjuMhdp00wxkr00vtt6pHyV0zdqBhKU01xkra3gQlsajw0r29eT2KH9fTIbT7eFOwnL4V7rJakA42ba0IxQog01tiw60hLHca0IAxUr00tlwp00qBhp00SOAp01ASH,001dfiwpVLF3w01b6TX01dgAO019e9O01hhWwjvJ8aw01eS0wpVTcEt01bmut012vGp01xW5ajvJn0ajvLfKalGcJoU01uHGaggrXka16zBojnQedSa2bHsXp01hvWa1OHEzp017j5p01ybHalGfqkGjvxdI,P1Win,P2Win
2012,000iAhjoUfQzp00jTKakW1Xtp00tRIt00hfdt00hfdaiLYG5GjuMhdp00wxkr00vtt6pHyV0zdqBhKU01xkra3gQlsajw0r29eT2KH9fTIbT7eFOwnL4V7rJakA42ba0IxQog01tiw60hLHca0IAxUr00tlwp00qBhp00SOAp01ASH,000iOu7k9szM7k57447k9qH2joH2Afr00tih7kmEcK7kiiG27kmCAoamKhz0amKeS49la2OV9l5LWt9l9Y5e415A5na2B43ma2B6Jj7plDBi7pq62F7puxt39p8pPb9plIYazcUI5dx5YUGhxkifbUr004jja8n7I71lEVx91lF0z3O00iNRT01evSp00tzja6vMfEa6vJyIa6vKTJp01dIi,P2Win,P1Win
2013,000iAhjoUfQzp00jTKakW1Xtp00tRIt00hfdt00hfdaiLYG5GjuMhdp00wxkr00vtt6pHyV0zdqBhKU01xkra3gQlsajw0r29eT2KH9fTIbT7eFOwnL4V7rJakA42ba0IxQog01tiw60hLHca0IAxUr00tlwp00qBhp00SOAp01ASH,000gFvi2AF7yp00r9Xj19MIW9lekkJ9kVPoO9kRiBw9kIKei9p8eyD9puwov90dhxV90zznNp00vaXantjVQantmCMa2aC36a2aEJ741ry3hx5YWz2x5YLPg7kr2RC7kr6Tw7kifIH7kijKD7k9szM7k9wBKzcUIlK39nNa91kVPoOr00O5e1kVTqGp01ARm,P1Win,P2Win
2014,000iAhjoUfQzp00jTKakW1Xtp00tRIt00hfdt00hfdaiLYG5GjuMhdp00wxkr00vtt6pHyV0zdqBhKU01xkra3gQlsajw0r29eT2KH9fTIbT7eFOwnL4V7rJakA42ba0IxQog01tiw60hLHca0IAxUr00tlwp00qBhp00SOAp01ASH,000lLOimJWqi71rjN471e2grx5UpKMxkdJgq9plx9Q9plHTA90qEb390qOUM9kVS5I9kVXsA9kW3Ps9kVMHQ7kdNik7kifIH7kmHa57kdU1a7kimrx7kmNRU1oc9WB1l5K4I1ocdYvj15nYva15ATcp00xQTamKmFtamKjYx415BaAp00wgdp008kWp00Djv8091Kd,P1Win,P2Win
2015,000iAhjoUfQzp00jTKakW1Xtp00tRIt00hfdt00hfdaiLYG5GjuMhdp00wxkr00vtt6pHyV0zdqBhKU01xkra3gQlsajw0r29eT2KH9fTIbT7eFOwnL4V7rJakA42ba0IxQog01tiw60hLHca0IAxUr00tlwp00qBhp00SOAp01ASH,000fknr008m0i3fjOxh3fsq8j3fykME1NcVuzd09qc80918Dp00ocsr004iU7kdPHRx5UkoIxjQHxd9kMUcR9kIISi9kIAOur00t1SaoyllYanPkAu7kdLFX7kdOTG42aC2ja2aDnY1l1b7k90hVRd7kdWaj7kdSVA7kdIsf1l1fWp90hKzGa2aAGXzcUKuR,P1Win,P2Win
2016,000iAhjoUfQzp00jTKakW1Xtp00tRIt00hfdt00hfdaiLYG5GjuMhdp00wxkr00vtt6pHyV0zdqBhKU01xkra3gQlsajw0r29eT2KH9fTIbT7eFOwnL4V7rJakA42ba0IxQog01tiw60hLHca0IAxUr00tlwp00qBhp00SOAp01ASH,000i1tj15nYv41ekNVa2wEzua2wHgtp00pNYp00tP0amKhPoamKkwkt004iC9pD67H900b1s900gok900lLe9kRlir9kRtlh9kNcEH9lelFH9letIy9lad2U7kialP7kid2N7kifIH7kr0bI7kr2RC7kr5yy1kVO3O1kVQJM1kVTaip01AP7p01AOxr00IHlr00YLxabbVMi,P1Win,P2Win
2017,000iAhjoUfQzp00jTKakW1Xtp00tRIt00hfdt00hfdaiLYG5GjuMhdp00wxkr00vtt6pHyV0zdqBhKU01xkra3gQlsajw0r29eT2KH9fTIbT7eFOwnL4V7rJakA42ba0IxQog01tiw60hLHca0IAxUr00tlwp00qBhp00SOAp01ASH,000htTi3FMHJ41ryjOj19MJ9p00pxKp00xAOt007NOa15vwEa3fIyU90uURR90vbYx9oYq4j9p45V29kRiB57kdEau7ki6AR7ki91k7kmBMs7kmEtl7kmHah9kIyFS9kVQtB9kvuzA9kNc889oPJCXamKjbmamKguqp00SC3p01ASzaaOU3y,P1Win,P2Win
2018,000iAhjoUfQzp00jTKakW1Xtp00tRIt00hfdt00hfdaiLYG5GjuMhdp00wxkr00vtt6pHyV0zdqBhKU01xkra3gQlsajw0r29eT2KH9fTIbT7eFOwnL4V7rJakA42ba0IxQog01tiw60hLHca0IAxUr00tlwp00qBhp00SOAp01ASH,000i1SimaDYdj10Yfst0070MamKge2amKiTXa3fGGka3fJnip00seRp00vbv41Apeqad05oYad085U7kmzn37kmC437kmEJV7kdLWN7kdODH7kdRkC1l1e521l1iDK9l5xbw9l5NiS9kIvsj9kILzF9oYq4s9p3Ydq9p48Ce90dilO90mnuQr00Bm1r008mJ,P1Win,P1Win
2019,000iAhjoUfQzp00jTKakW1Xtp00tRIt00hfdt00hfdaiLYG5GjuMhdp00wxkr00vtt6pHyV0zdqBhKU01xkra3gQlsajw0r29eT2KH9fTIbT7eFOwnL4V7rJakA42ba0IxQog01tiw60hLHca0IAxUr00tlwp00qBhp00SOAp01ASH,000jmh9kRnXp9kRuGf9kRBp59kRjVv9pcEmF9pcIEX9pcRgy9pcMXga2aCQ5a2aFx3j19MIWamKlRiamKjbm7k4Xc57k9oOh7kdPrt7kifsj7kdR3P7k9tEmp00wvVp00vbv90zjga90zBwU400suNt006IGt006IGE0I96U,P1Win,P2Win
2020,000iAhjoUfQzp00jTKakW1Xtp00tRIt00hfdt00hfdaiLYG5GjuMhdp00wxkr00vtt6pHyV0zdqBhKU01xkra3gQlsajw0r29eT2KH9fTIbT7eFOwnL4V7rJakA42ba0IxQog01tiw60hLHca0IAxUr00tlwp00qBhp00SOAp01ASH,000htwj15nYvp00vHKamKi6MamKkMIp00tPta15wAT9kRiAx9kVPoM9kVXsA7k9kvY7kdKBo7kibGN7kmBMd7kienJ7kdPYg9p3ONd9p3WR19p8uFg1kr2RC1kr6Tw90zjga90DY8dt00dHOa15zhR7phcrj7phgtdp004jQt008kWr00KwJE6QB4F41nanQ,P2Win,Draw
2021,000iAhjoUfQzp00jTKakW1Xtp00tRIt00hfdt00hfdaiLYG5GjuMhdp00wxkr00vtt6pHyV0zdqBhKU01xkra3gQlsajw0r29eT2KH9fTIbT7eFOwnL4V7rJakA42ba0IxQog01tiw60hLHca0IAxUr00tlwp00qBhp00SOAp01ASH,000fkni3fjOxj15nYvt008kV42aA9wa3fFkOa3fI1Np00pNMamKfWDamKdgH9l9UA79l5LWt9l5DSF90dhxK9puwot9p8eys90zznL7kdKRM7kdO6v7kdPHR7kmAY27kmDVm7kmFO7t00bP3t00bP3p00su3E6QB4Fr00Ilfr01evS,P1Win,P2Win
2022,000iAhjoUfQzp00jTKakW1Xtp00tRIt00hfdt00hfdaiLYG5GjuMhdp00wxkr00vtt6pHyV0zdqBhKU01xkra3gQlsajw0r29eT2KH9fTIbT7eFOwnL4V7rJakA42ba0IxQog01tiw60hLHca0IAxUr00tlwp00qBhp00SOAp01ASH,000jmhj15nYvp00wvVp00tPJ41rzo5a2aEc5a2aGS4an7jyBan7mfxp005DF9l9Uzj9l9YBd9l5DSF9l5HUz9l1nd2T01hcO9l1reVa6vJika6vLYga6vLYja6vOFfp01hdpp01ARm8cRkuyp00BXjp005EOr01AQP7kdPHR7kdRke7kdSVA7kdUxW7kdWaj7kmEJx7kmGlT7kmHXg7kmJzC7kmLbY7kigwS7kii9f7kijKB7kilmX7kimYk,P2Win,P2Win
2023,000iAhjoUfQzp00jTKakW1Xtp00tRIt00hfdt00hfdaiLYG5GjuMhdp00wxkr00vtt6pHyV0zdqBhKU01xkra3gQlsajw0r29eT2KH9fTIbT7eFOwnL4V7rJakA42ba0IxQog01tiw60hLHca0IAxUr00tlwp00qBhp00SOAp01ASH,000vbMp00efgp005nh9l5vOR9l5Aoy9l1gdN9l1kMu9l1pmb9kW5bv9kW9K8j2aGAPamKsQwamKvxsa2aR6aa2aTfo42aO8fO00iNRT01AOCae6EoUae6H5Q7kmvBa7kmyOS7kmC3B7kmFhk7kmIv37kmLIL7kmtbC7kmwpl7kmzD47kmCQM7kmG5v7kmJje8dwr3Jp01ARmp00BXj8cRhNC,P1Win,P2Win
2024,000iAhjoUfQzp00jTKakW1Xtp00tRIt00hfdt00hfdaiLYG5GjuMhdp00wxkr00vtt6pHyV0zdqBhKU01xkra3gQlsajw0r29eT2KH9fTIbT7eFOwnL4V7rJakA42ba0IxQog01tiw60hLHca0IAxUr00tlwp00qBhp00SOAp01ASH,000u7Ap00bivj15E7Aa00E4ka00GKip00JsRamKxJ74puQzmp00NIPp00MDAamKBsiamKyLmT011C1a3gkD2a9K61ma9K3kr7ke5Li7kitra7k9EWh7ke3C97kiri27k9CN97ke1t27kip8U7k9AE27kdYjU7kinwx7k9z2E9kMWS79kN5VX9kNe139kNm4O9la3De9labGY9lajL79larOUa3ghW6,P2Win,P1Win
2025,000iAhjoUfQzp00jTKakW1Xtp00tRIt00hfdt00hfdaiLYG5GjuMhdp00wxkr00vtt6pHyV0zdqBhKU01xkra3gQlsajw0r29eT2KH9fTIbT7eFOwnL4V7rJakA42ba0IxQog01tiw60hLHca0IAxUr00tlwp00qBhp00SOAp01ASH,000ztSt00mznj15E77p00cCO9lepGC9kRnXp9la6k39kN4AP9labGU9kN9XH9lah4M9kNflz9lamrE9kIUY09l63559kJ1lR42aV7pp00OfTanPGCKanPDVOr01vsd7ke6Pta15ORcp00JXuabUhH87kea4c7kedhU7kmU3X7kmVVI7kn0ar,P1Win,P2Win
2026,000iAhjoUfQzp00jTKakW1Xtp00tRIt00hfdt00hfdaiLYG5GjuMhdp00wxkr00vtt6pHyV0zdqBhKU01xkra3gQlsajw0r29eT2KH9fTIbT7eFOwnL4V7rJakA42ba0IxQog01tiw60hLHca0IAxUr00tlwp00qBhp00SOAp01ASH,000y9ii004zot00n85p00eMSp006sGj15E7j9ler2X9kRtlE9laamk9kNcF19laipU9kNkIE9l61Jj9kJ4357kmRDGp00ICIp00Lzla3g0uHamKx9O41rOrsamKzPKzcUX8CT01rWI7kmUky7kmX1u7keaRA7ke8bD7ke5uJa9LcblagfkUAa9LeRh,P1Win,P2Win
2027,000iAhjoUfQzp00jTKakW1Xtp00tRIt00hfdt00hfdaiLYG5GjuMhdp00wxkr00vtt6pHyV0zdqBhKU01xkra3gQlsajw0r29eT2KH9fTIbT7eFOwnL4V7rJakA42ba0IxQog01tiw60hLHca0IAxUr00tlwp00qBhp00SOAp01ASH,000hLximOhT460qAaRzd0jUYj19MKoalFcWlalFagka3fIjLp00rrH41ryl19kRiBJ9kRqFQ9kRyJB9pLSgP9pLXDG9pHEho9pHJEg1nt4DT1nt6ge7k9qIt7k9pnx7kdUzq7kdSX27kiftK7kih67p00F7wp00fQxp00BTXr00x7OafafKLr015Wz,P2Win,P1Win
2028,000iAhjoUfQzp00jTKakW1Xtp00tRIt00hfdt00hfdaiLYG5GjuMhdp00wxkr00vtt6pHyV0zdqBhKU01xkra3gQlsajw0r29eT2KH9fTIbT7eFOwnL4V7rJakA42ba0IxQog01tiw60hLHca0IAxUr00tlwp00qBhp00SOAp01ASH,000i2DimOfJI7k9nuw7k9qIc7k9sAV7kdKCu7kdNQj7kdPJ29kRnIy9kNe1K9kRs1w9kRxokzd0b3Yj15o0E1nKGm01nKJQ4xjVbkLamKhQfamKfagp00rHUa3fI35415xGc908XbQ90dtDO90dAmIl8iNmRp01ARox5YOwH,P2Win,P2Win
2029,000iAhjoUfQzp00jTKakW1Xtp00tRIt00hfdt00hfdaiLYG5GjuMhdp00wxkr00vtt6pHyV0zdqBhKU01xkra3gQlsajw0r29eT2KH9fTIbT7eFOwnL4V7rJakA42ba0IxQog01tiw60hLHca0IAxUr00tlwp00qBhp00SOAp01ASH,000ik6imJQ1mj1n10uxjV7jz9kRBrn9kVTJi9kVNhAld0aNLNpQnGsam2fe7anC7UPa1NEEup00rsDp00FVX40zGG29pUMqT90hSW690i1cK7kr12a7kr53Y7kidSd7kihU47k9uL97k9qJg1p8nbw7oy5hu,P1Win,P1Win
2030,000iAhjoUfQzp00jTKakW1Xtp00tRIt00hfdt00hfdaiLYG5GjuMhdp00wxkr00vtt6pHyV0zdqBhKU01xkra3gQlsajw0r29eT2KH9fTIbT7eFOwnL4V7rJakA42ba0IxQog01tiw60hLHca0IAxUr00tlwp00qBhp00SOAp01ASH,000iAHinsU0Lj15o1VNpLYdCzcul9balFdeGanPkSYT00u8p8nGtrap00rcq415xr6a1rAMglccNg190hJgO900nq47kieqc7kr4wp7kmGok7kijgf7kr9mv1noDj61kVU0T700e1h900fmdgclwnor00krTxk4VSi,P2Win,P1Win
2031,000iAhjoUfQzp00jTKakW1Xtp00tRIt00hfdt00hfdaiLYG5GjuMhdp00wxkr00vtt6pHyV0zdqBhKU01xkra3gQlsajw0r29eT2KH9fTIbT7eFOwnL4V7rJakA42ba0IxQog01tiw60hLHca0IAxUr00tlwp00qBhp00SOAp01ASH,000fmvin6T5aj15pmv9lelGl9leBOh9kRjX89kRA649opcsO9opsAK9005Fd900lN9a15tFFa15wmDamBo0gamBqGf400ount00coUt00coU7kdMw67kdO8s7kr3HK7kr3Y97kih6D7kiiI21nP25i1nP7sap00pPSp00xSnp00FURp01AP2r01ARmr01ATQ,P2Win,P2Win
2032,000iAhjoUfQzp00jTKakW1Xtp00tRIt00hfdt00hfdaiLYG5GjuMhdp00wxkr00vtt6pHyV0zdqBhKU01xkra3gQlsajw0r29eT2KH9fTIbT7eFOwnL4V7rJakA42ba0IxQog01tiw60hLHca0IAxUr00tlwp00qBhp00SOAp01ASH,000gY7t00870imJRmcj1ecvAamKh49amKen9p00uWe9lekm59labJ99004kW900kss7ki4JT7kdHFX7k9lCL9okLo79oprg4p00E4oa15vP6t00c8Wt00c8Wt00c8W9oU9po1kzNrs1kzRth1nfS2E1nfO0P7004kW,P1Win,P2Win
2033,000iAhjoUfQzp00jTKakW1Xtp00tRIt00hfdt00hfdaiLYG5GjuMhdp00wxkr00vtt6pHyV0zdqBhKU01xkra3gQlsajw0r29eT2KH9fTIbT7eFOwnL4V7rJakA42ba0IxQog01tiw60hLHca0IAxUr00tlwp00qBhp00SOAp01ASH,001hubioyXNvT01AOx401rX0p01qE8a4lPn4p01w0rj0wcwDanQnOA8cRLhba1sy4np01ixOajvM0majvOGip00W4Had0VNRanQl8A7oV6aM7k1xUm7k60Sv7kasQEO01cmYp00UHq7pil3s701byK9pvl8k9pEdDg9pEhF79pElH49pEpJcaggQ6aaggNpe1nQ3oO1nQ8eRzcVKvjp01A1W,P2Win,P1Win
2034,000iAhjoUfQzp00jTKakW1Xtp00tRIt00hfdt00hfdaiLYG5GjuMhdp00wxkr00vtt6pHyV0zdqBhKU01xkra3gQlsajw0r29eT2KH9fTIbT7eFOwnL4V7rJakA42ba0IxQog01tiw60hLHca0IAxUr00tlwp00qBhp00SOAp01ASH,001kb4img2UBa6vwFGT015nHa6vAaca6vCQ8p0157Tp00YKDa6vCzua6vAGJa6vyNYU01hJBp01nUEj0wcwwp01zdsp01yGbamLi76amLkN2a2bDERa2bGlP4pEtLIaggFSdaggDch9pE8gq9pE3X89pzMOq9pEgQV9pElab9pEpsy7kap687karM4r00iNSa3fwbD7p9yXR7p9xmv1nQbsx1nQg2h7eaMKm,P2Win,P2Win
2035,000iAhjoUfQzp00jTKakW1Xtp00tRIt00hfdt00hfdaiLYG5GjuMhdp00wxkr00vtt6pHyV0zdqBhKU01xkra3gQlsajw0r29eT2KH9fTIbT7eFOwnL4V7rJakA42ba0IxQog01tiw60hLHca0IAxUr00tlwp00qBhp00SOAp01ASH,0014jyj16bmkp01ewC42P6gha2bs6Kp01jCmamL8qVamL5K09l1TcH7kiTLk7kiSX97kiWbR7kiYBp7kns7m7knuwT7knwWr7knzmY90A93w90EDaP90J8i990JdF19kWytj9kWFc99kWLTY9phROT9pi6gzt00Q9jr00WQTabUIP57pvcfh7pvft0r01AR0a4lzL2,P2Win,P1Win
2036,000iAhjoUfQzp00jTKakW1Xtp00tRIt00hfdt00hfdaiLYG5GjuMhdp00wxkr00vtt6pHyV0zdqBhKU01xkra3gQlsajw0r29eT2KH9fTIbT7eFOwnL4V7rJakA42ba0IxQog01tiw60hLHca0IAxUr00tlwp00qBhp00SOAp01ASH,001bU6ingwB19oQCt6r011Y1aggeyaagghf6p00Pp0jn8aMga16EJVq01ATHan8phNan8mARp01AC5p01s1pakAQHAakAOONakAMW3p01jpwp01axsr00YwRGgggW6g017SLg01azHg01dgDg01fWzg01iDv9oQHjb9oQM9g9oQQYl7oMkb67oMmAD7oMp1b7oMrqIa16C40r012Ha,P1Win,P2Win
2037,000iAhjoUfQzp00jTKakW1Xtp00tRIt00hfdt00hfdaiLYG5GjuMhdp00wxkr00vtt6pHyV0zdqBhKU01xkra3gQlsajw0r29eT2KH9fTIbT7eFOwnL4V7rJakA42ba0IxQog01tiw60hLHca0IAxUr00tlwp00qBhp00SOAp01ASH,001crQimKJ4Qp01ye3jn8aMeN0equXad0WGUp017QEp01z0Wp01pRfp01gYUanQrEVanQoY0ajNp3t9mPie49mPsr19mY0MR9mYoru9oDvGd9oQWlO9oUVPhajNnr5ajNlyk80aje6Gd10mbw05AoI7oHUqE7oI0gJ7k5Xi77k638cr01AB9ad0U0Y,P1Win,P2Win
2038,000iAhjoUfQzp00jTKakW1Xtp00tRIt00hfdt00hfdaiLYG5GjuMhdp00wxkr00vtt6pHyV0zdqBhKU01xkra3gQlsajw0r29eT2KH9fTIbT7eFOwnL4V7rJakA42ba0IxQog01tiw60hLHca0IAxUr00tlwp00qBhp00SOAp01ASH,001e4bimC0WPp011aGa2bJUza2bHeDN0enO2p01ATAp01ASsp01s18anQsJ7anQq3bGmtaORabyVGVakAVhdp01aheakATotakARvFabyT10jjegyd9mKUCL9mY28t9mL2lB9mTWxM9oz4we9ozdV07oz6VL7oz9mj7ozbLQ7oz68Aq01j937knyEw7knBSfp01s3g,P1Win,P2Win
2039,000iAhjoUfQzp00jTKakW1Xtp00tRIt00hfdt00hfdaiLYG5GjuMhdp00wxkr00vtt6pHyV0zdqBhKU01xkra3gQlsajw0r29eT2KH9fTIbT7eFOwnL4V7rJakA42ba0IxQog01tiw60hLHca0IAxUr00tlwp00qBhp00SOAp01ASH,001dwsinPPk4GesatI9oUYwd9oQKwT9p0JKYjnQeexr01pmla16Ed9a16BwdanQsJ9p0173AanQq3dajvKIJajvNpIaasSpwafxh1DafxekIT004ogp01AStq01ATCp01gbGp01pkl9mTCEO9mKYV49mLaFgN0enO27keQSt7keLfd7oMkb67oMnoO7oMqCxp01ARm,P2Win,P1Win
2040,000iAhjoUfQzp00jTKakW1Xtp00tRIt00hfdt00hfdaiLYG5GjuMhdp00wxkr00vtt6pHyV0zdqBhKU01xkra3gQlsajw0r29eT2KH9fTIbT7eFOwnL4V7rJakA42ba0IxQog01tiw60hLHca0IAxUr00tlwp00qBhp00SOAp01ASH,001crQimKJ4Qp01wS5O09Qg8r00YOsafbaILae68f0jnHpJLp0187Vp01z0Wp01pRfp01gYUanQrEVanQoY0ajNnr59mY6HW9mYgUT9n7OhK9n8cVn4nlusB9oDvGd9oQWlO9oUVPht01eRP8b38n480aje6ajNkK97ngNwN7ngQKw7ngTYf7oDvGd7oDyTV7oDC8E,P1Win,P2Win
2041,000iAhjoUfQzp00jTKakW1Xtp00tRIt00hfdt00hfdaiLYG5GjuMhdp00wxkr00vtt6pHyV0zdqBhKU01xkra3gQlsajw0r29eT2KH9fTIbT7eFOwnL4V7rJakA42ba0IxQog01tiw60hLHca0IAxUr00tlwp00qBhp00SOAp01ASH,000xp8inPb13jnkACEOpQIX9p00wA0an7vrNa1NU0zp00OSaa15Tf54nPDdzp012GRp01vrSp01hwTp01ARnp014Ec9oYHBx9oQcVI9o8dwc9ogIcxSoCIP4g00tUIg00BYwg00xWCajv6oTp00zvSq00TG5an7y8Kajv4w9ajv2Do,P1Win,P2Win
2042,000iAhjoUfQzp00jTKakW1Xtp00tRIt00hfdt00hfdaiLYG5GjuMhdp00wxkr00vtt6pHyV0zdqBhKU01xkra3gQlsajw0r29eT2KH9fTIbT7eFOwnL4V7rJakA42ba0IxQog01tiw60hLHca0IAxUr00tlwp00qBhp00SOAp01ASH,000hOrimwCOr7mXg7p1mK5iC7mXkWu1mKa8Ht00h1kt00h1kO04w5Ip00zyHa1a0HJa1a3oF4ou38SjoyeaH7kdNEr7kifhD7kmEit7kr5Eh7kmHwc7kiko7p00Ba9anPpeaanPrU6akzQWUakzTDQp00j9q9oH83P9oLgFhg00l3Jg0maWcp00Tmnp01ossp00Dypp014R3r017Ru,P1Win,P2Win
2043,000iAhjoUfQzp00jTKakW1Xtp00tRIt00hfdt00hfdaiLYG5GjuMhdp00wxkr00vtt6pHyV0zdqBhKU01xkra3gQlsajw0r29eT2KH9fTIbT7eFOwnL4V7rJakA42ba0IxQog01tiw60hLHca0IAxUr00tlwp00qBhp00SOAp01ASH,000ET9inxFMhd5cQcqjn7DuUp00W6HGff3azp0117Bp013MHa0vPwY7pMtjK7pQVhU7pVgch7o3Jr87nYnUp7nTTkSak17Sgak15ci7keeWFa0vMQ37kn53U7kebsy7kn1ipp00EDFT00Qa4a5qiD5r00OAcr011Upa5qfW99pz7JY9pDCFI9pDPzp9pzknI9nU0fx9nTSN69nYvre9nYcmf,P2Win,P1Win
2044,000iAhjoUfQzp00jTKakW1Xtp00tRIt00hfdt00hfdaiLYG5GjuMhdp00wxkr00vtt6pHyV0zdqBhKU01xkra3gQlsajw0r29eT2KH9fTIbT7eFOwnL4V7rJakA42ba0IxQog01tiw60hLHca0IAxUr00tlwp00qBhp00SOAp01ASH,000gYIinBHXbh0zlrMj0VzxqNpV048p00AknalFhNCp00H2p9pLYJT9pMauG9pM57Kp00x7iGd0dKbajzczmajzfgip00gaar009dna15ipnSoU5EJ7kqXC97kr3sd7oYGL17oYBUS1mjBmv1mfhscalFf7Ga4kPF2a4kMXYp00LjEp013f9r016Ng,P1Win,P2Win
2045,000iAhjoUfQzp00jTKakW1Xtp00tRIt00hfdt00hfdaiLYG5GjuMhdp00wxkr00vtt6pHyV0zdqBhKU01xkra3gQlsajw0r29eT2KH9fTIbT7eFOwnL4V7rJakA42ba0IxQog01tiw60hLHca0IAxUr00tlwp00qBhp00SOAp01ASH,000wRnin76dEhng5shjnPqPNp00JdGalFo10alFqGVa1NU0Ap00OSba1NWGw4phK7rO00BI8N09jKz204V5H7nC7bu7nC9Rq7nCcym7olbXS7oleEO7p4gLh7p4jsd7p4m99p016wHp01ASAp01dc9p01tiBp012qbp01AR5p01APLq01ax67kdXRo7ke0tK7krfkr7krgVN7kiu4h7kivpfr004oc,P1Win,P1Win
2046,000iAhjoUfQzp00jTKakW1Xtp00tRIt00hfdt00hfdaiLYG5GjuMhdp00wxkr00vtt6pHyV0zdqBhKU01xkra3gQlsajw0r29eT2KH9fTIbT7eFOwnL4V7rJakA42ba0IxQog01tiw60hLHca0IAxUr00tlwp00qBhp00SOAp01ASH,000i5JinKwtXjmK5xxp00szBa15woJa15z5F4oymvAN0hKowajuEwWalFa2JalFcIIg0ma8Xg00ncS7p8oQk7p8qsG7p8tGp7oc9LV7ocfqc7nfQtO7nfS6b7nfVjTp015bRp00JXvp01pivp01fUnzdR2M2O08VTD7kdMzR7kdOce7kr3Lw7kr42U7kihao7kiiLKp01ARm,P1Win,P2Win
2047,000iAhjoUfQzp00jTKakW1Xtp00tRIt00hfdt00hfdaiLYG5GjuMhdp00wxkr00vtt6pHyV0zdqBhKU01xkra3gQlsajw0r29eT2KH9fTIbT7eFOwnL4V7rJakA42ba0IxQog01tiw60hLHca0IAxUr00tlwp00qBhp00SOAp01ASH,000foPinouKKhlWvUHjmo3Oop00xFWamKbIiamKepfa15BLta15z5x4nGxg5O00iTAN090W2g00dN7w04BcAzdR0687kzO2G7kvsvX7kr5nS7nfSCX7nfXt37p8mXz7p8qci7p8rNE7oc8Hm7occJgp01xDyp01urtp01deYp00MHWp00Wkkp00XYoamJRmXp00A4l,P1Win,P2Win
2048,000iAhjoUfQzp00jTKakW1Xtp00tRIt00hfdt00hfdaiLYG5GjuMhdp00wxkr00vtt6pHyV0zdqBhKU01xkra3gQlsajw0r29eT2KH9fTIbT7eFOwnL4V7rJakA42ba0IxQog01tiw60hLHca0IAxUr00tlwp00qBhp00SOAp01ASH,000vwnioH3KxjocsyYO00tUIN0dEJvNp8C1BalFntnalFqana1NU0yp00OS9a15Tf44nbYLX7krfkr7kmQUX7kitMS7ke6EN7kivFD7kmVL37phoCJ7phrjF7phu0B7oymwh7oypdd7oyrT97ntg0F7ntiGB7ntlnxp01ARmp016Klp010hvp015bUp01tmSp01semp01bll,P2Win,P1Win
2049,000iAhjoUfQzp00jTKakW1Xtp00tRIt00hfdt00hfdaiLYG5GjuMhdp00wxkr00vtt6pHyV0zdqBhKU01xkra3gQlsajw0r29eT2KH9fTIbT7eFOwnL4V7rJakA42ba0IxQog01tiw60hLHca0IAxUr00tlwp00qBhp00SOAp01ASH,000ydoinoIJdjnCdBvalFsQnN0i23WamKvl2p00Qe6a15Rmi4nCqMoa00ORAp00RNmp01AQcp01bSIp01a25p01mA0p01ARJp00L337ke3Ht7kiv8Q7kmWze7nkvxG7nKYHh7np0Vo7olbaH7ou2lw7o83jf7p8EXV7p8HER7p8K5p6oUveIamK6Slr00ADtp01AT2r01qHjr01dKTD04RQYzcUWVl,P2Win,P1Win
2050,000iAhjoUfQzp00jTKakW1Xtp00tRIt00hfdt00hfdaiLYG5GjuMhdp00wxkr00vtt6pHyV0zdqBhKU01xkra3gQlsajw0r29eT2KH9fTIbT7eFOwnL4V7rJakA42ba0IxQog01tiw60hLHca0IAxUr00tlwp00qBhp00SOAp01ASH,000hOrinOVephnOYYxp00xWj4nbJsua1Aup5a1ArI9joppFOajuW07ajuTjbN090pfnpM04cnpHL4uO04HE2zd05tGp00TqNp01owHq00FYjp012r0p00YMcSnP5Db7nKIjh7nKI2Sp00nYovd089f,P1Win,P2Win
2051,000iAhjoUfQzp00jTKakW1Xtp00tRIt00hfdt00hfdaiLYG5GjuMhdp00wxkr00vtt6pHyV0zdqBhKU01xkra3gQlsajw0r29eT2KH9fTIbT7eFOwnL4V7rJakA42ba0IxQog01tiw60hLHca0IAxUr00tlwp00qBhp00SOAp01ASH,001cYFp01A6QjnD10lamkSAAamkVhwp01ycka1Bu9Qa1KfWNajvKbWajvM4JajvNWxaknA0ut019eFr00WEuG00YcsaiMjUsaiqkQjt01cbzt01cbzt01cbzt01cbzp01ATtp01p3Wp016Mc80alnf8pEzuDEoVblUp01fUng01iDvr01xVtN0etbT,P1Win,Draw
2052,000iAhjoUfQzp00jTKakW1Xtp00tRIt00hfdt00hfdaiLYG5GjuMhdp00wxkr00vtt6pHyV0zdqBhKU01xkra3gQlsajw0r29eT2KH9fTIbT7eFOwnL4V7rJakA42ba0IxQog01tiw60hLHca0IAxUr00tlwp00qBhp00SOAp01ASH,001cIhp01yJCimP7cVp017kdGdAgkfp01pkvp01gbLp00Trfajvm1UajvM65t01fWvt01fWgt01fWgajvKIJajvNpJ9oMf4C9oMuUr7oHMCi7oMjDj7olY5j7oVjpk7p51saaggaf7p004jwg0iD9jg01bUFad0sksa1OJwMa1OGPQp01ytQanLY9oanM1Pkp01yJ5p01yuIr004iWr00rWfr004lujnQeeG,P2Win,P1Win
2053,000iAhjoUfQzp00jTKakW1Xtp00tRIt00hfdt00hfdaiLYG5GjuMhdp00wxkr00vtt6pHyV0zdqBhKU01xkra3gQlsajw0r29eT2KH9fTIbT7eFOwnL4V7rJakA42ba0IxQog01tiw60hLHca0IAxUr00tlwp00qBhp00SOAp01ASH,001dwsjn8aMdT016fzajvNG7p01fDSp01ATPp01ASFGgTTMqanQsJmanQq3qa16Bwda16Ed9LlBndzamKNBc8nCFxvajvLNkajvJUy9oUYwd9oQPTLg01iDv7oHSxT7oV8Vn7oMmAD7oQNuer01ATfq01owbt01d06t01d06t01d06t01d06g016xNagYfR5agYdb9,P1Win,P2Win
2054,000iAhjoUfQzp00jTKakW1Xtp00tRIt00hfdt00hfdaiLYG5GjuMhdp00wxkr00vtt6pHyV0zdqBhKU01xkra3gQlsajw0r29eT2KH9fTIbT7eFOwnL4V7rJakA42ba0IxQog01tiw60hLHca0IAxUr00tlwp00qBhp00SOAp01ASH,001dwst01dgut01dgut01dguajvJFxt01eBxajvLyiajvNr3t01hiup01ATCanQq3danQsJ9p01AStp01pAMGesatI9oQCcg9oQV0Qp01s2tr01AT2ahHgCzahHdVDjnQeeDa16CAMq01gs9r01AU7gp9gMPgpiaEA7oMfl17oMiyJ7oMkb6p017k7a16FhIp004iC,P1Win,P2Win
2055,000iAhjoUfQzp00jTKakW1Xtp00tRIt00hfdt00hfdaiLYG5GjuMhdp00wxkr00vtt6pHyV0zdqBhKU01xkra3gQlsajw0r29eT2KH9fTIbT7eFOwnL4V7rJakA42ba0IxQog01tiw60hLHca0IAxUr00tlwp00qBhp00SOAp01ASH,001bnjt01aPVjnQeeGt01a2Ft01aj6t01a2LT016goajvOvCajvMCRajvKK7t01eByp01fDXp01oMCp0173Fp01ASir010T8p01ADCa1T9hLa1T6APalXUmtalBPWk80anMMp01ATsamxDkYafTeHoLo4jG0amxG1U8nl9dMLnHtvH9om4rM9olMwoGhyxtJadmYWGr00WUVgpmy44r01ASNr010NQ,P2Win,P1Win
2056,000iAhjoUfQzp00jTKakW1Xtp00tRIt00hfdt00hfdaiLYG5GjuMhdp00wxkr00vtt6pHyV0zdqBhKU01xkra3gQlsajw0r29eT2KH9fTIbT7eFOwnL4V7rJakA42ba0IxQog01tiw60hLHca0IAxUr00tlwp00qBhp00SOAp01ASH,001dMQjnQeeCajvKtIajvMmtajvOfet01elat01elat01elat01elat01elat01elaT017kdamg0gS8nCHqip01gsap01oMBa1OJxkanQsJgp01ASIahHfhBGjvyCHLnGY9f9ohCic9oqaE57oMseT7oMg9cahHhXxp01ATJanQq3k7oMu7E7oMiilp01AQLr01ARH,P2Win,P1Win
2057,000iAhjoUfQzp00jTKakW1Xtp00tRIt00hfdt00hfdaiLYG5GjuMhdp00wxkr00vtt6pHyV0zdqBhKU01xkra3gQlsajw0r29eT2KH9fTIbT7eFOwnL4V7rJakA42ba0IxQog01tiw60hLHca0IAxUr00tlwp00qBhp00SOAp01ASH,001dwst01dgut01dgut01dgut01dgut01eBxajvKK7ajvNr3t01hiup01ATCanQq3danQsJ9p01AStp01pRbGesapHalFKjl8nCHqiT017AB9oz0du9ozj25LnGY9fr01AT2ahHgCzahHdVDjnQeeDp01gIxr01AU77oMkb67oMhKya16CAMOoz26G,P2Win,P1Win
2058,000iAhjoUfQzp00jTKakW1Xtp00tRIt00hfdt00hfdaiLYG5GjuMhdp00wxkr00vtt6pHyV0zdqBhKU01xkra3gQlsajw0r29eT2KH9fTIbT7eFOwnL4V7rJakA42ba0IxQog01tiw60hLHca0IAxUr00tlwp00qBhp00SOAp01ASH,001cIhagYKdXU01tEBamLgzSjmGJjBp017QLp01owap01gbHp01ASwp01ATCao4Dhxao4FXta2bKsmp017ggt01dgot01eAL9ozhG79oqd51GjvyyGajvNG4t01dwMLkncSEajvL08t01dgot01dgot01dgo9oz9T67oMkb67oMjmU7oMgWn7oMewP,Draw,Draw
2059,000iAhjoUfQzp00jTKakW1Xtp00tRIt00hfdt00hfdaiLYG5GjuMhdp00wxkr00vtt6pHyV0zdqBhKU01xkra3gQlsajw0r29eT2KH9fTIbT7eFOwnL4V7rJakA42ba0IxQog01tiw60hLHca0IAxUr00tlwp00qBhp00SOAp01ASH,001crST01cqb8nLDXtajvJ5VajvGp0LnCYUJjngYh9p01litu013i8ajvKrvajvIyKajvGGPp01AUgp01ABKa27mvyGgTSvut01dwOt01dwOt01dwOt01dwOt01dwOp01ASEp01ATsp01tmuai8Gi3p01szyp01tnar00Yh2ai8DB7amLnyla27jOCamLkRpr01dLK,P1Win,P2Win
2060,000iAhjoUfQzp00jTKakW1Xtp00tRIt00hfdt00hfdaiLYG5GjuMhdp00wxkr00vtt6pHyV0zdqBhKU01xkra3gQlsajw0r29eT2KH9fTIbT7eFOwnL4V7rJakA42ba0IxQog01tiw60hLHca0IAxUr00tlwp00qBhp00SOAp01ASH,0012aVzd103b600Nt9T01AOxa9Lmola9LjHpp01yWnt00XWft00XWft00XWft00XWft00XWft00XWft00XWfa3gvpbp012IyjnPX3cajvBfYajvyz2Ggg4N3E00RLkp00A1Dp01qCtp01db3r01AUg,P1Win,P2Win
2061,000iAhjoUfQzp00jTKakW1Xtp00tRIt00hfdt00hfdaiLYG5GjuMhdp00wxkr00vtt6pHyV0zdqBhKU01xkra3gQlsajw0r29eT2KH9fTIbT7eFOwnL4V7rJakA42ba0IxQog01tiw60hLHca0IAxUr00tlwp00qBhp00SOAp01ASH,001m4xt01lN0t01lN0p01AOxonlCrvj16ruST01dvOt01lN0t01lN0p01uEUamKWtYajvR76p01uFuhnu0Cgt01lN0o1FV2jt01lN0ajvTN2t01lN0p01mjzt01lN0p01APup01AP1r01ATga16G4sp00WRU,P1Win,P2Win
2062,000iAhjoUfQzp00jTKakW1Xtp00tRIt00hfdt00hfdaiLYG5GjuMhdp00wxkr00vtt6pHyV0zdqBhKU01xkra3gQlsajw0r29eT2KH9fTIbT7eFOwnL4V7rJakA42ba0IxQog01tiw60hLHca0IAxUr00tlwp00qBhp00SOAp01ASH,000iSUamKfKaamKir8p00FYBp013yXajuJUeajuMB5p00DQhp00wz8jnt8YXGplrOSp00882p01drjp00xWtu00m5sr004m480Iw1G4pQLDoaoYTH5p01AB1t00gu2t00gtNt00gtzt00gJYt00gtQt00gu3p00cG6p00wvVp004o7r00W3jr00W8oaoYR19,P2Win,P1Win
2063,000iAhjoUfQzp00jTKakW1Xtp00tRIt00hfdt00hfdaiLYG5GjuMhdp00wxkr00vtt6pHyV0zdqBhKU01xkra3gQlsajw0r29eT2KH9fTIbT7eFOwnL4V7rJakA42ba0IxQog01tiw60hLHca0IAxUr00tlwp00qBhp00SOAp01ASH,000h19Gd07xrt004nMjpyTkoj1J328p00xVcp00GvHa8EJMsp00vwPp005rbq00kdct00fFit00fFit00fFit00fFit00fFit00fFit00fFiamKjf7amKlV3akzUY1akzXEWa15Cjia15zCmp00JeFp01wztr01kXsr01nWh,P1Win,P2Win
2064,000iAhjoUfQzp00jTKakW1Xtp00tRIt00hfdt00hfdaiLYG5GjuMhdp00wxkr00vtt6pHyV0zdqBhKU01xkra3gQlsajw0r29eT2KH9fTIbT7eFOwnL4V7rJakA42ba0IxQog01tiw60hLHca0IAxUr00tlwp00qBhp00SOAp01ASH,000gJRjnt904Gfwk9Ip00xWea0Ixmda0IA39p00j97ajuNV7809jKzajuQC3p00ABVp00QJWp00Xrjr004o2ad05tap0158Ap01evSp004lYq00Didu00n9Rr01ASNt00gu3t00gu3t00gu3t00gu3t00gu3t00gu3t00gu3,P2Win,P1Win
2065,000iAhjoUfQzp00jTKakW1Xtp00tRIt00hfdt00hfdaiLYG5GjuMhdp00wxkr00vtt6pHyV0zdqBhKU01xkra3gQlsajw0r29eT2KH9fTIbT7eFOwnL4V7rJakA42ba0IxQog01tiw60hLHca0IAxUr00tlwp00qBhp00SOAp01ASH,000fDCjoH2CWu00od1p00cV1GjlQxcq00IDDa1JaNWp00UaIp00FaCp00GLqp00LA4r00h0Er00Cufp00xSuajv4tFamFHpdt00eiDt00eiDt00eiDt00eiDt00eiDt00eiDt00eiDajv7aBa1Jdv0E092vl,P1Win,P2Win
2066,000iAhjoUfQzp00jTKakW1Xtp00tRIt00hfdt00hfdaiLYG5GjuMhdp00wxkr00vtt6pHyV0zdqBhKU01xkra3gQlsajw0r29eT2KH9fTIbT7eFOwnL4V7rJakA42ba0IxQog01tiw60hLHca0IAxUr00tlwp00qBhp00SOAp01ASH,000x7QjnbM7Sa4UkWsp00AkeGgfyV1r00m5ta4H529p00Jdyp00LCuamKzlWamKC2Sajv4uRajv7bNt00urft00urft00urft00urft00urft00urft00urft00urft00urfp01APYEoUizOp012cfp00Lkep004nfp004mqp01ejor00AmPp00pz2,P1Win,P2Win
2067,000iAhjoUfQzp00jTKakW1Xtp00tRIt00hfdt00hfdaiLYG5GjuMhdp00wxkr00vtt6pHyV0zdqBhKU01xkra3gQlsajw0r29eT2KH9fTIbT7eFOwnL4V7rJakA42ba0IxQog01tiw60hLHca0IAxUr00tlwp00qBhp00SOAp01ASH,000P8fjocIFIa4llQ7a4lox8alFKzualFHSqt00EUDt00EUDt00EUDt00EUDt00EUDt00EUDt00EUDt00EUDT00BVeamKrNPamKnMyGeemd5amKqtuq00Oi2LmK9iKp00S6Xp01sgnp01mnep014Q0r00rsqL00FIht00DhOr00pRA,P1Win,P2Win
2068,000iAhjoUfQzp00jTKakW1Xtp00tRIt00hfdt00hfdaiLYG5GjuMhdp00wxkr00vtt6pHyV0zdqBhKU01xkra3gQlsajw0r29eT2KH9fTIbT7eFOwnL4V7rJakA42ba0IxQog01tiw60hLHca0IAxUr00tlwp00qBhp00SOAp01ASH,001cbta16Ed9a16Bwdp01ATHampl2campilgjnQeeFp01pAMp01ASoakeMPbakePwaGeOaQWahHbfHahHdVDp01AOxt01bUrt01bUrt01bUrt01bUrt01bUrt01bUrp01s2y80ang0t01bUrt01bUrt01bUrq017jWp01gsa,P2Win,P1Win
2069,000iAhjoUfQzp00jTKakW1Xtp00tRIt00hfdt00hfdaiLYG5GjuMhdp00wxkr00vtt6pHyV0zdqBhKU01xkra3gQlsajw0r29eT2KH9fTIbT7eFOwnL4V7rJakA42ba0IxQog01tiw60hLHca0IAxUr00tlwp00qBhp00SOAp01ASH,001h0MT01sA4p01AOxonQsEBo2bLgxt01aibajvSvqp01AR7p01ASsa3gFFea3gImcL01gKKp01ARNajvWPh8nQjRNp01ACIt01aibt01aibt01aibt01aibt01aibt01aibt01aibt01aibajvQCDajvOJQp01kcOp01AQtp00hNRad1752,P1Win,P2Win
2070,000iAhjoUfQzp00jTKakW1Xtp00tRIt00hfdt00hfdaiLYG5GjuMhdp00wxkr00vtt6pHyV0zdqBhKU01xkra3gQlsajw0r29eT2KH9fTIbT7eFOwnL4V7rJakA42ba0IxQog01tiw60hLHca0IAxUr00tlwp00qBhp00SOAp01ASH,0016dpU01kGVa0WFpAa0WDwPa0WBE5p01AOxp01seEamLntXamLkN2o01vYCo16taqr01nsxaoVnGqaiqxataiqzQqt010zct010zct010zct010zct010zct010zct010zct010zct010zca3gy6Cp01j76p01ax5a7AssIr00W4S,P1Win,P2Win
2071,000iAhjoUfQzp00jTKakW1Xtp00tRIt00hfdt00hfdaiLYG5GjuMhdp00wxkr00vtt6pHyV0zdqBhKU01xkra3gQlsajw0r29eT2KH9fTIbT7eFOwnL4V7rJakA42ba0IxQog01tiw60hLHca0IAxUr00tlwp00qBhp00SOAp01ASH,001h0cT01jXJakAXa6LmL8tYLlFlQUr00EnFa1syUmp01qFiakX62yakB70mt01eA5t01eA5t01eA5t01eA5t01eA5t01eA5t01eA5t01eA5t01eA5t01eA5t01eA5jn8aJXad14o5,P1Win,P2Win
2072,000iAhjoUfQzp00jTKakW1Xtp00tRIt00hfdt00hfdaiLYG5GjuMhdp00wxkr00vtt6pHyV0zdqBhKU01xkra3gQlsajw0r29eT2KH9fTIbT7eFOwnL4V7rJakA42ba0IxQog01tiw60hLHca0IAxUr00tlwp00qBhp00SOAp01ASH,001dKsoohPDco0wdqit016v6ajvJBLaoziYGt016v6t016v6t016v6t016v6t016v6t016v6t016v6t016v6t016v6t016v6t016v6ajvMiIp01w03p01AU9,P1Win,P2Win
2073,000iAhjoUfQzp00jTKakW1Xtp00tRIt00hfdt00hfdaiLYG5GjuMhdp00wxkr00vtt6pHyV0zdqBhKU01xkra3gQlsajw0r29eT2KH9fTIbT7eFOwnL4V7rJakA42ba0IxQog01tiw60hLHca0IAxUr00tlwp00qBhp00SOAp01ASH,000SRYp01AP8p019Wcp01lO1p015qwp01mRkakAtPmakAwwip01lyyap4NMvap4Qtst00zg5t00QJmt00QJmt00QJmt00QJmt00QJmt00QJmt00QJmt00QJmt00QJmt00QJmt00E6Wp00WVPa4lh1up01zLJa01oya,P1Win,P2Win
2074,000iAhjoUfQzp00jTKakW1Xtp00tRIt00hfdt00hfdaiLYG5GjuMhdp00wxkr00vtt6pHyV0zdqBhKU01xkra3gQlsajw0r29eT2KH9fTIbT7eFOwnL4V7rJakA42ba0IxQog01tiw60hLHca0IAxUr00tlwp00qBhp00SOAp01ASH,000nXtajVl23ajVnI0t00nH7t00nH7t00nH7t00nH7t00nH7t00nH7t00nH7t00nH7t00nH7t00nH7t00nH7t00il5joUfS2a00Bpoa00yIop00xDlp00JYn,P1Win,P2Win
2075,000iAhjoUfQzp00jTKakW1Xtp00tRIt00hfdt00hfdaiLYG5GjuMhdp00wxkr00vtt6pHyV0zdqBhKU01xkra3gQlsajw0r29eT2KH9fTIbT7eFOwnL4V7rJakA42ba0IxQog01tiw60hLHca0IAxUr00tlwp00qBhp00SOAp01ASH,000LE7p01jUop01pmlp01AT8p019dwp00LmbajvhasajvjQoanPMCHanPPjFp00ncSp01daUp01iB9anQ2o1anQjRNt00EFst00EFst00EFst00EFst00EFst00EFst00EFst00EFst00EFst00EFst00EFst00EFs,P2Win,P1Win
2076,000iAhjoUfQzp00jTKakW1Xtp00tRIt00hfdt00hfdaiLYG5GjuMhdp00wxkr00vtt6pHyV0zdqBhKU01xkra3gQlsajw0r29eT2KH9fTIbT7eFOwnL4V7rJakA42ba0IxQog01tiw60hLHca0IAxUr00tlwp00qBhp00SOAp01ASH,001izyp01Aybp01zuap01yqaalGfCoalGijkajvOHgajvRoda3gIQoa3gLxoa9KR3Ma9KTJHp01xCyt01izBt01izBt01izBt01izBt01izBt01izBt01izBt01izBt01izBt01izBt01izBt01izB,P1Win,P2Win
2077,000iAhjoUfQzp00jTKakW1Xtp00tRIt00hfdt00hfdaiLYG5GjuMhdp00wxkr00vtt6pHyV0zdqBhKU01xkra3gQlsajw0r29eT2KH9fTIbT7eFOwnL4V7rJakA42ba0IxQog01tiw60hLHca0IAxUr00tlwp00qBhp00SOAp01ASH,0010R2ajzVcoajzXSlaoV7y5aoVaf2pgcsHYp2kwJzpdNXY3ppRy8Bpfk1iXr5gFIyt60xTwt3kxl9tkw5DutagtQDt9BP9Et2KinBt32UmntiHW1qtlSMMTt6EcBvteao5xtaU8yCtchPI2,P1Win,P2Win
2078,000iAhjoUfQzp00jTKakW1Xtp00tRIt00hfdt00hfdaiLYG5GjuMhdp00wxkr00vtt6pHyV0zdqBhKU01xkra3gQlsajw0r29eT2KH9fTIbT7eFOwnL4V7rJakA42ba0IxQog01tiw60hLHca0IAxUr00tlwp00qBhp00SOAp01ASH,000R1Yp01pmcp01sOSajvqiQajvnBTanPTBXanPWiXajw0Mtp00QJ3r01qoqt00Nh3t00Nh3t00Nh3t00Nh3t00Nh3t00Nh3t00Nh3t00Nh3t00Nh3t00Nh3t00Nh3t00Nh3t00Nh3,P1Win,P2Win
2079,000iAhjoUfQzp00jTKakW1Xtp00tRIt00hfdt00hfdaiLYG5GjuMhdp00wxkr00vtt6pHyV0zdqBhKU01xkra3gQlsajw0r29eT2KH9fTIbT7eFOwnL4V7rJakA42ba0IxQog01tiw60hLHca0IAxUr00tlwp00qBhp00SOAp01ASH,000P5Dp017x4p016Jtp015Fup00NdVp01wMDakAwdzakAtwDa164oNa1675Lr00SPot00MoQt00MoQt00MoQt00MoQt00MoQt00MoQt00MoQt00MoQt00MoQt00MoQt00MoQt00wgTt00MoR,P1Win,P2Win
2080,000iAhjoUfQzp00jTKakW1Xtp00tRIt00hfdt00hfdaiLYG5GjuMhdp00wxkr00vtt6pHyV0zdqBhKU01xkra3gQlsajw0r29eT2KH9fTIbT7eFOwnL4V7rJakA42ba0IxQog01tiw60hLHca0IAxUr00tlwp00qBhp00SOAp01ASH,001kKNp01gXXF16p6oGjvLuzp01q59amLaA5amLdh1yjvPNVamL7WdamLaDaq01AkPq01AR3j2bwHDt01ahvq01AQup01zgSp01xkqp01yth8pRiRGr011X3t01ahvt01ahvt01ahvt01ahvt01ahv,P1Win,P2Win
2081,000iAhjoUfQzp00jTKakW1Xtp00tRIt00hfdt00hfdaiLYG5GjuMhdp00wxkr00vtt6pHyV0zdqBhKU01xkra3gQlsajw0r29eT2KH9fTIbT7eFOwnL4V7rJakA42ba0IxQog01tiw60hLHca0IAxUr00tlwp00qBhp00SOAp01ASH,001mmojnQecNt01liHt01gIct01gIct01gIct01rcLajvXS7ajvVcbt01wiRt01rtKt01l0LyjvPOjF3ybSyGhHyPzp01AR6a16EaIa16BtLp01AQm,P1Win,P2Win
2082,000iAhjoUfQzp00jTKakW1Xtp00tRIt00hfdt00hfdaiLYG5GjuMhdp00wxkr00vtt6pHyV0zdqBhKU01xkra3gQlsajw0r29eT2KH9fTIbT7eFOwnL4V7rJakA42ba0IxQog01tiw60hLHca0IAxUr00tlwp00qBhp00SOAp01ASH,000gHtt00f6kt00f6kt00f6kt00f6kt00f6kt00f6kt00f78t00naVjnPaXyF00raGy0072uj00fTLp00E4Cp00uWmp00MUpr00vde,P2Win,P2Win
2083,000iAhjoUfQzp00jTKakW1Xtp00tRIt00hfdt00hfdaiLYG5GjuMhdp00wxkr00vtt6pHyV0zdqBhKU01xkra3gQlsajw0r29eT2KH9fTIbT7eFOwnL4V7rJakA42ba0IxQog01tiw60hLHca0IAxUr00tlwp00qBhp00SOAp01ASH,000hfiF01wxFy00875p00JbMp00qUjaoUseKaoUpxHamKxs2t00bkFt00bkFt00bkFt00bkFt00bkFt00bkFt00bkFt00bkFt00bkFajuNn0ajuQ3Wp00iP3p01tkuamKA8Yr01ATXr01ARy,P1Win,P2Win
2084,000iAhjoUfQzp00jTKakW1Xtp00tRIt00hfdt00hfdaiLYG5GjuMhdp00wxkr00vtt6pHyV0zdqBhKU01xkra3gQlsajw0r29eT2KH9fTIbT7eFOwnL4V7rJakA42ba0IxQog01tiw60hLHca0IAxUr00tlwp00qBhp00SOAp01ASH,000dYpt00dYbt00osYt00osJt00pN6y00f3mF1vVroj1J00yjpus6bjogyagj0mhzKE2ajtYanPe97a00oYYakVRhx,P1Win,P2Win
2085,000iAhjoUfQzp00jTKakW1Xtp00tRIt00hfdt00hfdaiLYG5GjuMhdp00wxkr00vtt6pHyV0zdqBhKU01xkra3gQlsajw0r29eT2KH9fTIbT7eFOwnL4V7rJakA42ba0IxQog01tiw60hLHca0IAxUr00tlwp00qBhp00SOAp01ASH,000e1djo3kWyjlSaBhjmXg3kjp8qoBp00HgPp00AyQyliUU9t00ougF00krip00ouMt00otJt00fSVt00fSVt00fSVr004l2,P2Win,P2Win
2086,000iAhjoUfQzp00jTKakW1Xtp00tRIt00hfdt00hfdaiLYG5GjuMhdp00wxkr00vtt6pHyV0zdqBhKU01xkra3gQlsajw0r29eT2KH9fTIbT7eFOwnL4V7rJakA42ba0IxQog01tiw60hLHca0IAxUr00tlwp00qBhp00SOAp01ASH,000dYpt00os8j0mhQ9joUcRfj1NrHkF009FuygfujYt00audt00ocjt00audt00audt00audImo5mramK9LA,P2Win,P1Win
2087,000iAhjoUfQzp00jTKakW1Xtp00tRIt00hfdt00hfdaiLYG5GjuMhdp00wxkr00vtt6pHyV0zdqBhKU01xkra3gQlsajw0r29eT2KH9fTIbT7eFOwnL4V7rJakA42ba0IxQog01tiw60hLHca0IAxUr00tlwp00qBhp00SOAp01ASH,000dYpt00r94t00pNAt00ot7j15lizjoccDxjpDgjFF00su2yd0g92t00dYpt00dYpt00dYpt00dYp,P2Win,P1Win
2088,000iAhjoUfQzp00jTKakW1Xtp00tRIt00hfdt00hfdaiLYG5GjuMhdp00wxkr00vtt6pHyV0zdqBhKU01xkra3gQlsajw0r29eT2KH9fTIbT7eFOwnL4V7rJakA42ba0IxQog01tiw60hLHca0IAxUr00tlwp00qBhp00SOAp01ASH,000wPpi3otjbinC1Lahol4FNjpDzHij1NHkqt00wxOakA8QqakAaJbakAcBVp00PmQantCMeantFtap00O2sp00Lmba3C3ALa3C6hHNpQCcLSoytbFp0116wr00rdua00sxUp0199lGd0tB3p01tiwp01hdS,P2Win,P1Win
2089,000iAhjoUfQzp00jTKakW1Xtp00tRIt00hfdt00hfdaiLYG5GjuMhdp00wxkr00vtt6pHyV0zdqBhKU01xkra3gQlsajw0r29eT2KH9fTIbT7eFOwnL4V7rJakA42ba0IxQog01tiw60hLHca0IAxUr00tlwp00qBhp00SOAp01ASH,000ybnimKbaOi3fFm1hoci4Fj00yHmj2aJAqa2aT1ba2aVHap00MGzp00O1SaocESGaocHzCt00zeKp00XpAGd0whYNpV3ibr00xUUa00xUnEphozBp017Nsajv66kajv7Y5ajv9QPp00f6IU01tPj9eOzw9a2TIrcp01AOxr01ARz,P2Win,P1Win
2090,000iAhjoUfQzp00jTKakW1Xtp00tRIt00hfdt00hfdaiLYG5GjuMhdp00wxkr00vtt6pHyV0zdqBhKU01xkra3gQlsajw0r29eT2KH9fTIbT7eFOwnL4V7rJakA42ba0IxQog01tiw60hLHca0IAxUr00tlwp00qBhp00SOAp01ASH,000hx6imOjNKi2WKnWhnoyLia53Topa5pSqBjmff3cjoppVgGd0duvp00uXbaoUseJp00BETt00f6jaoUuUFp00q9LalEVzyp00t5ValEYguU01tPjp01y8Ba3gNEw9ewWNL9eXpCop00pOT6pyKrPEoPMn2,P1Win,P2Win
2091,000iAhjoUfQzp00jTKakW1Xtp00tRIt00hfdt00hfdaiLYG5GjuMhdp00wxkr00vtt6pHyV0zdqBhKU01xkra3gQlsajw0r29eT2KH9fTIbT7eFOwnL4V7rJakA42ba0IxQog01tiw60hLHca0IAxUr00tlwp00qBhp00SOAp01ASH,000wiS8nkInsi3k1ByinoJvghpHMTst00wiUj0ICa4joyuwUa1F2ILa1F02Lp004iFp004Anp00uFyajv5iDp00NcEp004mlp00GvtEpuyB9p01A1pr00rcyzcHL0Cajv3pSajv1x8GhkMGJl8rTBRg2Ol4WamXIxCT00I70amXFQF,P2Win,P1Win
2092,000iAhjoUfQzp00jTKakW1Xtp00tRIt00hfdt00hfdaiLYG5GjuMhdp00wxkr00vtt6pHyV0zdqBhKU01xkra3gQlsajw0r29eT2KH9fTIbT7eFOwnL4V7rJakA42ba0IxQog01tiw60hLHca0IAxUr00tlwp00qBhp00SOAp01ASH,00144jintGOgi5MlXqhnPMzhr00MDR600MDxt016szp00JYzU00YJfU00HgFLgC7lJa2TfWuj0J9nGa2SUMYp01jTTp01heCanQd5oakAJ7ca0Ji0ga0JkGfjoz1KyakAGqganQaosp01vYs8cQQU8a2SS738cRc4DagChNEr01AOxGdmPsq,P1Win,P2Win
2093,000iAhjoUfQzp00jTKakW1Xtp00tRIt00hfdt00hfdaiLYG5GjuMhdp00wxkr00vtt6pHyV0zdqBhKU01xkra3gQlsajw0r29eT2KH9fTIbT7eFOwnL4V7rJakA42ba0IxQog01tiw60hLHca0IAxUr00tlwp00qBhp00SOAp01ASH,000WFfin7x60jnPXnqt00W8S6pR2KHP0e0a1t00W8Sajvtwyajvvpjajvxi6a16l8danQ7LDanQaszGhl5sKp00PEzp01h1Gp00YfYa16nO9p01jGxr00JufjlFMukp01889EoUIoBhmKDGY,P1Win,P2Win
2094,000iAhjoUfQzp00jTKakW1Xtp00tRIt00hfdt00hfdaiLYG5GjuMhdp00wxkr00vtt6pHyV0zdqBhKU01xkra3gQlsajw0r29eT2KH9fTIbT7eFOwnL4V7rJakA42ba0IxQog01tiw60hLHca0IAxUr00tlwp00qBhp00SOAp01ASH,000gYci3flJfin6T5uin6Ua4hn6RJyhn6Shkj0Im2bjoyep3t00gq8t00tS7a0Iu6XGd0dtmakzRIJakzUpFp00FVLanPmeNanPoUJp00wyqa2wouyr00cqBa0IwMUSoyan8r00NYv,P1Win,P2Win
2095,000iAhjoUfQzp00jTKakW1Xtp00tRIt00hfdt00hfdaiLYG5GjuMhdp00wxkr00vtt6pHyV0zdqBhKU01xkra3gQlsajw0r29eT2KH9fTIbT7eFOwnL4V7rJakA42ba0IxQog01tiw60hLHca0IAxUr00tlwp00qBhp00SOAp01ASH,000vuLi3fCFpimOwqthmFIJLjocsNNj0mAqVt00vdbaljcjbaljf07Gd0s02aoUH0AaoUJGwp00K0qa0mHHva0mKouSoCHc1t00HQOp00MFkr00BXor00LjBNpHL2ma00EDM,P1Win,P2Win
2096,000iAhjoUfQzp00jTKakW1Xtp00tRIt00hfdt00hfdaiLYG5GjuMhdp00wxkr00vtt6pHyV0zdqBhKU01xkra3gQlsajw0r29eT2KH9fTIbT7eFOwnL4V7rJakA42ba0IxQog01tiw60hLHca0IAxUr00tlwp00qBhp00SOAp01ASH,000iRHimwIazi1W3RPr00sxYigKzUwh00aNph00a0mp00uFNjoUfBdanPlYaanPoFet00iQzajVj98ajVgscGgjVw8a2SK7kj15oiVt00sxCp00vtpNpUUeea2SHqkr00ret84Lfg3,P1Win,P2Win
2097,000iAhjoUfQzp00jTKakW1Xtp00tRIt00hfdt00hfdaiLYG5GjuMhdp00wxkr00vtt6pHyV0zdqBhKU01xkra3gQlsajw0r29eT2KH9fTIbT7eFOwnL4V7rJakA42ba0IxQog01tiw60hLHca0IAxUr00tlwp00qBhp00SOAp01ASH,000iilin2uzpi2SkfBhnKArnp00hsTajI278ajI3YSajI5RDGgXxv1aotXe3aotYPoaou1Iba0MUaya0MWQvp00unxp00tzUjnTzFej04Hint00f4ut00f4uOpUVgeU01eMm9f2A7Y9eFx3Na3gy4Hp00xk7p0071kp01nUE,P1Win,P2Win
2098,000iAhjoUfQzp00jTKakW1Xtp00tRIt00hfdt00hfdaiLYG5GjuMhdp00wxkr00vtt6pHyV0zdqBhKU01xkra3gQlsajw0r29eT2KH9fTIbT7eFOwnL4V7rJakA42ba0IxQog01tiw60hLHca0IAxUr00tlwp00qBhp00SOAp01ASH,000iP9imnONcimB8pdi3fnQAhnt0lwhnt0BUj15nIAjoUg6rzd09Yrp00ixBajuN4CajuPKyp00y8XamKjbuamKlRqa3fMBgT00w0zaoUstyt00eN3t00eN3E1itbop00CXn8nPoTFanPoTFanPrABp01AUg,P2Win,P1Win
2099,000iAhjoUfQzp00jTKakW1Xtp00tRIt00hfdt00hfdaiLYG5GjuMhdp00wxkr00vtt6pHyV0zdqBhKU01xkra3gQlsajw0r29eT2KH9fTIbT7eFOwnL4V7rJakA42ba0IxQog01tiw60hLHca0IAxUr00tlwp00qBhp00SOAp01ASH,000redl9KeowS00kvWylACN5F00kvWin2LjijoljJAp00P7hzd0lBC80vtNBakiwb780vscep00WF8amKy22t00ualakitubamKvl6j00tCXp00IGdr00CtU,P1Win,P2Win
2100,000iAhjoUfQzp00jTKakW1Xtp00tRIt00hfdt00hfdaiLYG5GjuMhdp00wxkr00vtt6pHyV0zdqBhKU01xkra3gQlsajw0r29eT2KH9fTIbT7eFOwnL4V7rJakA42ba0IxQog01tiw60hLHca0IAxUr00tlwp00qBhp00SOAp01ASH,000e2nim1MzohpuhoCjmOtYMjp44CijnTwtPd53zdfEpM2Hcyd0deuFd05qtakzTShp00lhot00fClp00uWpp00FpKamKiFRakzRclamKlmNp00tlBp00L38p012Hfp00rtsa2aELwa2aC5Ar004ll,P2Win,P2Win
2101,000iAhjoUfQzp00jTKakW1Xtp00tRIt00hfdt00hfdaiLYG5GjuMhdp00wxkr00vtt6pHyV0zdqBhKU01xkra3gQlsajw0r29eT2KH9fTIbT7eFOwnL4V7rJakA42ba0IxQog01tiw60hLHca0IAxUr00tlwp00qBhp00SOAp01ASH,000i3eiobWTIjnPiKpjmfcC9joGYFNh1A56Rt00cWDSphfb8ykVSp0FnPqMMp00vKUp00HhFp00yHyp00D0aakzXUka0ICGUa0IA0Yp00rcYr00htAakzVek,P2Win,P1Win
2102,000iAhjoUfQzp00jTKakW1Xtp00tRIt00hfdt00hfdaiLYG5GjuMhdp00wxkr00vtt6pHyV0zdqBhKU01xkra3gQlsajw0r29eT2KH9fTIbT7eFOwnL4V7rJakA42ba0IxQog01tiw60hLHca0IAxUr00tlwp00qBhp00SOAp01ASH,000gXSipUH3St00fnqjkzRdOjmK5MOyl5EtAFmKjcya00tRYa00rc1t00cWbt00cWbt00cWbt00cWbajuThEajuQAJp00qUhp00xCfE00cWlp00ofDp00CrBr0115dr01ATl,P1Win,P2Win
2103,000iAhjoUfQzp00jTKakW1Xtp00tRIt00hfdt00hfdaiLYG5GjuMhdp00wxkr00vtt6pHyV0zdqBhKU01xkra3gQlsajw0r29eT2KH9fTIbT7eFOwnL4V7rJakA42ba0IxQog01tiw60hLHca0IAxUr00tlwp00qBhp00SOAp01ASH,000wPfF00EBCjnPnRwjkWaldjmokcot00GvDt00wzMNpQBoup00Gv8p00O1ap00EUgp00W47800ovOr00ofXyoyqvLr0199jSoUkaX,P1Win,P2Win
2104,000iAhjoUfQzp00jTKakW1Xtp00tRIt00hfdt00hfdaiLYG5GjuMhdp00wxkr00vtt6pHyV0zdqBhKU01xkra3gQlsajw0r29eT2KH9fTIbT7eFOwnL4V7rJakA42ba0IxQog01tiw60hLHca0IAxUr00tlwp00qBhp00SOAp01ASH,000g8yjokWTHj0dwjAN1A5B1t00cDct008kTt008kTt008kTt00oIyF2X8rIIotPXhp00sdWE19NgJyotL8cr00qC8,P2Win,P1Win
2105,000iAhjoUfQzp00jTKakW1Xtp00tRIt00hfdt00hfdaiLYG5GjuMhdp00wxkr00vtt6pHyV0zdqBhKU01xkra3gQlsajw0r29eT2KH9fTIbT7eFOwnL4V7rJakA42ba0IxQog01tiw60hLHca0IAxUr00tlwp00qBhp00SOAp01ASH,000HzaU01tPjU00pNhU008ner00JXta3XK7pa00tP0gmK8qCdjuRTHr00q4ua3YO9Ca3YQPyp01jSKo1OneFonua0Ba00QFrg00Liza1NgIm9eOzw9gnufUg7e6w4IdkzL1Np00Rvqp01AU78cRkuyaj9fneU00NIoT01q5sa7B0dOa7B2TKajvjMnr00BXtr00Rw0808VAb6phLtbp004oc,P1Win,P1Win
2106,000iAhjoUfQzp00jTKakW1Xtp00tRIt00hfdt00hfdaiLYG5GjuMhdp00wxkr00vtt6pHyV0zdqBhKU01xkra3gQlsajw0r29eT2KH9fTIbT7eFOwnL4V7rJakA42ba0IxQog01tiw60hLHca0IAxUr00tlwp00qBhp00SOAp01ASH,000InO60vCRkaoz1ivo160XHonQ9jhp01gVwU00bRggnt3jxa15iDIa15fWMU00oIBU00NIogntBpqgmKazLa3fCD5a3fFk1T01uUxp00XVqa2aWYOa2aUiSr00ImtU01tPj9fbBfma3gNo8a3gKHc7eaUOagnufUgp00S3Jp00S4ha7B7d3a7B4w78098cEr01AUcajRcoJ,P2Win,P1Win
2107,000iAhjoUfQzp00jTKakW1Xtp00tRIt00hfdt00hfdaiLYG5GjuMhdp00wxkr00vtt6pHyV0zdqBhKU01xkra3gQlsajw0r29eT2KH9fTIbT7eFOwnL4V7rJakA42ba0IxQog01tiw60hLHca0IAxUr00tlwp00qBhp00SOAp01ASH,000HPPU00pNha00tP0r00mzAzd0jTxa2aBulU004iCa2afYRa2aiFNo16kicgmK8qCr00q4uT01g8Wa4lDg6p01lv9onQgivU01tPja3gNo8a3gKHcgnh2FVa6vNAMa6vLI2a6vJPhajvgzTajvjgSp00RvJp00Rwi8004iCU00EDAaoUERe8jVFJ5aoUCbignsW6pp00NrIr01bmAg00B8Gdjv8hcp01fS9r00Frwr00Nwd8096KX7oCQk2,P2Win,P2Win
2108,000iAhjoUfQzp00jTKakW1Xtp00tRIt00hfdt00hfdaiLYG5GjuMhdp00wxkr00vtt6pHyV0zdqBhKU01xkra3gQlsajw0r29eT2KH9fTIbT7eFOwnL4V7rJakA42ba0IxQog01tiw60hLHca0IAxUr00tlwp00qBhp00SOAp01ASH,000K0vp01p16U01suloo08yer01hymo1f7IeU01b1Lg01cmJgmKY2aU00TTag00Vf8g01osra3YhTpa5qm7ka5qEURa5qCeVa3gM3aa3gJme60ErlKr00QWBO00iTA9f2C0JamKDXnamKBhrT00SDR7mBUPL9mKJkEajvitbajvfMfp00TW0,P1Win,P2Win
2109,000iAhjoUfQzp00jTKakW1Xtp00tRIt00hfdt00hfdaiLYG5GjuMhdp00wxkr00vtt6pHyV0zdqBhKU01xkra3gQlsajw0r29eT2KH9fTIbT7eFOwnL4V7rJakA42ba0IxQog01tiw60hLHca0IAxUr00tlwp00qBhp00SOAp01ASH,000MWGU018UCa016uxa019btjntFcTp01tkQT01bjfa6vFxmp01AOVU004kEa2ahmka2aeFop00QqsajvjwwajvrAkGfaEdar00x53U00x7EgkA5ongmKfJEgoUq5Va00t5e808RO0LoUwgXLoliUMr00AkJdjv0dJ809jIfa3fQEVdjvBytajvByta3gsrza3gpKDp01aM3a6vIei809Y1kp01aMAp00SlJr00p4Jr00Yvjaci06Xr00XaXr01AUg9fAJIP7fB5YP,P2Win,P1Win
2110,000iAhjoUfQzp00jTKakW1Xtp00tRIt00hfdt00hfdaiLYG5GjuMhdp00wxkr00vtt6pHyV0zdqBhKU01xkra3gQlsajw0r29eT2KH9fTIbT7eFOwnL4V7rJakA42ba0IxQog01tiw60hLHca0IAxUr00tlwp00qBhp00SOAp01ASH,000UugLn7E1bUlBROIU00GvTamLmsRgnPQ6HgmooufgocxnHa3gMDqr01AU780aoika54yGnT01coRa54AgUa54yoaa2aScBa2aPvFp018VzjnH9Ahp00Xq0a2bpHwa2bn1Ap01bRFGgtikjp01AknplBshEr00RfrakeAHHU012uTaocS6ja0J5FoL6qVUVg00EmdanPJS9a54wvqLjzLvu8jvBjNp01APvr00PnjL0NiOp4pQWlX8opQwG809yKKr00To6,P1Win,P2Win
2111,000iAhjoUfQzp00jTKakW1Xtp00tRIt00hfdt00hfdaiLYG5GjuMhdp00wxkr00vtt6pHyV0zdqBhKU01xkra3gQlsajw0r29eT2KH9fTIbT7eFOwnL4V7rJakA42ba0IxQog01tiw60hLHca0IAxUr00tlwp00qBhp00SOAp01ASH,000Xbvo1OrgzT00QdRU015ciM014DXakezn0akeC4Yr0132nLmKyzuM015IxI97270LnPFTfp01AOxoodunOIkSiVSIkSiVS809N3s60vCT8p017QMT018l5a6vBuUa6vEbQa6vBvda6vEc9p0185h809yNB809TKd8keEvi8cRhMx3d16hqp01ARmp01AQK,P1Win,P2Win
2112,000iAhjoUfQzp00jTKakW1Xtp00tRIt00hfdt00hfdaiLYG5GjuMhdp00wxkr00vtt6pHyV0zdqBhKU01xkra3gQlsajw0r29eT2KH9fTIbT7eFOwnL4V7rJakA42ba0IxQog01tiw60hLHca0IAxUr00tlwp00qBhp00SOAp01ASH,000e22U00vLBr00895608VSbt00calajuNDSp00CYHa0mzTOa0mxdSgnKY85809UgXU0146GU01rJYa1FLkPgngFXFa1SBsEp01vYXon8gRYo33CU1r01yKdp01AyEan40sJT01fFhgp0EDBgpEjlAr00Ccddl1AqCa1FO1La6vKaM8kWIJR8097ERa1SE9Ar00zfJr01ve1ajuKWU,P2Win,P1Win
2113,000iAhjoUfQzp00jTKakW1Xtp00tRIt00hfdt00hfdaiLYG5GjuMhdp00wxkr00vtt6pHyV0zdqBhKU01xkra3gQlsajw0r29eT2KH9fTIbT7eFOwnL4V7rJakA42ba0IxQog01tiw60hLHca0IAxUr00tlwp00qBhp00SOAp01ASH,000jWd60qyQrt0073mU00xEpa3fKKPa2aHbXa2aJRTp00gHuajuLe6ajuNU2j15o2tU004ktamKje2a2ahm9a2aeFdp00I6vgn7ixogn7GHfp00Kvop00FGzU00Vhta4lksBa4lhLFgn7oYPp00yW2p00iOqU01ehPa3gvpza3gsIDOpUViJ8cRkea8kRLp0,P1Win,P2Win
2114,000iAhjoUfQzp00jTKakW1Xtp00tRIt00hfdt00hfdaiLYG5GjuMhdp00wxkr00vtt6pHyV0zdqBhKU01xkra3gQlsajw0r29eT2KH9fTIbT7eFOwnL4V7rJakA42ba0IxQog01tiw60hLHca0IAxUr00tlwp00qBhp00SOAp01ASH,000Oj1T00LBajntFdfN0ErnbN0RD09N0imqf4oUL1RajvjNHU00zx7a4GXP6p00NYVp011SEa4GV9ap00W53ajvqMtT01flfa6vLIva6vJ2za3gsYsp01dK0a3gvFop01bl5p01dJtr00ypPGgfLgnU004RRa2agyza2ajfv82x2qC82x0xRr01AUg,P1Win,P2Win
2115,000iAhjoUfQzp00jTKakW1Xtp00tRIt00hfdt00hfdaiLYG5GjuMhdp00wxkr00vtt6pHyV0zdqBhKU01xkra3gQlsajw0r29eT2KH9fTIbT7eFOwnL4V7rJakA42ba0IxQog01tiw60hLHca0IAxUr00tlwp00qBhp00SOAp01ASH,000jUBU00m60U009roU01bOWa0071ja008T4a00aLOa00jVja00lO4a00nGOa0Jf0Ya0JhGUg005Flgph9M8gpDiM5goUkaJ804OQNj15o0RT01AOxa6w4bra6w6Rn8cRNqkp00lvHakzVtlakzYahN4kDOGp00FWqamKpUnamKsBjr004jpG004iRp00YL3p00FUHp012r08maGp8,P1Win,P2Win
2116,000iAhjoUfQzp00jTKakW1Xtp00tRIt00hfdt00hfdaiLYG5GjuMhdp00wxkr00vtt6pHyV0zdqBhKU01xkra3gQlsajw0r29eT2KH9fTIbT7eFOwnL4V7rJakA42ba0IxQog01tiw60hLHca0IAxUr00tlwp00qBhp00SOAp01ASH,000e1mo01fWzo004z1U00ABHU00ku6T01A1na6w3U3a6w6AYa00Di6a00ABaN15pEcU01w0Lp004zcT01mjia6vQ1aa6vSqHp01yL7p01liUa00nHhamK78Yg00ktygmK78YP0dv1Wp00hKsp00CIrp00DxG8007Ssa4lQGMa4lTnIamLklqamJQeramL5iVp00remr00A5D,P2Win,P1Win
2117,000iAhjoUfQzp00jTKakW1Xtp00tRIt00hfdt00hfdaiLYG5GjuMhdp00wxkr00vtt6pHyV0zdqBhKU01xkra3gQlsajw0r29eT2KH9fTIbT7eFOwnL4V7rJakA42ba0IxQog01tiw60hLHca0IAxUr00tlwp00qBhp00SOAp01ASH,000eySU00s0GN6hGzV60uXyXgogGgYgpcXe7g09dgjanPhWsa15xXXT00X7Sa6vwora6vtHvp00lg6ajuNmaajuVpXp00wOuanPsWka6vvAja6vsTnr00WAGp00coQU00QYla3g9Ugjnt8XhU004QyamJRQpa2ajecGjuEunr00cEHdji90er01AUg,P2Win,P2Win
2118,000iAhjoUfQzp00jTKakW1Xtp00tRIt00hfdt00hfdaiLYG5GjuMhdp00wxkr00vtt6pHyV0zdqBhKU01xkra3gQlsajw0r29eT2KH9fTIbT7eFOwnL4V7rJakA42ba0IxQog01tiw60hLHca0IAxUr00tlwp00qBhp00SOAp01ASH,000NutU00u9Fr00x6MglF7kEgn7eev9gBIbF9ipQNJdke0qNL1rENhLnPq0SL5pYjpa15DBQa15AUUO0mEt8joUM6Jdkep8ar00yGkG00CY5p00Xalq013w4p00XaTU00K1f9i48mBdkeiYhr00yGKp0170tT00UI3a4liOBa4lg8Fp01sgRa15XJLa161qHa15NyYa15QfU8pDMBYU00S2S808RSep00qXk,P1Win,P2Win
2119,000iAhjoUfQzp00jTKakW1Xtp00tRIt00hfdt00hfdaiLYG5GjuMhdp00wxkr00vtt6pHyV0zdqBhKU01xkra3gQlsajw0r29eT2KH9fTIbT7eFOwnL4V7rJakA42ba0IxQog01tiw60hLHca0IAxUr00tlwp00qBhp00SOAp01ASH,000M9UU00ACzaoUxmlaoUA3h9kEEmy7kn2nMdlFkMK9mKpXoU00Mrga00QJA9kENKHa00MH7anPBQfdlFruX7kiM2u7iDrTj60A2DrjntFdip00Rfcajvklgajvsp4GgfM5qr00zLFT01b3Ja6vF1sa6vCkwa5qDlwa5qAEAp01ag9p01agFp00THs8jzIA4p01AP8p01htNt00PUar00uYO,P2Win,P1Win
2120,000iAhjoUfQzp00jTKakW1Xtp00tRIt00hfdt00hfdaiLYG5GjuMhdp00wxkr00vtt6pHyV0zdqBhKU01xkra3gQlsajw0r29eT2KH9fTIbT7eFOwnL4V7rJakA42ba0IxQog01tiw60hLHca0IAxUr00tlwp00qBhp00SOAp01ASH,000MX5U00BFwN6v9kbt00QaBjoUM79p012Y3a15JMWa3fRsi60A3bdp01APBU00VPYdlOnMea1nGVRa162har00x5IGgbkUqa6vG6ja5qyeJT01bRca4lA3Va3gscmg00DhlgoQbxBgnChS5p01bBpr00XIqakAwv7amKyMAp00WDb,P1Win,P2Win
2121,000iAhjoUfQzp00jTKakW1Xtp00tRIt00hfdt00hfdaiLYG5GjuMhdp00wxkr00vtt6pHyV0zdqBhKU01xkra3gQlsajw0r29eT2KH9fTIbT7eFOwnL4V7rJakA42ba0IxQog01tiw60hLHca0IAxUr00tlwp00qBhp00SOAp01ASH,000gtte00M8Cp00xk7t009KWt004ol6pcIKGU01daUp01AOxjnXYdbp00vgra15BLva15z5zp01l2ap00A5ip00QVPp01j7zp00gbCakzUHWGgfsKLakzS21q00E6yO08RMvr008AUr008B4a16kL6afbp9E9fBP5wU008Tza4ksfCa4kuVyU00LBna00NtAp01APhp00tBCv01AOxa00KME,P1Win,P2Win
2122,000iAhjoUfQzp00jTKakW1Xtp00tRIt00hfdt00hfdaiLYG5GjuMhdp00wxkr00vtt6pHyV0zdqBhKU01xkra3gQlsajw0r29eT2KH9fTIbT7eFOwnL4V7rJakA42ba0IxQog01tiw60hLHca0IAxUr00tlwp00qBhp00SOAp01ASH,0015EOp01leJU00TmuU01dHIp01iylp012qb9f2wCRgmGwAMamL6hML33k2ca3gxgw9pi5c7ajvsUqa3guzA9f2dhx9oHAt3ajvqeugnPHaxakAB3op016wlp01eznp00LkAr00Tnca9KsQTp015sjr01AQK9oM5Abj0J9DeamL8XI600PkK800Q8Va01hdqakADJkp01gpM401hdq,P1Win,P1Win
2123,000iAhjoUfQzp00jTKakW1Xtp00tRIt00hfdt00hfdaiLYG5GjuMhdp00wxkr00vtt6pHyV0zdqBhKU01xkra3gQlsajw0r29eT2KH9fTIbT7eFOwnL4V7rJakA42ba0IxQog01tiw60hLHca0IAxUr00tlwp00qBhp00SOAp01ASH,0012qVj1B1zqT01ewJa3gsaWU010xqa0ruvca0rrOgp01j5H4pvqeF9oUM5J9pvi9VU00t1OgnprYpamL75XamL4p2p018CFO0Ez8Va6vMwma6vKDBa6vIKQa3fMzDa00umMgoCNk9gnthMH9eS1926pMDdUaaPuwyr00I6Hr00I607p4yXm,P1Win,P1Win
2124,000iAhjoUfQzp00jTKakW1Xtp00tRIt00hfdt00hfdaiLYG5GjuMhdp00wxkr00vtt6pHyV0zdqBhKU01xkra3gQlsajw0r29eT2KH9fTIbT7eFOwnL4V7rJakA42ba0IxQog01tiw60hLHca0IAxUr00tlwp00qBhp00SOAp01ASH,000lfFj15nYYzd09YrT0085had0dsgN004jeamJPXEamJRQpamJTJaamKhiKp00vcj41rBxP8nP2kl8nP4d79o39nC7nOV9i7nOXPe7nP1wa9mX4cY9mXcgN9o3hrr7pD4Lm7mX4cY7mX8eSa3fOdvamKjYFzd0aMBzd0bAMzd0coXp00n7kr00Mpyr00Wp8,P2Win,P1Win
2125,000iAhjoUfQzp00jTKakW1Xtp00tRIt00hfdt00hfdaiLYG5GjuMhdp00wxkr00vtt6pHyV0zdqBhKU01xkra3gQlsajw0r29eT2KH9fTIbT7eFOwnL4V7rJakA42ba0IxQog01tiw60hLHca0IAxUr00tlwp00qBhp00SOAp01ASH,001cYojn8colp01AS8p01A6kamtKzCamtHSGajvKYQajvJ76a16FhIa16CAMOpVQM76pEsvpp013ODq01cWHp01m6nt019eb7oMiyJ7oMfl17oMc7iGd10ClabUW5iU00Ufva161dMa163TIzd4IDYzd0lMir00n7pajvHelgmKHrbg00XsG8ihwTLr00gWLp01ASHr01AOx,P1Win,P2Win
2126,000iAhjoUfQzp00jTKakW1Xtp00tRIt00hfdt00hfdaiLYG5GjuMhdp00wxkr00vtt6pHyV0zdqBhKU01xkra3gQlsajw0r29eT2KH9fTIbT7eFOwnL4V7rJakA42ba0IxQog01tiw60hLHca0IAxUr00tlwp00qBhp00SOAp01ASH,000VPr60e0Vyp00UMha2xbllikiRqbjmKRTNp01ezjT01cXGa271fUa26XyYU00Enp9mKUR49oho1h9oh60WajvxwTajvuPTamYgBFamYdUJp010zfp00Qrcp018TLGjVFYSp01hM2p01rGpp01mRp7mtliPr00KOdzcQXFQ7ntE9Xt00UKXp01ayH7lnHgwa1iWLPa1j0sL7ntBcJ,P1Win,P2Win
2127,000iAhjoUfQzp00jTKakW1Xtp00tRIt00hfdt00hfdaiLYG5GjuMhdp00wxkr00vtt6pHyV0zdqBhKU01xkra3gQlsajw0r29eT2KH9fTIbT7eFOwnL4V7rJakA42ba0IxQog01tiw60hLHca0IAxUr00tlwp00qBhp00SOAp01ASH,0010BUU00yJoIjv3rOIjv3rOM15DmH8kiwYE300xEhp00L7jO0ikQOO0imJzO00LDyX00L6Ia4lxFLjmKPdST010zCq01lhpp01uaDa4lp29a4lmlda4loLlt010jOp01bRvp00FWYajvwJCr00FHdGe5JNPr00PDi,P1Win,P2Win
2128,000iAhjoUfQzp00jTKakW1Xtp00tRIt00hfdt00hfdaiLYG5GjuMhdp00wxkr00vtt6pHyV0zdqBhKU01xkra3gQlsajw0r29eT2KH9fTIbT7eFOwnL4V7rJakA42ba0IxQog01tiw60hLHca0IAxUr00tlwp00qBhp00SOAp01ASH,000hvSjogBaUt007QdU00wzR6pHxA260hKmegntll4a2aGEdU01qBCa2bEYLa2bCiP9eXkMjgpiljBgmp7vTajuLe4ajuNTYGjuFPVp00yrep00xnep00zLCp01AOxp00hwLa2aJl9U00LTup00BDNa2aXAca2aUTgr00vvXr01AAg,P1Win,Draw
2129,000iAhjoUfQzp00jTKakW1Xtp00tRIt00hfdt00hfdaiLYG5GjuMhdp00wxkr00vtt6pHyV0zdqBhKU01xkra3gQlsajw0r29eT2KH9fTIbT7eFOwnL4V7rJakA42ba0IxQog01tiw60hLHca0IAxUr00tlwp00qBhp00SOAp01ASH,000hgn9opAG2dlrX8Sa00tSqp00pBKt00fEU60dmaBGgBnrBakdVFFalEUvFU00ysBa3fS0Sa3fPjWp00j7ygp4ilip01j7rp01qlQgn2TRx9oLg7d8lameD7oCoVpp019Jap00I7n9k5hAM9nxje0r006uHp00vMcgo3BDH7p3ST7a5pSqJjnPaIa,P1Win,P2Win
2130,000iAhjoUfQzp00jTKakW1Xtp00tRIt00hfdt00hfdaiLYG5GjuMhdp00wxkr00vtt6pHyV0zdqBhKU01xkra3gQlsajw0r29eT2KH9fTIbT7eFOwnL4V7rJakA42ba0IxQog01tiw60hLHca0IAxUr00tlwp00qBhp00SOAp01ASH,0016t4U00TTfa00XV4U01daUa16kL6afbp9E9fBP5wU01vbhapEwYnapEzFjt00RKq600NYvt013Mja00Vf8jocYK9T01uo1a3gN87an81idan7XBh9f2VCsgmLlkO7eFTTfa01vcfp01dYGaggKrWp01pO0a3gKrbp01sfsq01gpLE00Xplr01AUg,P1Win,P1Win
2131,000iAhjoUfQzp00jTKakW1Xtp00tRIt00hfdt00hfdaiLYG5GjuMhdp00wxkr00vtt6pHyV0zdqBhKU01xkra3gQlsajw0r29eT2KH9fTIbT7eFOwnL4V7rJakA42ba0IxQog01tiw60hLHca0IAxUr00tlwp00qBhp00SOAp01ASH,0010hYLeNtBTt00MEQU01eMragCtCXagCwjTL6uOW09f2A7YgmKXun9eFx3Na2bqd8p01j5Jp01bQbt00MEQ6pR42Hj1saoMp011lBajvyyGajvBfC41siJuamL6OzamL9vvU00UHna163iwa160BA9p084u9pi2vfp00TFBa2bgP9p012ITp00n8q,P1Win,P2Win
2132,000iAhjoUfQzp00jTKakW1Xtp00tRIt00hfdt00hfdaiLYG5GjuMhdp00wxkr00vtt6pHyV0zdqBhKU01xkra3gQlsajw0r29eT2KH9fTIbT7eFOwnL4V7rJakA42ba0IxQog01tiw60hLHca0IAxUr00tlwp00qBhp00SOAp01ASH,000jTVO00aKhr006IUt009GQj15o0c608VPet00gWlT01xkqLg6NDcU01goDzd8YhIahlAj7ahlD03aaHzQkL6uQykp00g897efdzn9foFS69espclgoVedwajuNRNp00xkMp00uEDajuLbRanPrQfanPpH6a15AU5a15ye6aaHCxgGd0dIu,P1Win,P2Win
2133,000iAhjoUfQzp00jTKakW1Xtp00tRIt00hfdt00hfdaiLYG5GjuMhdp00wxkr00vtt6pHyV0zdqBhKU01xkra3gQlsajw0r29eT2KH9fTIbT7eFOwnL4V7rJakA42ba0IxQog01tiw60hLHca0IAxUr00tlwp00qBhp00SOAp01ASH,001dwoT00Wpmingz1yaaPJnhaaPM4dp00RyQamfT7xamfVNtjmL93VN0AfjGgphWtHg011akajvIPUp01ATJa16G5Ta16DoXamLnyCamLkRGp01ASwajvKIFajvMBrp01ezgp01mTKp016fmp01sOF7oMkb67oMmkf7oMoto7oMqCx9p0pla9oVa0W9oVjpIp01AT3GjvvVnr0146Hp01AR9,P1Win,P2Win
2134,000iAhjoUfQzp00jTKakW1Xtp00tRIt00hfdt00hfdaiLYG5GjuMhdp00wxkr00vtt6pHyV0zdqBhKU01xkra3gQlsajw0r29eT2KH9fTIbT7eFOwnL4V7rJakA42ba0IxQog01tiw60hLHca0IAxUr00tlwp00qBhp00SOAp01ASH,001eg7U00pNma00tP0a2aBulgmK9vcr00r94a2TyefU01fAsa3gsHLajvLd7p01c7O7p9iAN9p51nna3gwbW9p4SQm9p4KMx9p9zg47p9kda7pdE7n7pdCv2p01AP4T01AOxp01APAa3gQmAa3gNFEp01x5HjmbT1Sa01AOxa01y8B8dWQbq4ozmI79fbpWP7eFzJJT00XWR9mfVcP7m2HXva4llwDr01ARo,P2Win,P1Win
2135,000iAhjoUfQzp00jTKakW1Xtp00tRIt00hfdt00hfdaiLYG5GjuMhdp00wxkr00vtt6pHyV0zdqBhKU01xkra3gQlsajw0r29eT2KH9fTIbT7eFOwnL4V7rJakA42ba0IxQog01tiw60hLHca0IAxUr00tlwp00qBhp00SOAp01ASH,001cnpU00HNsjpil44p01cEJp01w1pa3gPyGa3gMRKp01zdH4pmJNvT01AOx9pdxF69pdCeF9p0uDP9p9rcx7oV5mD7p0wMY7p4YemU01dHHa3gxgwa4HBtra4lVw6a01y8B8dFf0PakATQVakAWxROpMWiWa3tfABa5qa1C9f2DlH7eaKRBp01xBTU00jlEa4kFUXa4kDf2go3o9E,P1Win,P2Win
2136,000iAhjoUfQzp00jTKakW1Xtp00tRIt00hfdt00hfdaiLYG5GjuMhdp00wxkr00vtt6pHyV0zdqBhKU01xkra3gQlsajw0r29eT2KH9fTIbT7eFOwnL4V7rJakA42ba0IxQog01tiw60hLHca0IAxUr00tlwp00qBhp00SOAp01ASH,001bPz9p4I6EajAeXwT01AOxa4lSQoa5r1HXp01APGp01AP7U01nUIapNpLyapNn5Ca3pscQ8lG8mL9eBkp47efiFQp01x5NjmbT1Y8e6EFj9p57OG4odj7bakAMkU9p9e1Sa5qADwp01cV1O05D0S9p52rX9p4TUW7pdJKN7pdKyY7pdMYw7pdPp4T01cVka6vKEfa6vHXj9mbFAs,P1Win,P2Win
2137,000iAhjoUfQzp00jTKakW1Xtp00tRIt00hfdt00hfdaiLYG5GjuMhdp00wxkr00vtt6pHyV0zdqBhKU01xkra3gQlsajw0r29eT2KH9fTIbT7eFOwnL4V7rJakA42ba0IxQog01tiw60hLHca0IAxUr00tlwp00qBhp00SOAp01ASH,001cnnr01nUEp019Wcp00SPLp01zeFa6w6SWa6w4brp01AOxT01AOQa6w4d1p01xmxa6w6RJp01A2g8e6EVHad1yq6ajvJ3Ya6vM0dp01cV19p4Jry9p57OH9p9e1W9p52bz9p4XWQ1kObRA1kNRwf7p57OH7p4Ntm7p4L3P7p4WluT01hv1j01mk7a6vM0da6vJjh9moXotU01hJBa3gyBua3gvUyajvSIcad10PL4prcvhak5VjD,P2Win,P1Win
2138,000iAhjoUfQzp00jTKakW1Xtp00tRIt00hfdt00hfdaiLYG5GjuMhdp00wxkr00vtt6pHyV0zdqBhKU01xkra3gQlsajw0r29eT2KH9fTIbT7eFOwnL4V7rJakA42ba0IxQog01tiw60hLHca0IAxUr00tlwp00qBhp00SOAp01ASH,001cUit01e0Pp01nGta3gHva9p4KfQ9p4MVI9p4V0L4oVm1Tp01AOxajvHXs9p4XGH9p586ejmL8YEajvKEoU01q4PalG71S9fxCHg7eaXLz7eaVSJp01pO2anQs7OanQpqST01xRSa7B81fp01wNT7oQIQ17oQLgy7oQNG67oQI2Pp013Nra7B8Oqa7BaHba7Bbvmr00S2x1ngNsh1ngPBq7kapDX7k62vS,P1Win,P2Win
2139,000iAhjoUfQzp00jTKakW1Xtp00tRIt00hfdt00hfdaiLYG5GjuMhdp00wxkr00vtt6pHyV0zdqBhKU01xkra3gQlsajw0r29eT2KH9fTIbT7eFOwnL4V7rJakA42ba0IxQog01tiw60hLHca0IAxUr00tlwp00qBhp00SOAp01ASH,001dImaggtNtp01yG0p01xBTa5r06va4lReVp01whwjpmJNpU00B8DU01dI14n8g5La5pWXp7jqHHYa2Tvxj9p0mQea2bpoW7p0wwut01cV27oV9Vc7oVc5l9ffJRc8efvzJr01fAsa5qXJpa5N39yT01zdcU00ReEa4lgWA9p0CXW7p52IoOpIDt2a3g9609iyR7D7eFvrr7je4nkancifc,P1Win,P2Win
2140,000iAhjoUfQzp00jTKakW1Xtp00tRIt00hfdt00hfdaiLYG5GjuMhdp00wxkr00vtt6pHyV0zdqBhKU01xkra3gQlsajw0r29eT2KH9fTIbT7eFOwnL4V7rJakA42ba0IxQog01tiw60hLHca0IAxUr00tlwp00qBhp00SOAp01ASH,001bzgjmL8YB4pimFtt016K3t01eNQ7k5WFD7k60mz7oQF5l7oQHeu7oQIPQ7oQL00p01wwYT01uEVU01mzJa6vVFlamLiE5amLll1a5qTcdp01rrNa5qQvha6vXy5a6w0qPp016ugajvGCua3gG8v9f2GPO7efeDWajvJjqp01zdbr01pzLr01m6v9p9wiO9p52bE9p4VNM9p4QqU9p9aNl,P1Win,P2Win
2141,000iAhjoUfQzp00jTKakW1Xtp00tRIt00hfdt00hfdaiLYG5GjuMhdp00wxkr00vtt6pHyV0zdqBhKU01xkra3gQlsajw0r29eT2KH9fTIbT7eFOwnL4V7rJakA42ba0IxQog01tiw60hLHca0IAxUr00tlwp00qBhp00SOAp01ASH,001ds1j122Kkt018Tft01gGEU01r9n9fC58y9eOAAI7eBnmoalFSA8alFVh4r01dLwp01zJXamLndzamLkwDa6w1L1p01wNQa6w3884nlt3J9p0q4V9oV7vL9p52YS9pdVA17oQGqma2bCPC7oV8QJ7oVbxF1kAT4P1kAP2VgnyFJha6w4rWp01uoTa6w1L1T01xRR,P1Win,P2Win
2142,000iAhjoUfQzp00jTKakW1Xtp00tRIt00hfdt00hfdaiLYG5GjuMhdp00wxkr00vtt6pHyV0zdqBhKU01xkra3gQlsajw0r29eT2KH9fTIbT7eFOwnL4V7rJakA42ba0IxQog01tiw60hLHca0IAxUr00tlwp00qBhp00SOAp01ASH,000gHfo01rLSp004iCojuAr860zoEIU004kqa3fjPNU00hLgOpUGPfp01ATHamLkREamLnyAp01ASoa3flIya3fnBja3fxhDa1EEzP9o3aui9hGsn79oguaa9nPlb19ogETQ7ogmE47ogp4A7oGRW37oLk6RdjuAsoamog9ep00t4pamodsi9kVVkR,P2Win,P1Win
2143,000iAhjoUfQzp00jTKakW1Xtp00tRIt00hfdt00hfdaiLYG5GjuMhdp00wxkr00vtt6pHyV0zdqBhKU01xkra3gQlsajw0r29eT2KH9fTIbT7eFOwnL4V7rJakA42ba0IxQog01tiw60hLHca0IAxUr00tlwp00qBhp00SOAp01ASH,000fF7ink61jp00lPijn77x6jphhlza15C34a15EJ0p00x9mp00rIXp00yJOaphAa7aphxtbp01s0bamJU3Vp00iAAamKbHTamK9P9amK7Wop01iBS400zh3p00ks79oy2Cvg00iTA9oylaJ7nBThB7nBWvkzdhKpszdMIp47oGQ7oOpM7QBT00ABr8nCbr8amKjuOamJRmQ,P2Win,P1Win
2144,000iAhjoUfQzp00jTKakW1Xtp00tRIt00hfdt00hfdaiLYG5GjuMhdp00wxkr00vtt6pHyV0zdqBhKU01xkra3gQlsajw0r29eT2KH9fTIbT7eFOwnL4V7rJakA42ba0IxQog01tiw60hLHca0IAxUr00tlwp00qBhp00SOAp01ASH,000fF7imaB6ejn77x6jphhlza15C34a15EJ0q00gHKp00x9mN095fkw04FLhGjuCQFp005qQt00fF7p00rISp00Al4p00ytjaoUxmeaoUuFiakzWRnO00iTAp01qocp00VPtakzYK8U00I9Jp00p3SakA1CS9kn8iA9kAgXer00QLap00bzm,P1Win,P2Win
2145,000iAhjoUfQzp00jTKakW1Xtp00tRIt00hfdt00hfdaiLYG5GjuMhdp00wxkr00vtt6pHyV0zdqBhKU01xkra3gQlsajw0r29eT2KH9fTIbT7eFOwnL4V7rJakA42ba0IxQog01tiw60hLHca0IAxUr00tlwp00qBhp00SOAp01ASH,000j8VimFs5K608Y2mld90ELlfAMYOp00Guhp00t5cj0zxOhp00jElajuLKpajuTOda00uqDa00x7GaoHgRcNpUVz2p01rdxp00Qq1aoHebgp01bkvp00wyzr005FOG9JRjBSoc4Dur00EDWr017kx,P2Win,P1Win
2146,000iAhjoUfQzp00jTKakW1Xtp00tRIt00hfdt00hfdaiLYG5GjuMhdp00wxkr00vtt6pHyV0zdqBhKU01xkra3gQlsajw0r29eT2KH9fTIbT7eFOwnL4V7rJakA42ba0IxQog01tiw60hLHca0IAxUr00tlwp00qBhp00SOAp01ASH,000iRcinOVJ6jnPaHKGjuB1ep00Bp6NpLYu660mbsat00jq27kr4xN7kmG9k7kiiJQ7kdUln7kilqM7kmLwdp00ruya4kPFGajuUDdajuRWfU00ysBa3fJW5a3fMD08l1xJJp00E5i7pq51U7pq93O7nKIxL7nKLv67nKOsqgn2TRwp00I6f,P1Win,P2Win
2147,000iAhjoUfQzp00jTKakW1Xtp00tRIt00hfdt00hfdaiLYG5GjuMhdp00wxkr00vtt6pHyV0zdqBhKU01xkra3gQlsajw0r29eT2KH9fTIbT7eFOwnL4V7rJakA42ba0IxQog01tiw60hLHca0IAxUr00tlwp00qBhp00SOAp01ASH,000i41inOVcijl1lEs60ma7fl9JTKUlby3nYld0ahPSoc3icajuRWhGkzIkTajuPgia0IvYXa0IyFWp00tBEp00fC6t00gYtr00AOer00Aypp00fURp00Az9p00yHcp00owG8aOU8J,P1Win,P2Win
2148,000iAhjoUfQzp00jTKakW1Xtp00tRIt00hfdt00hfdaiLYG5GjuMhdp00wxkr00vtt6pHyV0zdqBhKU01xkra3gQlsajw0r29eT2KH9fTIbT7eFOwnL4V7rJakA42ba0IxQog01tiw60hLHca0IAxUr00tlwp00qBhp00SOAp01ASH,000iAqt00fnyjmK5MWajzjOXajzh92p00q8za15AVza15yfAp00xmIp00AzJp00DMBp00mEbNpQrs760qAsBleAbA2lbUb1Er00jUESmnYeEjoUcUv,P2Win,P1Win
2149,000iAhjoUfQzp00jTKakW1Xtp00tRIt00hfdt00hfdaiLYG5GjuMhdp00wxkr00vtt6pHyV0zdqBhKU01xkra3gQlsajw0r29eT2KH9fTIbT7eFOwnL4V7rJakA42ba0IxQog01tiw60hLHca0IAxUr00tlwp00qBhp00SOAp01ASH,000kvf6008qft00bDUimse50lfJBeGlch8JPl8S4cfjnKKXHa1iPOja1iN8l4nC8fvT00lhDamKjM4amKh66akikC7akihVbp00jFUam25yF8nC0pCLlJcvkp01APgp00Tn6p013Psp01rYXp01iBep01AROr00JIa8nBXNg,P1Win,P2Win
2150,000iAhjoUfQzp00jTKakW1Xtp00tRIt00hfdt00hfdaiLYG5GjuMhdp00wxkr00vtt6pHyV0zdqBhKU01xkra3gQlsajw0r29eT2KH9fTIbT7eFOwnL4V7rJakA42ba0IxQog01tiw60hLHca0IAxUr00tlwp00qBhp00SOAp01ASH,001dwsinCAJLajvNG7ajvLNjajvJUyp01ej6p01nryGgggpWajw6pcp01AS0a1Bwj0p01ASAp01ATPa1BtC4anQrVbanQpffjmCkz77oHUqE7oHXEn7oI1S6OpEeNlg0n6Uzg017SLg01azHg01dgDg01fWzg01iDv9oV18y9oI42fajviNcp00Ppjajvlu8,P2Win,P1Win
2151,000iAhjoUfQzp00jTKakW1Xtp00tRIt00hfdt00hfdaiLYG5GjuMhdp00wxkr00vtt6pHyV0zdqBhKU01xkra3gQlsajw0r29eT2KH9fTIbT7eFOwnL4V7rJakA42ba0IxQog01tiw60hLHca0IAxUr00tlwp00qBhp00SOAp01ASH,001ilbimbEjkp01iCtjkAXqcjmL9jgg1aIv7g1aMx1g1aQyUg1jnA7g1jsGqajvNojajvPh4ajvR9Pp01jEqp01rYSp01bkua2bKr9a2bHKdaoVxSLaoVvcPO0n6Tmp01ARoGjvBP6q01yJs9pvh9o9pvxh7p01zwVp01w4v80nAt7p01ogUr017Snr01APr,P1Win,P2Win
2152,000iAhjoUfQzp00jTKakW1Xtp00tRIt00hfdt00hfdaiLYG5GjuMhdp00wxkr00vtt6pHyV0zdqBhKU01xkra3gQlsajw0r29eT2KH9fTIbT7eFOwnL4V7rJakA42ba0IxQog01tiw60hLHca0IAxUr00tlwp00qBhp00SOAp01ASH,000e1Fp00LPmo00Ke0r00efeaiUqkXo00wBEp014Erzd05u1zd07mLzd09fwzd0b8hzd4BKtT01wwiafbGCeafbJjazcHtx7zcQgWtzd0axXzd0bCxzd0cH7r00BFpanPx03p00BG0r00BWYp009crr009ax808RSezd07P8zd08THzd09Yhzd0b3Qzd0c8q,P2Win,P1Win
2153,000iAhjoUfQzp00jTKakW1Xtp00tRIt00hfdt00hfdaiLYG5GjuMhdp00wxkr00vtt6pHyV0zdqBhKU01xkra3gQlsajw0r29eT2KH9fTIbT7eFOwnL4V7rJakA42ba0IxQog01tiw60hLHca0IAxUr00tlwp00qBhp00SOAp01ASH,000pj7o1rPkOp00L34ophNwWaoURgYp007kjzcUNdVp008mizcUFF6zcUGJEzcUHOezcUISNzcUJXnp00aKdp00mAoalF5pBzd4CMkzcUPn0zd4EVsalF86x60ma7yp01609U00Rdea2b6Apa2b3TtO0ma7yzd0aMop00yXYp00yYu,P1Win,P2Win
2154,000iAhjoUfQzp00jTKakW1Xtp00tRIt00hfdt00hfdaiLYG5GjuMhdp00wxkr00vtt6pHyV0zdqBhKU01xkra3gQlsajw0r29eT2KH9fTIbT7eFOwnL4V7rJakA42ba0IxQog01tiw60hLHca0IAxUr00tlwp00qBhp00SOAp01ASH,000e2ri10JLlin6ShQX00b4Qj0Imjep00j7qY008EFp004Rxp00AACanPsq9anPv75G004kdp00xUKa00Bpja00yInad05s8ajuThiajuLdup00JXU8091YRr00dvwa3fGIRzd0aLazcLX4Czd0bPJzcLY9czd0cUjzcM0dLzd0dYS,P1Win,P2Win
2155,000iAhjoUfQzp00jTKakW1Xtp00tRIt00hfdt00hfdaiLYG5GjuMhdp00wxkr00vtt6pHyV0zdqBhKU01xkra3gQlsajw0r29eT2KH9fTIbT7eFOwnL4V7rJakA42ba0IxQog01tiw60hLHca0IAxUr00tlwp00qBhp00SOAp01ASH,000i3wt00hMYjmST1kajuNTPajuQAMa00sx3a00ve2zd05rhX005H7Y005Hdp005Hmzd06fszd073Dzd07QOzd08F0zd09tbzcURMH6008nvp00tRxp00xSHGd086Vp00krxp01ARJq00BTRp00bzI,P1Win,P2Win
2156,000iAhjoUfQzp00jTKakW1Xtp00tRIt00hfdt00hfdaiLYG5GjuMhdp00wxkr00vtt6pHyV0zdqBhKU01xkra3gQlsajw0r29eT2KH9fTIbT7eFOwnL4V7rJakA42ba0IxQog01tiw60hLHca0IAxUr00tlwp00qBhp00SOAp01ASH,101ijEinckaop01hdXp01AQ2amLnuUj0iYjza4lQIxU004jSr01dJNa2aeV1a2ah5aajECUoamLkNY808VyJO01bA0a4lO2wp01w1IajEBj2ajEzqh,P1Win,P2Win
