#ID,P1,P2,Result,Result,,,,,,
1,000iAhjoUfQzp00jTKakW1Xtp00tRIt00hfdt00fnqaiLYG5GjuMhdp00wxkr00vtt6pHyV0zdqBhKU01nUEamU36R9eSSSI9fTzjU7eFFEoal1vPNamT6Tf60hLHca2s2Xkp00qBhp01ASHT01wMDaaQjv8a2to9AdnlunH,000p0SamKiTXamKlATa00yWCajQJ9zj0qMLOX0085Lq00APep00Dfc6004jI600cnxw00cnxw00b2yw009GAw008lCw0070Ew005EGw004jIa01AzRU01AQNr01ARr,P1Win,P2Win,,78,,,77,
2,000iAhjoUfQzp00jTKakW1Xtp00tRIt00hfdt00fnqaiLYG5GjuMhdp00wxkr00vtt6pHyV0zdqBhKU01nUEamU36R9eSSSI9fTzjU7eFFEoal1vPNamT6Tf60hLHca2s2Xkp00qBhp01ASHT01wMDaaQjv8a2to9AdnlunH,000wyPjo3E2Ya00FqWa00I7Vp00FXyaoUDLTp00KMBp00NYvp00MElap4tkkp00xBvp00jDcX00dv2w00bllw00fnfO00b4WO00dKSO00grOt00nHYt00tBvt00nHqt00ehSt00ehe,P1Win,P2Win,,1,0.654166667,,1,0.645833333
3,000iAhjoUfQzp00jTKakW1Xtp00tRIt00hfdt00fnqaiLYG5GjuMhdp00wxkr00vtt6pHyV0zdqBhKU01nUEamU36R9eSSSI9fTzjU7eFFEoal1vPNamT6Tf60hLHca2s2Xkp00qBhp01ASHT01wMDaaQjv8a2to9AdnlunH,000nEzY004jaX009FY6005DAj0RaKbp00CXnamKlRiamKoyea3fOJAwoLeapwpUOh5wogpyFwnxnIBwevHdDO006Iat0085dp00BmxO009Fu7k4Yhs7k51aa7kii9f7kikio,P1Win,P2Win,,,,,,
4,000iAhjoUfQzp00jTKakW1Xtp00tRIt00hfdt00fnqaiLYG5GjuMhdp00wxkr00vtt6pHyV0zdqBhKU01nUEamU36R9eSSSI9fTzjU7eFFEoal1vPNamT6Tf60hLHca2s2Xkp00qBhp01ASHT01wMDaaQjv8a2to9AdnlunH,000m4Bj097k0X0086gO004kdO00co2w004kdw00co2N008m7m008m77kmwrD7kEb2G7kmzFg7kEeglp00BUQamKhQiamKkxdp00FW1a2aGTpp00LiYT007QPahkq9pp00f3mw008m7,P1Win,P2Win,,,,,,
5,000iAhjoUfQzp00jTKakW1Xtp00tRIt00hfdt00fnqaiLYG5GjuMhdp00wxkr00vtt6pHyV0zdqBhKU01nUEamU36R9eSSSI9fTzjU7eFFEoal1vPNamT6Tf60hLHca2s2Xkp00qBhp01ASHT01wMDaaQjv8a2to9AdnlunH,001hxsj1OuYSa1Bwj0a3gKLH4piqdpamLiqsp01uHKp01zx5t01fEfajvIOSaks4h9aks6X5p01bRkp01lNTp01AB0r01AApa3gI5Gt01eQzt01eQzt01eQzt01eQzt01eQzt01eQzt01eQzt01eQzt01eQz,P1Win,P2Win,,,,,,
6,000iAhjoUfQzp00jTKakW1Xtp00tRIt00hfdt00fnqaiLYG5GjuMhdp00wxkr00vtt6pHyV0zdqBhKU01nUEamU36R9eSSSI9fTzjU7eFFEoal1vPNamT6Tf60hLHca2s2Xkp00qBhp01ASHT01wMDaaQjv8a2to9AdnlunH,000m5RG009G3ajuMh0q00rGsajuUkjp00jDUp00Dwgp012KNp01dKop00QFwp01jD2a01ehDt00hMGt00hMGt00hMGt00hMGt00hMGt00hMGt00hMGt00hMGt00hMGt00hMGa00IoEp00SAJp012Y1amKPr5a012dtanPLerp00H4eal1Hn6amKjdvr00cDV,P1Win,P2Win,,,,,,
7,000iAhjoUfQzp00jTKakW1Xtp00tRIt00hfdt00fnqaiLYG5GjuMhdp00wxkr00vtt6pHyV0zdqBhKU01nUEamU36R9eSSSI9fTzjU7eFFEoal1vPNamT6Tf60hLHca2s2Xkp00qBhp01ASHT01wMDaaQjv8a2to9AdnlunH,000tkFSogzhuo01e4Op00LjConpdK4T0119wp00qCCakA40NajvzXqp00QFHamGAYNambnz9ajuV9e8ntSVLLpQtAHLpQSAet00Ct3t00oeKt00oeKt00oeKt00oeKt00oeKt00oeKt00oeKp00yF5�@,P1Win,P2Win,,,,,,
8,000iAhjoUfQzp00jTKakW1Xtp00tRIt00hfdt00fnqaiLYG5GjuMhdp00wxkr00vtt6pHyV0zdqBhKU01nUEamU36R9eSSSI9fTzjU7eFFEoal1vPNamT6Tf60hLHca2s2Xkp00qBhp01ASHT01wMDaaQjv8a2to9AdnlunH,000dYpjlJpjut00r94p00AxPp00ypcp00w0cjnXVIhjmK2vXjoUcRfFmwJryylncPxr008lot004jxt008BJt00drAt004j7,P2Win,P1Win,,,,,,
9,000iAhjoUfQzp00jTKakW1Xtp00tRIt00hfdt00fnqaiLYG5GjuMhdp00wxkr00vtt6pHyV0zdqBhKU01nUEamU36R9eSSSI9fTzjU7eFFEoal1vPNamT6Tf60hLHca2s2Xkp00qBhp01ASHT01wMDaaQjv8a2to9AdnlunH,0013zTjnPXmvj013iHt00V48t00V48t00V48t00V48t0146Jy00Xu0F015cPE00YOXEmKMizp01tnnajvxhnajvza8ajvB2Sp013xBp00Tpcp01cG1a01f90p01uHEp01w2Vp01xndr01m8B,P2Win,P1Win,,,,,,
10,000iAhjoUfQzp00jTKakW1Xtp00tRIt00hfdt00fnqaiLYG5GjuMhdp00wxkr00vtt6pHyV0zdqBhKU01nUEamU36R9eSSSI9fTzjU7eFFEoal1vPNamT6Tf60hLHca2s2Xkp00qBhp01ASHT01wMDaaQjv8a2to9AdnlunH,000hMzjmK5vLt005FKt005q3G008lfF004ADyiHbMPp00OgRq00p0Ip00H2op00Bnhp00CK9p00S1st00c95t00cpIt00fDwt00eyYt00gGRp00bzvaoUrWtaoUpgualSfaWa00uqh,P1Win,P2Win,,,,,,
11,000iAhjoUfQzp00jTKakW1Xtp00tRIt00hfdt00fnqaiLYG5GjuMhdp00wxkr00vtt6pHyV0zdqBhKU01nUEamU36R9eSSSI9fTzjU7eFFEoal1vPNamT6Tf60hLHca2s2Xkp00qBhp01ASHT01wMDaaQjv8a2to9AdnlunH,000nEHt006YDj0RaKd9liKpa9liOr49liSsX9kVULE9kVYNy9kW3Psp00CacT01hcOa54E0Pa54FSAa54HLla2wJWka2wMDjagfmgsr008BJan7ooGq00zKnld0iOX7kmEJx7kmFO77kr7aV7kr8fu7kvyBi7kvzFRg53wtvE1rcxrp01AOxp01zMyp01vfxr01wQ5,P1Win,P2Win,,,,,,
12,000iAhjoUfQzp00jTKakW1Xtp00tRIt00hfdt00fnqaiLYG5GjuMhdp00wxkr00vtt6pHyV0zdqBhKU01nUEamU36R9eSSSI9fTzjU7eFFEoal1vPNamT6Tf60hLHca2s2Xkp00qBhp01ASHT01wMDaaQjv8a2to9AdnlunH,000unvj1rCS0jplWGet00kaDr00gFxad0fl8amKsA8p00DMea1rObsa1rLuu7oLqgn7oLuih7kmMwWamKpTc7kmQyQ7kA2E27kA6FVxk53PBxk9ADA9oUeKg9oUmNN9oUuRB9l5JgN9l5Rkl9l60o99kvLLz9kvDHL9kvvEe,P2Win,P2Win,,,,,,
13,000iAhjoUfQzp00jTKakW1Xtp00tRIt00hfdt00fnqaiLYG5GjuMhdp00wxkr00vtt6pHyV0zdqBhKU01nUEamU36R9eSSSI9fTzjU7eFFEoal1vPNamT6Tf60hLHca2s2Xkp00qBhp01ASHT01wMDaaQjv8a2to9AdnlunH,0015V3j1eYQdt00Q8OamL5ddamL2wh1kJpxh1kJsed1kJuU91l23R31l26xW1l29eS5mKTst5mKO5B5mKIHJ5mKDkR7kiOEQ7kiSGK7kAtwn7kAxyhO05fBHa1Os02a1Opj2q01iyxp01un6r01kqIa2fXhLE3xPCz9l6faM9l6kxE9l6pUw9l6vio9l6AFgaagoXb,P1Win,P2Win,,,,,,
14,000iAhjoUfQzp00jTKakW1Xtp00tRIt00hfdt00fnqaiLYG5GjuMhdp00wxkr00vtt6pHyV0zdqBhKU01nUEamU36R9eSSSI9fTzjU7eFFEoal1vPNamT6Tf60hLHca2s2Xkp00qBhp01ASHT01wMDaaQjv8a2to9AdnlunH,000uWrj0ICq1p00PS7a0II5d7kdIeUT01lfqa3gCnLr01lg2amKrgTamKtWQG004zW9l1sC3p01ASQp00Pmep00c9Dp00MpFp00jCWa6vOVK7kmyla7kmAdU7kvqQW7kvstj9liOu89la9467nXNXV7o3hdua6vR5TO0qJkAa6vTf3p01ATnO0qFz5NpQmlrg21AWOr004k6r01lQfamJSVj,P2Win,P1Win,,,,,,
15,000iAhjoUfQzp00jTKakW1Xtp00tRIt00hfdt00fnqaiLYG5GjuMhdp00wxkr00vtt6pHyV0zdqBhKU01nUEamU36R9eSSSI9fTzjU7eFFEoal1vPNamT6Tf60hLHca2s2Xkp00qBhp01ASHT01wMDaaQjv8a2to9AdnlunH,000jozj1iBfWt006L7t00dJ99nOVb69nP5zC9nPeYo900n9k900dJy9004l29oU2GH9oUiO2akr3H1amKk1aamKhkea1Ar9Bp00yasp00Dwvp00FVp7ki7Hj7kr1yO7ki8vu7kzUqw7kzVeHzdDOfQp00vue4noVQSp01kvqa4UVuWr01AC7g1W6Px,P1Win,P2Win,,,,,,
16,000iAhjoUfQzp00jTKakW1Xtp00tRIt00hfdt00fnqaiLYG5GjuMhdp00wxkr00vtt6pHyV0zdqBhKU01nUEamU36R9eSSSI9fTzjU7eFFEoal1vPNamT6Tf60hLHca2s2Xkp00qBhp01ASHT01wMDaaQjv8a2to9AdnlunH,000UMnjoHP3ha1sGJxp01jrzp01jH1a01hyha01kfdapieVhp00LCyajzTShajRzxYajzLy8p00Xbop019cHp01lyLa9JOX6t00S6QN09Fg39mY2pE9mTtgr9mTjQF9oHIBl9oHzcz9oLOxfEpDXW87oUMXG7oUPV17oUSSl7kiQ6x7kiT3R7kiW1c7kw5FP7kw8Da,P2Win,P1Win,,,,,,
17,000iAhjoUfQzp00jTKakW1Xtp00tRIt00hfdt00fnqaiLYG5GjuMhdp00wxkr00vtt6pHyV0zdqBhKU01nUEamU36R9eSSSI9fTzjU7eFFEoal1vPNamT6Tf60hLHca2s2Xkp00qBhp01ASHT01wMDaaQjv8a2to9AdnlunH,000fVz7nsXgH7nt1uq7nt4I97oc1I87oc4VQ7oc8az7oU5ay7oU8oh7oUbC0jnkkwyp00tUI4oyqxDSoy53HakEkd6aiCUEKp00K2Mp00Kz1p00L6fp00LCtp00M9Ha00tUb815xJQld0aQS9oU1p39oUkdA9ng05p9nfGgRO00iTAg0uXDl,P1Win,P2Win,,,,,,
18,000iAhjoUfQzp00jTKakW1Xtp00tRIt00hfdt00fnqaiLYG5GjuMhdp00wxkr00vtt6pHyV0zdqBhKU01nUEamU36R9eSSSI9fTzjU7eFFEoal1vPNamT6Tf60hLHca2s2Xkp00qBhp01ASHT01wMDaaQjv8a2to9AdnlunH,001aPqjjAihta3gQrba3gNKfp01ADDa01ATuapiwWtp01AT49nQdqT9nPTCm9oUYN09oViBx7ngKPR7ngOkY7o4e2J7o4hwQ7oQJII7oQGeBt017lht01eR3p01AStp01rJQp01i4sajRP8KajRNwoajRLU2p018on4ozvnN7k5WKk7k60rg7k638c9mY2pE9mYbOq9mYlecahHgCz,P1Win,P2Win,,,,,,
19,000iAhjoUfQzp00jTKakW1Xtp00tRIt00hfdt00fnqaiLYG5GjuMhdp00wxkr00vtt6pHyV0zdqBhKU01nUEamU36R9eSSSI9fTzjU7eFFEoal1vPNamT6Tf60hLHca2s2Xkp00qBhp01ASHT01wMDaaQjv8a2to9AdnlunH,000V3LjoQDxap01gKrp01im0anUAy8anUxRcajvr6SajvsYDajvuRpp00Nvbp0118yp01axoa2Ppala2Pmtpt00OBDt00OBDt00OBDt00OBDGnxXNep01jpIalKnLu7oUNLR7oUQsN7oUT9J9oLSPx9oM2r89oMb2I9mTlt29mXSO49n3rGSp00Gt5p00D3UalKl5y,P2Win,P1Win,,,,,,
20,000iAhjoUfQzp00jTKakW1Xtp00tRIt00hfdt00fnqaiLYG5GjuMhdp00wxkr00vtt6pHyV0zdqBhKU01nUEamU36R9eSSSI9fTzjU7eFFEoal1vPNamT6Tf60hLHca2s2Xkp00qBhp01ASHT01wMDaaQjv8a2to9AdnlunH,000kvnjk0Fgc7pur7k7phibi7oUdem7oCzb17ol1ux7nKHeH7nt9ye7nfS6b4ng6wqN093CXN0dwpjajuT3DagfGdISpUSUWldIjGbp013L9p01hdop01uEDp013Nwp01hfLp01uH1p013PJi0maFQ800z2cr00QLa,P1Win,P2Win,,,,,,
21,000iAhjoUfQzp00jTKakW1Xtp00tRIt00hfdt00fnqaiLYG5GjuMhdp00wxkr00vtt6pHyV0zdqBhKU01nUEamU36R9eSSSI9fTzjU7eFFEoal1vPNamT6Tf60hLHca2s2Xkp00qBhp01ASHT01wMDaaQjv8a2to9AdnlunH,000e2eU01nYAU01phBp00Inlp00zKWp00p0tU00ABLT00S1Xp00sMxU00cpxp00EAfp00CtuL0R8ndLm6nQyjoUfRhgm1Th2glEOQSa3fQ88a3fSO4a01qEXa3gDuWa01qC2a01nV6amK36kajuJStp00iyPO0dhAzr0071IGjuBNIdjv6oKdjv95Ga6zLsJa6zILN9hkuak9i3xBKa00TmYa00W3UU00Tnw,P1Win,P1Win,,,,,,
22,000iAhjoUfQzp00jTKakW1Xtp00tRIt00hfdt00fnqaiLYG5GjuMhdp00wxkr00vtt6pHyV0zdqBhKU01nUEamU36R9eSSSI9fTzjU7eFFEoal1vPNamT6Tf60hLHca2s2Xkp00qBhp01ASHT01wMDaaQjv8a2to9AdnlunH,000e1Hp008lAp00lMbp00xRNp00j5qp00jaPT00TqDU015ajU01exVp01jTEp01ixRamL3RfanQbIOon89CIo0JzwBO004olakag0ga3gnmCa6vJAea1OpQoakXbsvgn7GsKgoyQ3xg00Xs0800qH0U00f5famK0oaamK356p00xQY800gpFL3CjHXakeu11akWA9n4nPPi4N1O5J5�@,P1Win,P2Win,,,,,,
23,000iAhjoUfQzp00jTKakW1Xtp00tRIt00hfdt00fnqaiLYG5GjuMhdp00wxkr00vtt6pHyV0zdqBhKU01nUEamU36R9eSSSI9fTzjU7eFFEoal1vPNamT6Tf60hLHca2s2Xkp00qBhp01ASHT01wMDaaQjv8a2to9AdnlunH,000z01U00cpngp8m75djMj6zamJYkEa1vL0sp01wfUoodrquo0S6hwp01ATyU018D0U00OjrT00VyhN1nC5ML2azoUa1B7eUa1B4xYamKKCHalo0Mma00RN1a1JyYHgoM1j3gpmjKHgpMB6L800c8r8kAq5gOpUMd7r00GgS800jrnp00Dxgp00ONEp00Ycsp00Bm4p00t30,P1Win,P2Win,,,,,,
24,000iAhjoUfQzp00jTKakW1Xtp00tRIt00hfdt00fnqaiLYG5GjuMhdp00wxkr00vtt6pHyV0zdqBhKU01nUEamU36R9eSSSI9fTzjU7eFFEoal1vPNamT6Tf60hLHca2s2Xkp00qBhp01ASHT01wMDaaQjv8a2to9AdnlunH,000uDTU01ka9afPdwNt008Byt00g8yafPb7gLhYxhxLg6DG3a2fgiIangk9canghsgj1rxLw9l1guhO00iNWOpUOx1p01zJYp00Gsx9leolK9leArs9l1tUR9leNS27krdCm7krgji7krj0e7kvJ5D7kvGoH7kvDHL7oPX4m7oQ0Ki7oQ3reaeRDz5a2fdBJ,P2Win,P2Win,,,,,,
25,000iAhjoUfQzp00jTKakW1Xtp00tRIt00hfdt00fnqaiLYG5GjuMhdp00wxkr00vtt6pHyV0zdqBhKU01nUEamU36R9eSSSI9fTzjU7eFFEoal1vPNamT6Tf60hLHca2s2Xkp00qBhp01ASHT01wMDaaQjv8a2to9AdnlunH,001jmRt01gG1j1o4sPp01AOxamYArTU01sdWU01au0U014ReU01jlXa2C5Efa2BVvRaggyCAaggHKX8fbxtQa22wlna22v1oagghro9esiJTgpzXingpMX71gn87JBgoz6zE8fbkkyO01ew4t01gG37kwv7A7kwvULaggopDp01y9va2bHa5r01jUIr01zu2,P2Win,P1Win,,,,,,
26,000iAhjoUfQzp00jTKakW1Xtp00tRIt00hfdt00fnqaiLYG5GjuMhdp00wxkr00vtt6pHyV0zdqBhKU01nUEamU36R9eSSSI9fTzjU7eFFEoal1vPNamT6Tf60hLHca2s2Xkp00qBhp01ASHT01wMDaaQjv8a2to9AdnlunH,000xnxj00yHHjnPr5yp00M9np00S3jt00gc9ioCws2amKv2KajQTVBO0mkAKzcDlsEp00UbMa00K1fa00HkhhmswQqle14qflbtOouxk5eCMxk5mGx7kvB5op00JtbamKxIG7kvyov7kvvHDr01l2mr0146I,P1Win,P2Win,,,,,,
27,000iAhjoUfQzp00jTKakW1Xtp00tRIt00hfdt00fnqaiLYG5GjuMhdp00wxkr00vtt6pHyV0zdqBhKU01nUEamU36R9eSSSI9fTzjU7eFFEoal1vPNamT6Tf60hLHca2s2Xkp00qBhp01ASHT01wMDaaQjv8a2to9AdnlunH,000yK9P0dBv1jmXyTut00wkSt00ncEp00Hkpp00NKQp01cFCp01AS4p01ASPa00JeFa00LUEakWiVGU01fQSaggsrxgod6sNT01AOz8dAQRKp010hBO010h4a4lAypNoQ5G6O00s2XakWlCCgmKXKL,P1Win,P2Win,,,,,,
28,000iAhjoUfQzp00jTKakW1Xtp00tRIt00hfdt00fnqaiLYG5GjuMhdp00wxkr00vtt6pHyV0zdqBhKU01nUEamU36R9eSSSI9fTzjU7eFFEoal1vPNamT6Tf60hLHca2s2Xkp00qBhp01ASHT01wMDaaQjv8a2to9AdnlunH,001cbsjozhG5a2CcJcp01zOUp017wEp01qoTp01gbIakjf0bakjcjdajvFCfp017jHt0175iGd0YxqNoV4TtgpE70VgpEf4JO05uKsBoQDO4BoQJbVaoVxDgaoVuWkEpEg9jr00Y057kwt447kwtRfr01zPtp01ACct0175it0175i,P2Win,P1Win,,,,,,
29,000iAhjoUfQzp00jTKakW1Xtp00tRIt00hfdt00fnqaiLYG5GjuMhdp00wxkr00vtt6pHyV0zdqBhKU01nUEamU36R9eSSSI9fTzjU7eFFEoal1vPNamT6Tf60hLHca2s2Xkp00qBhp01ASHT01wMDaaQjv8a2to9AdnlunH,000Uw0t00S6Yt00S6Yt00S6Yt00S6YG00H4hjl6xNaT00XIhp00Po5p01iBtp01hhcp01f90a01dfHgoUL5VgoM1CWgoM5EQL00LnML00Xu0ajvnSfa2bHv2abUDh0amKIKNp00P6Fa01fVDajvqiJakewaHp01ARTt00S6Yt00S6Yp0173ta54ixqr01AR1,P2Win,P1Win,,,,,,
30,000iAhjoUfQzp00jTKakW1Xtp00tRIt00hfdt00fnqaiLYG5GjuMhdp00wxkr00vtt6pHyV0zdqBhKU01nUEamU36R9eSSSI9fTzjU7eFFEoal1vPNamT6Tf60hLHca2s2Xkp00qBhp01ASHT01wMDaaQjv8a2to9AdnlunH,000gVJj0RaKbzd0ds6imJPXSp004jezcLRa2a2SEWzp00uDcamKdNuamKguqE0m7nBzbU1yGzbLl8x9liJ4g9la6k39l175u9kRtlhb0v2zwb0v5gsb0v7Wo7oLlGq7oLgA17ki7oz7ki9hg7kmzTs7kmC3Bp00tPxp00mExp01iC684DjM0r01ARha4kHSlr00n9jr01t5I,P1Win,P2Win,,,,,,
31,000iAhjoUfQzp00jTKakW1Xtp00tRIt00hfdt00fnqaiLYG5GjuMhdp00wxkr00vtt6pHyV0zdqBhKU01nUEamU36R9eSSSI9fTzjU7eFFEoal1vPNamT6Tf60hLHca2s2Xkp00qBhp01ASHT01wMDaaQjv8a2to9AdnlunH,000krpX008mhamKjbqamKguua4kOxTj0ImgFajuHa26004jQ600cnEw004jQw005Vcw007xyw0099Uw00aLhw00cnEU00KOaa3g28IajuEt6a2aTh9p00y9tp00FEjr004l4a008mqr01ARl,P2Win,P1Win,,,,,,
32,000iAhjoUfQzp00jTKakW1Xtp00tRIt00hfdt00fnqaiLYG5GjuMhdp00wxkr00vtt6pHyV0zdqBhKU01nUEamU36R9eSSSI9fTzjU7eFFEoal1vPNamT6Tf60hLHca2s2Xkp00qBhp01ASHT01wMDaaQjv8a2to9AdnlunH,000u72p00W3jp00GK5r00F7xr00j5hp00ncur01A5WX00goYN00gor600dHvn00j5nw00cCVw00evGw00gorw00ihcw00k9WjoHiHQakdR3PamKqqYamKt7U400E3Ba00CHDa00Foza3fGJM,P2Win,P1Win,,,,,,
33,000iAhjoUfQzp00jTKakW1Xtp00tRIt00hfdt00fnqaiLYG5GjuMhdp00wxkr00vtt6pHyV0zdqBhKU01nUEamU36R9eSSSI9fTzjU7eFFEoal1vPNamT6Tf60hLHca2s2Xkp00qBhp01ASHT01wMDaaQjv8a2to9AdnlunH,000uYka222kfjnYfkqp00B93ajvaqaajv80Cp00GuGp00S6Ep00VPup00V3hU00kqfLfapvsX00sjlLgXosmw00pBRw00tDLw00qWPw00uYJw00siNG00aMip0072ka1NQLTO00p55O00ruCO00vMUa1vQ4wa1vNnAagfylSp00qmLp010jFp01AQYp01A51,P1Win,P2Win,,,,,,
34,000iAhjoUfQzp00jTKakW1Xtp00tRIt00hfdt00fnqaiLYG5GjuMhdp00wxkr00vtt6pHyV0zdqBhKU01nUEamU36R9eSSSI9fTzjU7eFFEoal1vPNamT6Tf60hLHca2s2Xkp00qBhp01ASHT01wMDaaQjv8a2to9AdnlunH,000nEzY004jaX009FY6005DAj0RaKbp00CXnamKlRiamKoyea3fOJAwoLeapwpUOh5wogpyFwnxnIBwevHdDO006Iat0085dp00BmxO009Fu7k4Yhs7k51aa7kii9f7kikio,P1Win,P2Win,,,,,,
35,000iAhjoUfQzp00jTKakW1Xtp00tRIt00hfdt00fnqaiLYG5GjuMhdp00wxkr00vtt6pHyV0zdqBhKU01nUEamU36R9eSSSI9fTzjU7eFFEoal1vPNamT6Tf60hLHca2s2Xkp00qBhp01ASHT01wMDaaQjv8a2to9AdnlunH,000iOu9liJBT9lemt79kRs0j9kN7hLg4GA8alerlGUt009pQ7kr1wE7kr2Be7kmDVm7kifsj7kdQMr7kdRR11nGdyF1nP7qdj1n0Xhp00sKSan7gBhan7jida2SFKI419Vlhr006Iea3fjOxT01daUa6vEbQa6vMfE9la1ub9kVNfQE1mLYO,P1Win,P2Win,,,,,,
36,000iAhjoUfQzp00jTKakW1Xtp00tRIt00hfdt00fnqaiLYG5GjuMhdp00wxkr00vtt6pHyV0zdqBhKU01nUEamU36R9eSSSI9fTzjU7eFFEoal1vPNamT6Tf60hLHca2s2Xkp00qBhp01ASHT01wMDaaQjv8a2to9AdnlunH,000ztTp012qbp00M7Wp00golp00os9p00goYr00KupO0hUMD9kVPoM9l1jb89kVXsA9l1reV9kW6wo9l1ziJ9kWeAc9l1Hmx7kinw77kmNl87kipFg7kmPuh7kirOp7kmRDq7kitXy7kmTMzj1ET4EamKvNQamKyuM400Jqta00I5va00KLragfsY8T01ztAaggM4ga3gNEwr01A5Wa4lVwaLeNLBxr01xl2,P2Win,P1Win,,,,,,
37,000iAhjoUfQzp00jTKakW1Xtp00tRIt00hfdt00fnqaiLYG5GjuMhdp00wxkr00vtt6pHyV0zdqBhKU01nUEamU36R9eSSSI9fTzjU7eFFEoal1vPNamT6Tf60hLHca2s2Xkp00qBhp01ASHT01wMDaaQjv8a2to9AdnlunH,000ii6jmK5tvp00Bm4p00rGWp006co9kRjVY9len1a9kRuGs9kRpjq9lesnN9lexKD9oCpG09oCwoB9oCEsoamKdx6amKge27kdPYt415xFeT01qBBE1rfeQaaOU3ua3fI29a3fKI77kdSFp7kdVmn7kmFOk7kmIvh7kmLcha6vYlma6vVEqa6vUjwa6vX0sp01lNir01l1mp01r9YaaOWJq,P1Win,P1Win,,,,,,
38,000iAhjoUfQzp00jTKakW1Xtp00tRIt00hfdt00fnqaiLYG5GjuMhdp00wxkr00vtt6pHyV0zdqBhKU01nUEamU36R9eSSSI9fTzjU7eFFEoal1vPNamT6Tf60hLHca2s2Xkp00qBhp01ASHT01wMDaaQjv8a2to9AdnlunH,001gW9T01xl6p0115mjoVjk0p01tiwp01qCg4oQXRYa3CHBda3CKiaamLdNNamLguJa7X73w9kNMVK9kNUsL9kO2YM9kOavN7keDm57keGzN7keJNw7knzTL7knEJQr0115YagYl9sr00cnfa9JWVsp01AOx1kWORj1lb4Yo1kWSCO1lb8JT1l2m8L5mKPqz5mKW9p5mL3RfgaLzl6OpVQGoE2TohG,P1Win,P2Win,,,,,,
39,000iAhjoUfQzp00jTKakW1Xtp00tRIt00hfdt00fnqaiLYG5GjuMhdp00wxkr00vtt6pHyV0zdqBhKU01nUEamU36R9eSSSI9fTzjU7eFFEoal1vPNamT6Tf60hLHca2s2Xkp00qBhp01ASHT01wMDaaQjv8a2to9AdnlunH,000uWrj0ICq1p00PS7a0II5d7kdIeUT01lfqa3gCnLr01lg2amKrgTamKtWQG004zW9l1sC3p01ASQp00Pmep00c9Dp00MpFp00jCWa6vOVK7kmyla7kmAdU7kvqQW7kvstj9liOu89la9467nXNXV7o3hdua6vR5TO0qJkAa6vTf3p01ATnO0qFz5NpQmlrg21AWOr004k6r01lQfamJSVj,P2Win,P1Win,,,,,,
40,000iAhjoUfQzp00jTKakW1Xtp00tRIt00hfdt00fnqaiLYG5GjuMhdp00wxkr00vtt6pHyV0zdqBhKU01nUEamU36R9eSSSI9fTzjU7eFFEoal1vPNamT6Tf60hLHca2s2Xkp00qBhp01ASHT01wMDaaQjv8a2to9AdnlunH,000jozj1iBfWt006L7t00dJ99nOVb69nP5zC9nPeYo900n9k900dJy9004l29oU2GH9oUiO2akr3H1amKk1aamKhkea1Ar9Bp00yasp00Dwvp00FVp7ki7Hj7kr1yO7ki8vu7kzUqw7kzVeHzdDOfQp00vue4noVQSp01kvqa4UVuWr01AC7g1W6Px,P2Win,P2Win,,,,,,
41,000iAhjoUfQzp00jTKakW1Xtp00tRIt00hfdt00fnqaiLYG5GjuMhdp00wxkr00vtt6pHyV0zdqBhKU01nUEamU36R9eSSSI9fTzjU7eFFEoal1vPNamT6Tf60hLHca2s2Xkp00qBhp01ASHT01wMDaaQjv8a2to9AdnlunH,000UMnjoHP3ha1sGJxp01jrzp01jH1a01hyha01kfdapieVhp00LCyajzTShajRzxYajzLy8p00Xbop019cHp01lyLa9JOX6t00S6QN09Fg39mY2pE9mTtgr9mTjQF9oHIBl9oHzcz9oLOxfEpDXW87oUMXG7oUPV17oUSSl7kiQ6x7kiT3R7kiW1c7kw5FP7kw8Da,P2Win,P1Win,,,,,,
42,000iAhjoUfQzp00jTKakW1Xtp00tRIt00hfdt00fnqaiLYG5GjuMhdp00wxkr00vtt6pHyV0zdqBhKU01nUEamU36R9eSSSI9fTzjU7eFFEoal1vPNamT6Tf60hLHca2s2Xkp00qBhp01ASHT01wMDaaQjv8a2to9AdnlunH,000lQe9oLii29oLqlP9oLypD9mOlb59mOteS9mOBz5SnoPIrj1AegQamb3d9amb5T6p00Bbe4opHGTp00EE7p01imhp01ARop00UtI9nTqlI9nTGtkimSExE7oYEEJa2FxqNa2FA7Hp00jpuajddiiajdaBmq004Rv7oYJuO7noLGx7noQwC,P1Win,P2Win,,,,,,
43,000iAhjoUfQzp00jTKakW1Xtp00tRIt00hfdt00fnqaiLYG5GjuMhdp00wxkr00vtt6pHyV0zdqBhKU01nUEamU36R9eSSSI9fTzjU7eFFEoal1vPNamT6Tf60hLHca2s2Xkp00qBhp01ASHT01wMDaaQjv8a2to9AdnlunH,000UfAp01a0Pp00QIXp010Rnajvqz7ajvsrRajvukDjn3uU6anu20Yanu4GUt00MIH7ka8MH7kabtD7kaeaz7kaeHmp01j98p01guaa0Awfla0AyVhp01bTFt00MIHt00MIHt00MIH7oURxn7oUUL67oUXYO9ocEWz9ocXL79oUVPF9oUFI4gpMP7WgpMUuO�@�@�@�@,P1Win,P2Win,,,,,,
44,000iAhjoUfQzp00jTKakW1Xtp00tRIt00hfdt00fnqaiLYG5GjuMhdp00wxkr00vtt6pHyV0zdqBhKU01nUEamU36R9eSSSI9fTzjU7eFFEoal1vPNamT6Tf60hLHca2s2Xkp00qBhp01ASHT01wMDaaQjv8a2to9AdnlunH,000e3Pp014Aop01gXfp01uG4p010kEp01cXTp01pCcN08TecN0dtInld09vUOpUVlu204EX67kqUY77kqXoE7kr0Oc7kr3eJ7nk9LO7nkeBT7oc1I87oc6yd7p3SEr7p3Xuwj0R7R6jotOGCamKdRsapDp0u800lQU,P1Win,P2Win,,,,,,
45,000iAhjoUfQzp00jTKakW1Xtp00tRIt00hfdt00fnqaiLYG5GjuMhdp00wxkr00vtt6pHyV0zdqBhKU01nUEamU36R9eSSSI9fTzjU7eFFEoal1vPNamT6Tf60hLHca2s2Xkp00qBhp01ASHT01wMDaaQjv8a2to9AdnlunH,000dYpjlEWBIjnPaUkjoUcRfjmK2vXt00pgjt00pgjt00pgjt00pgjt00pgjF00rFQymjB3jp00AOep00zdqp00xS1r00px6,P2Win,P1Win,,,,,,
46,000iAhjoUfQzp00jTKakW1Xtp00tRIt00hfdt00fnqaiLYG5GjuMhdp00wxkr00vtt6pHyV0zdqBhKU01nUEamU36R9eSSSI9fTzjU7eFFEoal1vPNamT6Tf60hLHca2s2Xkp00qBhp01ASHT01wMDaaQjv8a2to9AdnlunH,000hMzjmK5vLt005FKt005q3G008lfF004ADyiHbMPp00OgRq00p0Ip00H2op00Bnhp00CK9p00S1st00c95t00cpIt00fDwt00eyYt00gGRp00bzvaoUrWtaoUpgualSfaWa00uqh,P1Win,P2Win,,,,,,
47,000iAhjoUfQzp00jTKakW1Xtp00tRIt00hfdt00fnqaiLYG5GjuMhdp00wxkr00vtt6pHyV0zdqBhKU01nUEamU36R9eSSSI9fTzjU7eFFEoal1vPNamT6Tf60hLHca2s2Xkp00qBhp01ASHT01wMDaaQjv8a2to9AdnlunH,0013zTjnPXmvj013iHt00V48t00V48t00V48t00V48t0146Jy00Xu0F015cPE00YOXEmKMizp01tnnajvxhnajvza8ajvB2Sp013xBp00Tpcp01cG1a01f90p01uHEp01w2Vp01xndr01m8B,P2Win,P1Win,,,,,,
48,000iAhjoUfQzp00jTKakW1Xtp00tRIt00hfdt00fnqaiLYG5GjuMhdp00wxkr00vtt6pHyV0zdqBhKU01nUEamU36R9eSSSI9fTzjU7eFFEoal1vPNamT6Tf60hLHca2s2Xkp00qBhp01ASHT01wMDaaQjv8a2to9AdnlunH,000wPJhmK8udt00tlHt00tlHt00tlHt00tlHt00tlHt00tlHt00tlHt00tlHt00tlHa00FHQG00iOGp00kshr00lwaajv5Qc4pDo7Tp00sdHp01lfdp01zx8p013Mnp010jup00Ue7p00O19p018FQa00IoPajv2SRq00DfuamKPY3a01ybCa3gr9y,P1Win,P2Win,,,,,,
49,000iAhjoUfQzp00jTKakW1Xtp00tRIt00hfdt00fnqaiLYG5GjuMhdp00wxkr00vtt6pHyV0zdqBhKU01nUEamU36R9eSSSI9fTzjU7eFFEoal1vPNamT6Tf60hLHca2s2Xkp00qBhp01ASHT01wMDaaQjv8a2to9AdnlunH,000w4it00pSOt00ohst00pSOt00ohst00pSOt00ohst00pSOt00ohst00pSOt00ohst00pSOt00oxQa00Ftga00Hm2a00JeMajv54Majv6Wxajv8Pit00oxQp004o5r004o5,P1Win,P2Win,,,,,,
50,000iAhjoUfQzp00jTKakW1Xtp00tRIt00hfdt00fnqaiLYG5GjuMhdp00wxkr00vtt6pHyV0zdqBhKU01nUEamU36R9eSSSI9fTzjU7eFFEoal1vPNamT6Tf60hLHca2s2Xkp00qBhp01ASHT01wMDaaQjv8a2to9AdnlunH,001iTkt01h1Rt01gu7t01fWit01gKvt01fpwt01gubT01bkRajvFQta01coTLpRlzPLiv26cjjRUgJa3gMFFp01AUcp01ATEaozsGuaozvnqp01ASDp01jWdp01blJp01sy6ajvMBvajvOufajvQn0p01AQUp01bQgadJ9JV8d1dhJ8d1bBO8jvGEE801aw9djvGV3a3gPmBU01s3hajvXDs,P2Win,P1Win,,,,,,
51,000iAhjoUfQzp00jTKakW1Xtp00tRIt00hfdt00fnqaiLYG5GjuMhdp00wxkr00vtt6pHyV0zdqBhKU01nUEamU36R9eSSSI9fTzjU7eFFEoal1vPNamT6Tf60hLHca2s2Xkp00qBhp01ASHT01wMDaaQjv8a2to9AdnlunH,000hLRU00cGjU00rs5p00m69jmXiKCO0dkgD4oclhSU00Lkaa2B305a2B5G1a00Kf3a00MUYajuPfxajuRVvp00u7RU0159za013wFa016dBp00vbHp00wfxU01nVta2bwEQa2bzlM82nPyVp00kGYr00Vyvgn70N0goc73dgphdyOamJYBzamK1ukamK3n6N0R4lF,P2Win,P1Win,,,,,,
52,000iAhjoUfQzp00jTKakW1Xtp00tRIt00hfdt00fnqaiLYG5GjuMhdp00wxkr00vtt6pHyV0zdqBhKU01nUEamU36R9eSSSI9fTzjU7eFFEoal1vPNamT6Tf60hLHca2s2Xkp00qBhp01ASHT01wMDaaQjv8a2to9AdnlunH,000Hk6T01fQVa6vGRMa6vIKxa6vKDiU01jSPa01nEga6vIdTa6vKTPp01ewzomKXuwo0j9R8U00L2nU004kEa3g0twa00MDxa008m1a3flc0djuEuwT015bdamKTw2amKQP6gocV31gpE2VRg016vDN1az5Kp01dsPp01aMEp00W5bp0100Tp00ERGp00TUcp00IDXp0187rO0ieDQr00FoP,P1Win,P2Win,,,,,,
53,000iAhjoUfQzp00jTKakW1Xtp00tRIt00hfdt00fnqaiLYG5GjuMhdp00wxkr00vtt6pHyV0zdqBhKU01nUEamU36R9eSSSI9fTzjU7eFFEoal1vPNamT6Tf60hLHca2s2Xkp00qBhp01ASHT01wMDaaQjv8a2to9AdnlunH,000LC8U013OTj3g5CoLmKSHhL017zDL0187qp017Qz9im2xF9gCiF3M0187qdiMt1kdhlnc33017jfgljF5OgnPRajU01bOXT01j5Eanu2JYa6vKmTa6vMfEa6vO8pa6vOFka6vRmgp01j6fU01lhAU01A30a01iA7a16qrGa01xlwan8oq6p00IDwp00YKXp00Plxp012r0GmKrNiamKLYF,P2Win,P1Win,,,,,,
54,000iAhjoUfQzp00jTKakW1Xtp00tRIt00hfdt00fnqaiLYG5GjuMhdp00wxkr00vtt6pHyV0zdqBhKU01nUEamU36R9eSSSI9fTzjU7eFFEoal1vPNamT6Tf60hLHca2s2Xkp00qBhp01ASHT01wMDaaQjv8a2to9AdnlunH,001kJTa0SoLUp01uWKa1XrgCp01kIyajvQQwajvTxsp01wOOt018UBGozcLM7om4Vq7om1HG7om8acjnUCUX9ouBeo1o8Ntm1o8QH6U01w0pagLChL8d1uoBU00EzPagtaePr00Xqfa5hCdyaeBuD19eBpMlp01xSK1o8TURLggq4ragt7hEp01kqXr01tCqp00CY4LhkYdX9ouGBg9ouKmw9ouOVb9ouVnHam7Go5am3eWH,P1Win,P2Win,,,,,,
55,000iAhjoUfQzp00jTKakW1Xtp00tRIt00hfdt00fnqaiLYG5GjuMhdp00wxkr00vtt6pHyV0zdqBhKU01nUEamU36R9eSSSI9fTzjU7eFFEoal1vPNamT6Tf60hLHca2s2Xkp00qBhp01ASHT01wMDaaQjv8a2to9AdnlunH,001jmRt01gG1j1o4sPp01AOxamYArTU01sdWU01au0U014ReU01jlXa2C5Efa2BVvRaggyCAaggHKX8fbxtQa22wlna22v1oagghro9esiJTgpzXingpMX71gn87JBgoz6zE8fbkkyO01ew4t01gG37kwv7A7kwvULaggopDp01y9va2bHa5r01jUIr01zu2,P2Win,P1Win,,,,,,
56,000iAhjoUfQzp00jTKakW1Xtp00tRIt00hfdt00fnqaiLYG5GjuMhdp00wxkr00vtt6pHyV0zdqBhKU01nUEamU36R9eSSSI9fTzjU7eFFEoal1vPNamT6Tf60hLHca2s2Xkp00qBhp01ASHT01wMDaaQjv8a2to9AdnlunH,000x7xjoyuxoj0ICawamKvQxamKtaCa15Laia15NQhp00K1np00Pnvp00QHJSplKEwp00S2Xt00wzxt00wzxp00yHHajv52uajv6UfG00vd3hmSX45io3pyEp00DjLa3fVw5a3fSP9ii42cUajv39JzcHLysp00Tnhr00UHA�@�@�@�@,P1Win,P2Win,,,,,,
57,000iAhjoUfQzp00jTKakW1Xtp00tRIt00hfdt00fnqaiLYG5GjuMhdp00wxkr00vtt6pHyV0zdqBhKU01nUEamU36R9eSSSI9fTzjU7eFFEoal1vPNamT6Tf60hLHca2s2Xkp00qBhp01ASHT01wMDaaQjv8a2to9AdnlunH,000yK9P0dBv1jmXyTut00wkSt00ncEp00Hkpp00NKQp01cFCp01AS4p01ASPa00JeFa00LUEakWiVGU01fQSaggsrxgod6sNT01AOz8dAQRKp010hBO010h4a4lAypNoQ5G6O00s2XakWlCCgmKXKL,P1Win,P2Win,,,,,,
58,000iAhjoUfQzp00jTKakW1Xtp00tRIt00hfdt00fnqaiLYG5GjuMhdp00wxkr00vtt6pHyV0zdqBhKU01nUEamU36R9eSSSI9fTzjU7eFFEoal1vPNamT6Tf60hLHca2s2Xkp00qBhp01ASHT01wMDaaQjv8a2to9AdnlunH,001cIhp01AU7jnHpJNp01AT8p015r5p01ej0p01nb5p01AS9ajvHeCajvJ7majvL08apiwWyapizDua3gMFFamLdl7t018Gxt01bnst01dwBE0Jikqg016Ocg01eS0ad10DUad13kM42bvVa9oV2dx9oVgc07oV73C7oV2dx7kntOr7knvapBoV4TtBoVcXhv01iRc,P1Win,P2Win,,,,,,
59,000iAhjoUfQzp00jTKakW1Xtp00tRIt00hfdt00fnqaiLYG5GjuMhdp00wxkr00vtt6pHyV0zdqBhKU01nUEamU36R9eSSSI9fTzjU7eFFEoal1vPNamT6Tf60hLHca2s2Xkp00qBhp01ASHT01wMDaaQjv8a2to9AdnlunH,001hg7t01hg5t01hfqT013Ong1nKHJg1nPxFg1nVcbjpdVllajvM2qajvNUbajvPMVa01pApp01fS6p01pOKp01yXMp01w2Lp01xn4p01hh2p01APQG05tS4a01shqg1o2neajRETht01hg5t01hg5t01hg5t018mSLnpziqLnpG1xp01ixN,P2Win,P1Win,,,,,,
60,000iAhjoUfQzp00jTKakW1Xtp00tRIt00hfdt00fnqaiLYG5GjuMhdp00wxkr00vtt6pHyV0zdqBhKU01nUEamU36R9eSSSI9fTzjU7eFFEoal1vPNamT6Tf60hLHca2s2Xkp00qBhp01ASHT01wMDaaQjv8a2to9AdnlunH,000gVJj0RaKbzd0ds6imJPXSp004jezcLRa2a2SEWzp00uDcamKdNuamKguqE0m7nBzbU1yGzbLl8x9liJ4g9la6k39l175u9kRtlhb0v2zwb0v5gsb0v7Wo7oLlGq7oLgA17ki7oz7ki9hg7kmzTs7kmC3Bp00tPxp00mExp01iC684DjM0r01ARha4kHSlr00n9jr01t5I,P1Win,P2Win,,,,,,
61,000iAhjoUfQzp00jTKakW1Xtp00tRIt00hfdt00fnqaiLYG5GjuMhdp00wxkr00vtt6pHyV0zdqBhKU01nUEamU36R9eSSSI9fTzjU7eFFEoal1vPNamT6Tf60hLHca2s2Xkp00qBhp01ASHT01wMDaaQjv8a2to9AdnlunH,000QImX00ECC600IDY600AAcw00AAcw00Ccxw00DNTw00Fqgw00H2Cw00IDYjnPGVha0J57wa0J7Nup010A7aphY2Mapi1IFp00Nd0ajvnP5ajvl99Gjvh7fp013MFr01e38a01hwHp01580r01AU5,P2Win,P1Win,,,,,,
62,000iAhjoUfQzp00jTKakW1Xtp00tRIt00hfdt00fnqaiLYG5GjuMhdp00wxkr00vtt6pHyV0zdqBhKU01nUEamU36R9eSSSI9fTzjU7eFFEoal1vPNamT6Tf60hLHca2s2Xkp00qBhp01ASHT01wMDaaQjv8a2to9AdnlunH,000NuuX00ABdw00wyMw00zfHw00BVDw00ECAN00B8sO00BFfjoyKnxa2b8Mva2bbttp00WmlamKK5lamKMLip00EBfajvd5bajvfL7Gjv7HkT00UIca5MmLha5Mpsdr01AS2r01c6FO00DhBO00A3S,P1Win,P2Win,,,,,,
63,000iAhjoUfQzp00jTKakW1Xtp00tRIt00hfdt00fnqaiLYG5GjuMhdp00wxkr00vtt6pHyV0zdqBhKU01nUEamU36R9eSSSI9fTzjU7eFFEoal1vPNamT6Tf60hLHca2s2Xkp00qBhp01ASHT01wMDaaQjv8a2to9AdnlunH,000wR0jn7no0X00wldw00szaw00urUw00wkFw00ydqw00A6bp00MsBa1rShla1rUXhp00s0GajuYFrajv2mnp00Emfp00NuIG00ov2p01lQkp016M5p01rqrp01ABeT01fCEa3guRDa3gxyzO00t6WO00wkFO00zyoOpV3kIr015Ujr011q0,P1Win,P2Win,,,,,,
64,000iAhjoUfQzp00jTKakW1Xtp00tRIt00hfdt00fnqaiLYG5GjuMhdp00wxkr00vtt6pHyV0zdqBhKU01nUEamU36R9eSSSI9fTzjU7eFFEoal1vPNamT6Tf60hLHca2s2Xkp00qBhp01ASHT01wMDaaQjv8a2to9AdnlunH,000ocmX009FYY004jdt004jH6008kw600dr04ou5dVp00ypfp00zJF7kih4F7kiipD7kra8f7krbtdj1rpHIa3Ts6Bp01ASla3TuMyamftv3amfwbYr01APMw005ncw007fWw0098Ha9wBD6,P1Win,P2Win,,,,,,
65,000iAhjoUfQzp00jTKakW1Xtp00tRIt00hfdt00fnqaiLYG5GjuMhdp00wxkr00vtt6pHyV0zdqBhKU01nUEamU36R9eSSSI9fTzjU7eFFEoal1vPNamT6Tf60hLHca2s2Xkp00qBhp01ASHT01wMDaaQjv8a2to9AdnlunH,000i1sj1n0XhlfAPSpi327oop00vIyamFVjF4oYRtVp00y8oamFSCJa1ndSca1nbcb9l176t9l1boE9kVOABr00eNBa4CaAD7kdNil7kdPrt7kiceD7kienJ7kifsjp00bDs7kihBs7kdQw37kdSFc9kVTXt9kW04Xx64fADE21zyN1opmE91opq9gT01Ayc8dws8j,P1Win,P2Win,,,,,,
66,000iAhjoUfQzp00jTKakW1Xtp00tRIt00hfdt00fnqaiLYG5GjuMhdp00wxkr00vtt6pHyV0zdqBhKU01nUEamU36R9eSSSI9fTzjU7eFFEoal1vPNamT6Tf60hLHca2s2Xkp00qBhp01ASHT01wMDaaQjv8a2to9AdnlunH,000iy6p00k9Pjn77cv7kmw8Wp00aKfp00uDcp00sKYam2bXqam2eEm4o3xzea3bit6a3bla4r01sKLa01rWyT01zMDa6w6Tva6w51Ka6w2RBr00Vkt7kmwW87kmxKj7kmyyu7kmzmF7kmAaQ7kmAY27kmBMd7kmCAo7kmDoz9l9V7Y9la0qb9l5CO69l5Gjd9l1l3S9kW04W9kRDhP7oPJCG7oPMQp7oPOsL704ypV704Dg1,P2Win,P2Win,,,,,,
67,000iAhjoUfQzp00jTKakW1Xtp00tRIt00hfdt00fnqaiLYG5GjuMhdp00wxkr00vtt6pHyV0zdqBhKU01nUEamU36R9eSSSI9fTzjU7eFFEoal1vPNamT6Tf60hLHca2s2Xkp00qBhp01ASHT01wMDaaQjv8a2to9AdnlunH,000gFlp00umNr004APa4xCfMt004iQp00rGoT01jSKa6vQhya6vOoNa6vMw3a5duDUa5dxkQa2Of8xa2OhOv4ogLlmp01iOLamjNWcamjQD87kdKl07kmzTs7kdMu97kmC3B7kdODi7kmEcK7kdQMr7kmGlT9kE5md9l5vOR9kEbxg9l5C0U9kEgU89l5HnM9kEmi09l5MKEj1rpHI,P1Win,P2Win,,,,,,
68,000iAhjoUfQzp00jTKakW1Xtp00tRIt00hfdt00fnqaiLYG5GjuMhdp00wxkr00vtt6pHyV0zdqBhKU01nUEamU36R9eSSSI9fTzjU7eFFEoal1vPNamT6Tf60hLHca2s2Xkp00qBhp01ASHT01wMDaaQjv8a2to9AdnlunH,000ihXp00Bm1j1rpHNp00suKamfoEXa3xmSy4oclMYT01oIPa6vWJ0a6vUQfa6vSXua6vSXxa6vVEtp01pxB7kdLWtp004Qb9l9UAu9la0Xbr00Olcr01ARS7kdOn17kdPHW7kdRR67kmBfA7kmDF47kmF117kmHaa9l5EH19l1jYo9l1oOv9oGN5e9oGR789oGV8U9oH0aM9oH4cGamfrlT,P1Win,Draw,,,,,,
69,000iAhjoUfQzp00jTKakW1Xtp00tRIt00hfdt00fnqaiLYG5GjuMhdp00wxkr00vtt6pHyV0zdqBhKU01nUEamU36R9eSSSI9fTzjU7eFFEoal1vPNamT6Tf60hLHca2s2Xkp00qBhp01ASHT01wMDaaQjv8a2to9AdnlunH,000wPfp00uH29nKStQ9nKWvI9nL1xC9nKOrH9pDkVt9pDoqw9pDt0t9pDx2n7ocm6C7ocoMy7ocrtu7pV5Yf7pV8Fb7pVbm7t00ijKt00iA9jn7nnr7ke2Au7ke3F47kiu1R7kiv6r7kmVsf7kmWNda0W1WUa0VYgU4pMwNzp00MWvp00Qakp00UrOp0115lakEA2cr00BUt,P1Win,P2Win,,,,,,
70,000iAhjoUfQzp00jTKakW1Xtp00tRIt00hfdt00fnqaiLYG5GjuMhdp00wxkr00vtt6pHyV0zdqBhKU01nUEamU36R9eSSSI9fTzjU7eFFEoal1vPNamT6Tf60hLHca2s2Xkp00qBhp01ASHT01wMDaaQjv8a2to9AdnlunH,001cIcjn8aMbp01cXbp013ywajvGX9ajvIPTajvKIEp01mn3p01w3mp01wB0alOYScalP2z8p01wlda3gMFFafx3QKafx6xGt01b76GmKNS9EoVhgz9mxAW09mxJ0N9mxR4B9nH5R59nHlYG9oQzMa9oQHPX9oQPTL7keG8J7keIhS7keKr27keMAb7oHNYd7nHaqL7oHS177nHesFr019pAr00K2t,P1Win,P2Win,,,,,,
71,000iAhjoUfQzp00jTKakW1Xtp00tRIt00hfdt00fnqaiLYG5GjuMhdp00wxkr00vtt6pHyV0zdqBhKU01nUEamU36R9eSSSI9fTzjU7eFFEoal1vPNamT6Tf60hLHca2s2Xkp00qBhp01ASHT01wMDaaQjv8a2to9AdnlunH,001cbujom4rMamLn20ajvNpKajvLwWajvJEa7p0wkQ7oV9cL7oQMG3afb8zYt01eBnt01eBnt01eBnt01eBnp0173yp01yJuGjzVe0amLkl4p01fUxp01oMBa2bJ7o7kaklC7kalqc7kaonw7kaps6gpEb2Pg05EH19oMf4C9oDBktEoVahlp01s3hp01ADvafb5T3,P2Win,P1Win,,,,,,
72,000iAhjoUfQzp00jTKakW1Xtp00tRIt00hfdt00fnqaiLYG5GjuMhdp00wxkr00vtt6pHyV0zdqBhKU01nUEamU36R9eSSSI9fTzjU7eFFEoal1vPNamT6Tf60hLHca2s2Xkp00qBhp01ASHT01wMDaaQjv8a2to9AdnlunH,000zyjN09iWop016bTOpVfa2p01AQYp01fVhp00QKVa1eIgL4oyMjha1eKWH7pd9ys7pd6kJ7pd4In7opGTn7opDFE7opC4i7nCffi7nCc1z7nCapdjk0VnNajvarzajv7KAp01qF2p0159zg00szKg09mrvg00Dku204Nii7ke6EN7ke6Vc7kixyo7kizaK7kn0MW7kn2pjp01zyOr011ad,P1Win,P2Win,,,,,,
73,000iAhjoUfQzp00jTKakW1Xtp00tRIt00hfdt00fnqaiLYG5GjuMhdp00wxkr00vtt6pHyV0zdqBhKU01nUEamU36R9eSSSI9fTzjU7eFFEoal1vPNamT6Tf60hLHca2s2Xkp00qBhp01ASHT01wMDaaQjv8a2to9AdnlunH,000ydnjolh3UakvVM5akvT6dp00OBW4oLXF1a1eJ57p00Szhp01kdTp01AQYN09dj8p015WBNoUARYp00NeGa1eGob7kivFD7kixi07krnof7krp0B7kvPmp7nGzGr7nGCUa7nGG8S7phv5b7phyiT7phBwC7ou2Sj7ou6727ou9kK204KBmOpV8HAgpV7Tpr00RvFr011Xh,P1Win,P2Win,,,,,,
74,000iAhjoUfQzp00jTKakW1Xtp00tRIt00hfdt00fnqaiLYG5GjuMhdp00wxkr00vtt6pHyV0zdqBhKU01nUEamU36R9eSSSI9fTzjU7eFFEoal1vPNamT6Tf60hLHca2s2Xkp00qBhp01ASHT01wMDaaQjv8a2to9AdnlunH,000dYpj15l2bjoUcRfj00g7VjnP7X0ynP7GBF00rWfr00osdt00os8t00os8t00os8t00os8t00os8p00AOep00zdqp00xS1,P2Win,P1Win,,,,,,
75,000iAhjoUfQzp00jTKakW1Xtp00tRIt00hfdt00fnqaiLYG5GjuMhdp00wxkr00vtt6pHyV0zdqBhKU01nUEamU36R9eSSSI9fTzjU7eFFEoal1vPNamT6Tf60hLHca2s2Xkp00qBhp01ASHT01wMDaaQjv8a2to9AdnlunH,000hMzjmK5vLt005FKt005q3G008lfF004ADyiHbMPp00OgRq00p0Ip00H2op00Bnhp00CK9p00S1st00c95t00cpIt00fDwt00eyYt00gGRp00bzvaoUrWtaoUpgualSfaWa00uqh,P1Win,P2Win,,,,,,
76,000iAhjoUfQzp00jTKakW1Xtp00tRIt00hfdt00fnqaiLYG5GjuMhdp00wxkr00vtt6pHyV0zdqBhKU01nUEamU36R9eSSSI9fTzjU7eFFEoal1vPNamT6Tf60hLHca2s2Xkp00qBhp01ASHT01wMDaaQjv8a2to9AdnlunH,000gYDj0mkQdjoc9sxp00jnVGjuM1Mym6oouF00nFHp00tC6p00zLOp00DgeSoxYDQr00GcXr01m72t00eiAt00eiAt00eiAt00eiAt00eiAp00wP8p00tjT,P1Win,P2Win,,,,,,
77,000iAhjoUfQzp00jTKakW1Xtp00tRIt00hfdt00fnqaiLYG5GjuMhdp00wxkr00vtt6pHyV0zdqBhKU01nUEamU36R9eSSSI9fTzjU7eFFEoal1vPNamT6Tf60hLHca2s2Xkp00qBhp01ASHT01wMDaaQjv8a2to9AdnlunH,000MWmj15Ugmp00FVRGk5o0tamKwCEamKtVIp01Aj0p01nqrp01p2cp01dIbamKJxdamKMeba00WCHa010jEt00Inmt00IDKt00JYJt00JYJt00JYJt00JYIt00JYIt00JYIt00JYIt00JYIp00W3Kp00uVNp00W70,P2Win,P1Win,,,,,,
78,000iAhjoUfQzp00jTKakW1Xtp00tRIt00hfdt00fnqaiLYG5GjuMhdp00wxkr00vtt6pHyV0zdqBhKU01nUEamU36R9eSSSI9fTzjU7eFFEoal1vPNamT6Tf60hLHca2s2Xkp00qBhp01ASHT01wMDaaQjv8a2to9AdnlunH,000NKQajzIi2ajzKXXaoySbRaoq7nWp01AOxp016bGp01kJHp01pyQp01vJ0t00NKQt00NKQt00NKQt00NKQt00NKQt00NKQt00NKQt00NKQt00NKQt00NKQt00NKQt00NKQt00NKQr01AT8,P1Win,P2Win,,,,,,
79,000iAhjoUfQzp00jTKakW1Xtp00tRIt00hfdt00fnqaiLYG5GjuMhdp00wxkr00vtt6pHyV0zdqBhKU01nUEamU36R9eSSSI9fTzjU7eFFEoal1vPNamT6Tf60hLHca2s2Xkp00qBhp01ASHT01wMDaaQjv8a2to9AdnlunH,000ARST01hixLoUfnvajvOLtajvd79ajvbelajv9lya00K1pa00MHnt00xUPp01AU2a01ATup00Lk3hogJvCt00xUPt00xUPt00xUPt00xUPt00xUPt00xUPt00xUPt00xUPt00xUPt00xUP,P1Win,P2Win,,,,,,
80,000iAhjoUfQzp00jTKakW1Xtp00tRIt00hfdt00fnqaiLYG5GjuMhdp00wxkr00vtt6pHyV0zdqBhKU01nUEamU36R9eSSSI9fTzjU7eFFEoal1vPNamT6Tf60hLHca2s2Xkp00qBhp01ASHT01wMDaaQjv8a2to9AdnlunH,000QHCjocIDJT00Tpzp01yHnp01APRGk9S7zr00Ekip00Vfnp00S2ka2b8Mda2b66hN1nFAlgnPMA4g00W5XU01167U004ksp019FNa3gkDoa3ghWsa008lOa005ES60Ehq7U00IFbamKzlXamKwF2U00xTma3fRrDa3fOKHdmKoA9dkdGAMr00FG0p012bV,P1Win,P2Win,,,,,,
81,000iAhjoUfQzp00jTKakW1Xtp00tRIt00hfdt00fnqaiLYG5GjuMhdp00wxkr00vtt6pHyV0zdqBhKU01nUEamU36R9eSSSI9fTzjU7eFFEoal1vPNamT6Tf60hLHca2s2Xkp00qBhp01ASHT01wMDaaQjv8a2to9AdnlunH,000GeGT00Sj9a4lg9ja4ldsnGjR5FvU00PmWa1O31na1O0krU019YXa1OmDoa1OjWsU00Gw6a1NTawa1NQtAU00rJma1NEnAa1NBGIgnPgRWg00p2SdjvisWdjv9CbN6uU5IN115t5jjVMHXO0qXPu,P1Win,P2Win,,,,,,
82,000iAhjoUfQzp00jTKakW1Xtp00tRIt00hfdt00fnqaiLYG5GjuMhdp00wxkr00vtt6pHyV0zdqBhKU01nUEamU36R9eSSSI9fTzjU7eFFEoal1vPNamT6Tf60hLHca2s2Xkp00qBhp01ASHT01wMDaaQjv8a2to9AdnlunH,000wj6j2Oo2vU00cWULmo1UuL00gruG0zEvRamK0pYamK36Ugoy3VBgmf56r9icmnE9hbFWsU00Kyea00LlRa3g4yIU00gGTa00gpXa3ftfWT00ShOa6vk2la00S1ua3gbelU00S22p00ONXp00MFLp00BnfU01yVVaoMHcdr01ABqa2kuOCdjqT1kO097mzdiLBlcp00DgJp00rbe8juEMCa6vmIh,P1Win,P2Win,,,,,,
83,000iAhjoUfQzp00jTKakW1Xtp00tRIt00hfdt00fnqaiLYG5GjuMhdp00wxkr00vtt6pHyV0zdqBhKU01nUEamU36R9eSSSI9fTzjU7eFFEoal1vPNamT6Tf60hLHca2s2Xkp00qBhp01ASHT01wMDaaQjv8a2to9AdnlunH,0012cnU00B5Ct00K0QagfVsI8dvv5nU01yFoaggMRraggPynLggortagfT3ep00DM99oDrQO9oDh779o3VMB9o3QpF9oDmtTjn3uQIa4ulRlp01f5Op01i2samCf7SamChNOp00XW27oyPKd7oySaOajmIctajmFvxGk1iBap01b23a4uoykLgfXUX8dANnD600QGTp01pO1,P2Win,P1Win,,,,,,
84,000iAhjoUfQzp00jTKakW1Xtp00tRIt00hfdt00fnqaiLYG5GjuMhdp00wxkr00vtt6pHyV0zdqBhKU01nUEamU36R9eSSSI9fTzjU7eFFEoal1vPNamT6Tf60hLHca2s2Xkp00qBhp01ASHT01wMDaaQjv8a2to9AdnlunH,000hgbho7AAQimB4Wyi3foXDt00duDt00axjp00zvSp00Ajkp00cFdp00uGBq00otUG0v6TFzcD69ta1WojRa4gpQ0amXqhcan2RHySoPF76j15nKYj3fyE3zdIiioak0vMyak9macakN2JV,P1Win,P2Win,,,,,,
85,000iAhjoUfQzp00jTKakW1Xtp00tRIt00hfdt00fnqaiLYG5GjuMhdp00wxkr00vtt6pHyV0zdqBhKU01nUEamU36R9eSSSI9fTzjU7eFFEoal1vPNamT6Tf60hLHca2s2Xkp00qBhp01ASHT01wMDaaQjv8a2to9AdnlunH,000i3E60dlC0t00hglU00wz3a3fNqojmK5MYa3fKJsp00GuWajuNTXajuPMIajuRFvp00q8yp00ITKgmKfc3gnPn3BU01vYsaozviQaozsBUT01bOWa6vGBoa6vJikGjuD9IjoUcUx6pD55np00cnYp00lfNr006tX,P2Win,P1Win,,,,,,
86,000iAhjoUfQzp00jTKakW1Xtp00tRIt00hfdt00fnqaiLYG5GjuMhdp00wxkr00vtt6pHyV0zdqBhKU01nUEamU36R9eSSSI9fTzjU7eFFEoal1vPNamT6Tf60hLHca2s2Xkp00qBhp01ASHT01wMDaaQjv8a2to9AdnlunH,0011pqT00S6TLntEI6LnGUTKU015crI8FCfYO0efcvp01yGMonuq94akWEaAakWGQxT01hhLp019Ylp01AOWa4lBr0M018Wpa2TwpTa2TyiET01bSQa5qApxa5qCiip019Xga5qEb3o16G5Tp019Wc8018Wp8od2vGM017RP8017Br8lszMk8esewo8d18XvIkWJzeIkWJzer01jWB,P2Win,P1Win,,,,,,
87,000iAhjoUfQzp00jTKakW1Xtp00tRIt00hfdt00fnqaiLYG5GjuMhdp00wxkr00vtt6pHyV0zdqBhKU01nUEamU36R9eSSSI9fTzjU7eFFEoal1vPNamT6Tf60hLHca2s2Xkp00qBhp01ASHT01wMDaaQjv8a2to9AdnlunH,001ktQp01nbKa1b22ya1b4IujlG3QOp01ysYp01AB8ajvQlaajvT27p01f5tp01piqGjIRJRp01gcyg1jDr2g1jGEKg1jBhUg1nTzxT00zyEamKnOTp01AAALlFzAUr00Q9GOpR1568o3Gvgd1fdlCd1ffuLd1svq2p012vJr01AQr859dKzi016vGg1nY9Bg1nVJ4zcIJ8X,P1Win,P2Win,,,,,,
88,000iAhjoUfQzp00jTKakW1Xtp00tRIt00hfdt00fnqaiLYG5GjuMhdp00wxkr00vtt6pHyV0zdqBhKU01nUEamU36R9eSSSI9fTzjU7eFFEoal1vPNamT6Tf60hLHca2s2Xkp00qBhp01ASHT01wMDaaQjv8a2to9AdnlunH,001dMMjn8aM8ajvI2Jp01dL8p015HHp01lPjaoMISKp01wzQaodogYanhahap01ydmp01yekGgggWEt01eB8t01eB8t01eB8t01eB8p016sdajvJUuajvLNfapiwpUp01APqae66CGadn5R79nH6VE9nHpdp7nYIUqgpzTSYBouPg8BouIxiOpR98Ir00YK6p00BW0,P2Win,P1Win,,,,,,
89,000iAhjoUfQzp00jTKakW1Xtp00tRIt00hfdt00fnqaiLYG5GjuMhdp00wxkr00vtt6pHyV0zdqBhKU01nUEamU36R9eSSSI9fTzjU7eFFEoal1vPNamT6Tf60hLHca2s2Xkp00qBhp01ASHT01wMDaaQjv8a2to9AdnlunH,000hvRa00t4Xjn77eFp00jDJa00qnYGjuMxYlby22Hlergnbld09cVajQSj6ajQV02p00B7bp00DMrt00j95la6TRsp00Gck60hKmqp00zvup00ybbr01ARXr01ATd7kmDYD7kmFRo7kmJ677kdPL97kdSYR7kdWdA,P2Win,P1Win,,,,,,
90,000iAhjoUfQzp00jTKakW1Xtp00tRIt00hfdt00fnqaiLYG5GjuMhdp00wxkr00vtt6pHyV0zdqBhKU01nUEamU36R9eSSSI9fTzjU7eFFEoal1vPNamT6Tf60hLHca2s2Xkp00qBhp01ASHT01wMDaaQjv8a2to9AdnlunH,001izcp015oUjn8aHAp01wwPalBNc4alBPS07keOEf7keRl97keU257k62vj7k65ce7k67Scp01u88a3gHv3a6vA9Wa6vCPST015DUa4cCEOa4cFlKp015UTr01wjKa3gKc0a01w2OOpVQH39o47vr42krBMr00MnV9o4eeh9o4kVR9pE5A79pEciF9pEj1w911Nf7911TWJ9121Fx,P1Win,P2Win,,,,,,
91,000iAhjoUfQzp00jTKakW1Xtp00tRIt00hfdt00fnqaiLYG5GjuMhdp00wxkr00vtt6pHyV0zdqBhKU01nUEamU36R9eSSSI9fTzjU7eFFEoal1vPNamT6Tf60hLHca2s2Xkp00qBhp01ASHT01wMDaaQjv8a2to9AdnlunH,001kYeU01q4PampacUamLgelt01adCX017NSO019pFO01byOj16ru2a3LAoAa3LD5xajvEcWajvGCu9fby1DamLkgfw013v3w0157nw016IJw018l6w019Wsw01byOa7eG35q01sLma6vFhv,P1Win,P2Win,,,,,,
92,000iAhjoUfQzp00jTKakW1Xtp00tRIt00hfdt00fnqaiLYG5GjuMhdp00wxkr00vtt6pHyV0zdqBhKU01nUEamU36R9eSSSI9fTzjU7eFFEoal1vPNamT6Tf60hLHca2s2Xkp00qBhp01ASHT01wMDaaQjv8a2to9AdnlunH,000P6Yj1ak1gX00Ctv6pdgKJ61w4NYw00yaGw00AjOw00CsXw00EC7w00GLgp00JrIaocVhDajvkBAajvhUEGgfWP3aocSAGp016shr01krEr01gsAa1Op57a3Ci6ra3CkMnT011F2a43LgGa43IzG,P2Win,P1Win,,,,,,
93,000iAhjoUfQzp00jTKakW1Xtp00tRIt00hfdt00fnqaiLYG5GjuMhdp00wxkr00vtt6pHyV0zdqBhKU01nUEamU36R9eSSSI9fTzjU7eFFEoal1vPNamT6Tf60hLHca2s2Xkp00qBhp01ASHT01wMDaaQjv8a2to9AdnlunH,001dMsjnucv1X01cIQt01bDtajvIPAp01eixp015asp01nrdp01AUga1Ki6pa0O46AGeeVarw018Gqp01ATcanQpeBanQrUxp01ARSp01w3jajvKIlajvMB7w01azaw01cIjw01eB4w01gKdO01a2nO01cbwO01ekFabM7frr004k6,P1Win,P2Win,,,,,,
94,000iAhjoUfQzp00jTKakW1Xtp00tRIt00hfdt00fnqaiLYG5GjuMhdp00wxkr00vtt6pHyV0zdqBhKU01nUEamU36R9eSSSI9fTzjU7eFFEoal1vPNamT6Tf60hLHca2s2Xkp00qBhp01ASHT01wMDaaQjv8a2to9AdnlunH,000ocmX009FYY004jdt004jH6008kw600dr04ou5dVp00ypfp00zJF7kih4F7kiipD7kra8f7krbtdj1rpHIa3Ts6Bp01ASla3TuMyamftv3amfwbYr01APMw005ncw007fWw0098Ha9wBD6,P1Win,P2Win,,,,,,
95,000iAhjoUfQzp00jTKakW1Xtp00tRIt00hfdt00fnqaiLYG5GjuMhdp00wxkr00vtt6pHyV0zdqBhKU01nUEamU36R9eSSSI9fTzjU7eFFEoal1vPNamT6Tf60hLHca2s2Xkp00qBhp01ASHT01wMDaaQjv8a2to9AdnlunH,000j74p00sMhamx4S9amx2ccT00wMV8nbFSAa1w1QfaotK5F1nPaEV1nKHGN7k9uJV7kdRBC7kiftk7kdPsv7k9p6Kxk4Yy6zd0bkn90dkuW909cX59kNdKi9kN59E9kRogLg3b1xQlfalW140E6VVj10Yg4E00aLninKxewr00awg,P1Win,P2Win,,,,,,
96,000iAhjoUfQzp00jTKakW1Xtp00tRIt00hfdt00fnqaiLYG5GjuMhdp00wxkr00vtt6pHyV0zdqBhKU01nUEamU36R9eSSSI9fTzjU7eFFEoal1vPNamT6Tf60hLHca2s2Xkp00qBhp01ASHT01wMDaaQjv8a2to9AdnlunH,000i1sp00c6ap00kX9p00x3JamXtIKamXwpGp00t2Ga2SGiGa2SIYF42nQBK7kdPHR7kmFhk7kdRR17kmHqt7kdLWm7kmBvO7kdO6v7kmDEX7oU9TU7oUd8D9l5vPU9l5zkV9l1bnI9l1eRP9kVSCv9kVW7C9kW0BJr01auXa01ewka6vRmza6vU3vT01n8sa5qMcwa5qOSsp01n93j15nYvr01AT0r01AP4O00iNR,P1Win,P2Win,,,,,,
97,000iAhjoUfQzp00jTKakW1Xtp00tRIt00hfdt00fnqaiLYG5GjuMhdp00wxkr00vtt6pHyV0zdqBhKU01nUEamU36R9eSSSI9fTzjU7eFFEoal1vPNamT6Tf60hLHca2s2Xkp00qBhp01ASHT01wMDaaQjv8a2to9AdnlunH,000j63p00x3San7jP0an7mvVp00vbRa36TNqa36Wun41Ape6t00c6Ya6uzls1nTttI1nTwHr7kmEcK7kdQMr7kmGlT7kdSVA7kmArf7kdN1X7kmCAr7kdPb6r004iO9liJSs9leo5G9lerzn9lexdD9leCk89kMTFm9kIzdx9kIEQq9kEmyozcUHO0j10Yf4r01ARF,P1Win,P2Win,,,,,,
98,000iAhjoUfQzp00jTKakW1Xtp00tRIt00hfdt00fnqaiLYG5GjuMhdp00wxkr00vtt6pHyV0zdqBhKU01nUEamU36R9eSSSI9fTzjU7eFFEoal1vPNamT6Tf60hLHca2s2Xkp00qBhp01ASHT01wMDaaQjv8a2to9AdnlunH,000ihHp00xAvp00vbxt008BKt00eMqamjRrjamjOKna1vY98abxXuK1nP4Jh1nP7X07kmzmF7kmCAo7kmEcK7kdMdK7kdPrt7kdR3P9p8exX9p8jo29phcHH9phhxM90quLA90vbrv9l5vPM9l5zR49l5EGQ9l5Kl7400qlAj15nYv,P1Win,P2Win,,,,,,
99,000iAhjoUfQzp00jTKakW1Xtp00tRIt00hfdt00fnqaiLYG5GjuMhdp00wxkr00vtt6pHyV0zdqBhKU01nUEamU36R9eSSSI9fTzjU7eFFEoal1vPNamT6Tf60hLHca2s2Xkp00qBhp01ASHT01wMDaaQjv8a2to9AdnlunH,000ET8jn7DuTp00W6HGmKgwip0117Bp013MHa0vPwY9pz7JX9pzdVe9pzknF9pzqOW9nU6GL9nPAv39nPu3B9nTMBM7pMtjH7pQVhR7pVgce7o3Jr57nYnUm7nTTkPp00SCqinxFMgak17Sfak15ch7keeWCa0vMQ37kn53R7kebsv7kn1imp00EDC85qfYX854gpTT00zLDamogFqp00S39,P1Win,P1Win,,,,,,
100,000iAhjoUfQzp00jTKakW1Xtp00tRIt00hfdt00fnqaiLYG5GjuMhdp00wxkr00vtt6pHyV0zdqBhKU01nUEamU36R9eSSSI9fTzjU7eFFEoal1vPNamT6Tf60hLHca2s2Xkp00qBhp01ASHT01wMDaaQjv8a2to9AdnlunH,001e4bp01AmUp01ASrp01sOwp01kKop01bC2p016cgt01aPGa1fuzMa1BtC4anHEflaov4KhajAeLuajWeBSaljTSwacqJ5l7pmspk7pmqMY7phXOV7olMMf7ohkOa7nctm37ngORL7nld0Q9nUCYw9nUuEk9o4aNt9mL7YR9mKYEF9mPg4U9p0G119p0xFO9p4O5BjmCkz1GgL7XT,P1Win,P2Win,,,,,,
101,000iAhjoUfQzp00jTKakW1Xtp00tRIt00hfdt00fnqaiLYG5GjuMhdp00wxkr00vtt6pHyV0zdqBhKU01nUEamU36R9eSSSI9fTzjU7eFFEoal1vPNamT6Tf60hLHca2s2Xkp00qBhp01ASHT01wMDaaQjv8a2to9AdnlunH,000wkyjnkACFamoqUNamotBKa1NU0za0IRvR4opTfGT004olagBnNbajuEhOp01ARsp013PNp01oN6p013eVp01dKep01phcioPTEXp00OSaOpV9Ma204V5H7p8Dmz7p8GAi7nGwsI7nGzGr7opCkG7opFyp7krg8C7kmSgV7kivpf7kmUq57krm3hN09gwQg04UOjr01AU1g04Y32,P1Win,P2Win,,,,,,
102,000iAhjoUfQzp00jTKakW1Xtp00tRIt00hfdt00fnqaiLYG5GjuMhdp00wxkr00vtt6pHyV0zdqBhKU01nUEamU36R9eSSSI9fTzjU7eFFEoal1vPNamT6Tf60hLHca2s2Xkp00qBhp01ASHT01wMDaaQjv8a2to9AdnlunH,000ytKakRVmaakRY34p00PWPa1eGEua1eJlq4phLISp00Az3p00PCVp016cJ7oleoq7nxMNU7pd9ys7olbaH7nxJAc7pd64ljo3E58p01jHgp01ARyT0075haeIPqFaki7tG7k9z7W7kiq2n7k9DX27kiuRsg0i5ywN09g04Np005DOpV7D1OpQK2I,P1Win,P2Win,,,,,,
103,000iAhjoUfQzp00jTKakW1Xtp00tRIt00hfdt00fnqaiLYG5GjuMhdp00wxkr00vtt6pHyV0zdqBhKU01nUEamU36R9eSSSI9fTzjU7eFFEoal1vPNamT6Tf60hLHca2s2Xkp00qBhp01ASHT01wMDaaQjv8a2to9AdnlunH,001e4bp01gYSp017QFp01p3Mp01wSmp01A5Tp01AROp01AQzp01APkr00Gtmt01bDXt01bDXt01bDXt01bDXt01bDXaeFmoMOpR98Jr00YK7T011HD8nCJB9akF740aov7rLapiwWHanq06Nao90Rial6GEcajvN9eajAeLuLnCUThBouOby9nCHcd9nD0sXjnyBfLGfTiIt,P2Win,P1Win,,,,,,
104,000iAhjoUfQzp00jTKakW1Xtp00tRIt00hfdt00fnqaiLYG5GjuMhdp00wxkr00vtt6pHyV0zdqBhKU01nUEamU36R9eSSSI9fTzjU7eFFEoal1vPNamT6Tf60hLHca2s2Xkp00qBhp01ASHT01wMDaaQjv8a2to9AdnlunH,000OA0j0A54wp00RwdajvnzBajvqgxGjvkSFamKLY2amKOF2p01ARup012bSp01f6Na00XbHa010RHp01gGGp01APPp00PSkp00W3jt00Nf0t00Nf0t00Nf0t00Nf0t00Nf0t00Nf0t00Nf0t00Nf0t00Nf0t00Nf0,P1Win,P2Win,,,,,,
105,000iAhjoUfQzp00jTKakW1Xtp00tRIt00hfdt00fnqaiLYG5GjuMhdp00wxkr00vtt6pHyV0zdqBhKU01nUEamU36R9eSSSI9fTzjU7eFFEoal1vPNamT6Tf60hLHca2s2Xkp00qBhp01ASHT01wMDaaQjv8a2to9AdnlunH,000ogSr00hJoajuU8cajuWO8aoUuWVaoUxDSp01ATYa01xFIp00B8hajv8N2ajvbtXp0172zamKS9FamKUPBp01kekap9vgYap9xWUp00W8KanPPjfanPS0bp01AQUp00L2it00m8at00m8at00m8at00m8at00m8at00m8at00m8at00m8at00m8at00m8a,P1Win,P2Win,,,,,,
106,000iAhjoUfQzp00jTKakW1Xtp00tRIt00hfdt00fnqaiLYG5GjuMhdp00wxkr00vtt6pHyV0zdqBhKU01nUEamU36R9eSSSI9fTzjU7eFFEoal1vPNamT6Tf60hLHca2s2Xkp00qBhp01ASHT01wMDaaQjv8a2to9AdnlunH,000O3Pt00HRUt00HRUt00HRUt00HRUt00HRUt00HRUt00HRUt00HRUt00HRUt00HRUt00HRUt00HRUt00HRUajvkDKajvnkHp01lPap01i5ka00Y0za011Gxp00fEBp00P6Mr01ov2p01ovo,P1Win,P2Win,,,,,,
107,000iAhjoUfQzp00jTKakW1Xtp00tRIt00hfdt00fnqaiLYG5GjuMhdp00wxkr00vtt6pHyV0zdqBhKU01nUEamU36R9eSSSI9fTzjU7eFFEoal1vPNamT6Tf60hLHca2s2Xkp00qBhp01ASHT01wMDaaQjv8a2to9AdnlunH,0011oQT00VysakWzAhLod3yjLnYyF5akWChdj0EJVcp014laakrR9SakrTPOGjvwY1p01fnmp01i3FamL1tPamL4aLp01f5lp01AQ2a01bBYt00YfGt00YfGt00YfGt00YfGt00YfGt00YfGt00YfGt00YfGt00YfGakabHTr00WEe,P1Win,P2Win,,,,,,
108,000iAhjoUfQzp00jTKakW1Xtp00tRIt00hfdt00fnqaiLYG5GjuMhdp00wxkr00vtt6pHyV0zdqBhKU01nUEamU36R9eSSSI9fTzjU7eFFEoal1vPNamT6Tf60hLHca2s2Xkp00qBhp01ASHT01wMDaaQjv8a2to9AdnlunH,000dYpj32i98joUg5Xj19K31y0hRPjF00sKqE1W4mTp00qBip00p0ur01AR5t00cTer01ATgt00cD4t00cmGt00cmGt00cmGt00cmG,P2Win,P1Win,,,,,,
109,000iAhjoUfQzp00jTKakW1Xtp00tRIt00hfdt00fnqaiLYG5GjuMhdp00wxkr00vtt6pHyV0zdqBhKU01nUEamU36R9eSSSI9fTzjU7eFFEoal1vPNamT6Tf60hLHca2s2Xkp00qBhp01ASHT01wMDaaQjv8a2to9AdnlunH,000e1sjlEWDBjnP7YSjoUcT7jmK2xPF00oJUyliUDYp00Ljep00BUrp00swEt00nWht00nWht00nWht00nWht00nWhr00u8A,P2Win,P1Win,,,,,,
110,000iAhjoUfQzp00jTKakW1Xtp00tRIt00hfdt00fnqaiLYG5GjuMhdp00wxkr00vtt6pHyV0zdqBhKU01nUEamU36R9eSSSI9fTzjU7eFFEoal1vPNamT6Tf60hLHca2s2Xkp00qBhp01ASHT01wMDaaQjv8a2to9AdnlunH,001p3Ep01vwwp01AS9p01AQNp01APyr01ASNr01yp0t01fDJt01lPMt01lPMt01lPMt01lPMt01lPMt01lPMamCz39ancLjKajNyXjajAj33a5zNTXa1BsfGjnuctSGau1X1FhUQDVyhUUqR,P1Win,P2Win,,,,,,
111,000iAhjoUfQzp00jTKakW1Xtp00tRIt00hfdt00fnqaiLYG5GjuMhdp00wxkr00vtt6pHyV0zdqBhKU01nUEamU36R9eSSSI9fTzjU7eFFEoal1vPNamT6Tf60hLHca2s2Xkp00qBhp01ASHT01wMDaaQjv8a2to9AdnlunH,000PnagoyUAPN1jiIj9mBXtST0145oa1jlW2a1joCXU00P7La2b0c7aocL63dkArGLU0086va15d0da15fG9gnOXA4dj4blha0JabmU01b2KanLGSljnc3e3O0mDoAp00Jr1Gp06bCU01mS8aozhSGa2TD5Pp00X9saoyPJta2TbVCT00Ubv,P1Win,P1Win,,,,,,
112,000iAhjoUfQzp00jTKakW1Xtp00tRIt00hfdt00fnqaiLYG5GjuMhdp00wxkr00vtt6pHyV0zdqBhKU01nUEamU36R9eSSSI9fTzjU7eFFEoal1vPNamT6Tf60hLHca2s2Xkp00qBhp01ASHT01wMDaaQjv8a2to9AdnlunH,000Kh1T00WmG9mBRzm7mkfAAa1JHjla2bbsVjoyKnRU011ULa2bdBta2bgipdjvuieU00w2U9jdmH07jzpuMa1EQHla2OojkU00WAQ9lf9PVp00NstGjv8v6p016sPp00Eksp01xSbp01jVfp01cWYU00aw2a21xHQa3OJ1Qa1nILCdjuDGF8jv2Tudjv11J60IQ8cp01bA98ouwE6r01AU6,P1Win,P2Win,,,,,,
113,000iAhjoUfQzp00jTKakW1Xtp00tRIt00hfdt00fnqaiLYG5GjuMhdp00wxkr00vtt6pHyV0zdqBhKU01nUEamU36R9eSSSI9fTzjU7eFFEoal1vPNamT6Tf60hLHca2s2Xkp00qBhp01ASHT01wMDaaQjv8a2to9AdnlunH,000L5Oa2x5T6U01nI4T00Ntjp018CVa3tNYXGjva8eU01pxdaozoA1a47WNKa2T6inanud1ca3Uerj9hcoKgO0ieEYr00lhRLplIuUL3opz9LmfgV6U00i4LU00Uula3PlF0jp0bR7p00FWAp016upU00X8paohkc7O09w4O8kRXINgn2DK6a1WiVGak9tYi9iu5Od9hbMFDdiDwsh,P1Win,P2Win,,,,,,
114,000iAhjoUfQzp00jTKakW1Xtp00tRIt00hfdt00fnqaiLYG5GjuMhdp00wxkr00vtt6pHyV0zdqBhKU01nUEamU36R9eSSSI9fTzjU7eFFEoal1vPNamT6Tf60hLHca2s2Xkp00qBhp01ASHT01wMDaaQjv8a2to9AdnlunH,001hKCt01fl5t01fl4U01rWza2bFwyaggJ6V9eOD1g9fGuWzU01daV9eOnXe9fxrpEU00PCLglFzwygoUP3tp00WQua16ilya16l2up01AOTp01y9RantFsGantI9CampiNqp01leUakWXsTj0SefSO01efJO0a4SJa1swIma1szpo,Draw,P2Win,,,,,,
115,000iAhjoUfQzp00jTKakW1Xtp00tRIt00hfdt00fnqaiLYG5GjuMhdp00wxkr00vtt6pHyV0zdqBhKU01nUEamU36R9eSSSI9fTzjU7eFFEoal1vPNamT6Tf60hLHca2s2Xkp00qBhp01ASHT01wMDaaQjv8a2to9AdnlunH,000OPYt00Di7M00FY68kegz28jvd7B8e5MfpIhUhIRIhUhIRU00EDFp00Mp7300ED8Il67anU00JYSa00LQMa3g4wQ60r9Qer00ET0p00EkLGjvd56T00YLwa3bNEHa4YYawa6ijsfp01162p012rOa1O6NljnCtHjp00uTTp016It8iq6B0p00YMwq00Mo2r016vWp01uF8,P2Win,P1Win,,,,,,
116,000iAhjoUfQzp00jTKakW1Xtp00tRIt00hfdt00fnqaiLYG5GjuMhdp00wxkr00vtt6pHyV0zdqBhKU01nUEamU36R9eSSSI9fTzjU7eFFEoal1vPNamT6Tf60hLHca2s2Xkp00qBhp01ASHT01wMDaaQjv8a2to9AdnlunH,000hN0hmsjpVimSEvTp00c8mt00ePpt00ePpp00c6ip00c71joppnYjmjEjVp00raCGgfor9akEdbpakEf4aakEgVUamXqO1amXsGKamXuzxp00STHp01eRoigsUMr85LRsi84U3tp83XOK6p00xEep00zwpp00BoAp00Dxap00F8Wp00OgtSo7Dxv,P1Win,P2Win,,,,,,
117,000iAhjoUfQzp00jTKakW1Xtp00tRIt00hfdt00fnqaiLYG5GjuMhdp00wxkr00vtt6pHyV0zdqBhKU01nUEamU36R9eSSSI9fTzjU7eFFEoal1vPNamT6Tf60hLHca2s2Xkp00qBhp01ASHT01wMDaaQjv8a2to9AdnlunH,000x8Naak4UDT005JeakMWGHa0Eq5zp00P9Da0Nhgo4oHwexakNl47akNnK3N09g04O04HDJbpqfxabpqie69nGnkl9nGFB6jnxNSuze5wGUp01AREp01nYRp019WTzd0vybp010Ss7krkaw7kiv8Q7kmS0x7krfRe7kipuAr01AU87ou2Sj7otYEA7pd5wy7nKSMC,P1Win,P1Win,,,,,,
118,000iAhjoUfQzp00jTKakW1Xtp00tRIt00hfdt00fnqaiLYG5GjuMhdp00wxkr00vtt6pHyV0zdqBhKU01nUEamU36R9eSSSI9fTzjU7eFFEoal1vPNamT6Tf60hLHca2s2Xkp00qBhp01ASHT01wMDaaQjv8a2to9AdnlunH,000e3RjmBh3LimSExEp00iROajquyEajuQC9laTkFQl6uALBl96cAxSmX4OpOpUQf1OpQt6Vp01ARPp00XoQp00wO9p01APvp00PVcp01fUjp00TrJan2QEvanxEbyp00W67r00cIqa00vfvr00wRpp00wBya00syz4nGvTK,P2Win,P1Win,,,,,,
119,000iAhjoUfQzp00jTKakW1Xtp00tRIt00hfdt00fnqaiLYG5GjuMhdp00wxkr00vtt6pHyV0zdqBhKU01nUEamU36R9eSSSI9fTzjU7eFFEoal1vPNamT6Tf60hLHca2s2Xkp00qBhp01ASHT01wMDaaQjv8a2to9AdnlunH,000i3E60dlC0t00hglU00wz3a3fNqojmK5MYa3fKJsp00GuWajuNTXajuPMIajuRFvp00q8yp00ITKgmKfc3gnPn3BU01vYsaozviQaozsBUT01bOWa6vGBoa6vJikGjuD9IjoUcUx6pD55np00cnYp00lfNr006tX,P2Win,P1Win,,,,,,
120,000iAhjoUfQzp00jTKakW1Xtp00tRIt00hfdt00fnqaiLYG5GjuMhdp00wxkr00vtt6pHyV0zdqBhKU01nUEamU36R9eSSSI9fTzjU7eFFEoal1vPNamT6Tf60hLHca2s2Xkp00qBhp01ASHT01wMDaaQjv8a2to9AdnlunH,001lMyp01AOSancLgGancNWCp01jCoajRQWiajRTDep01xlza37Wewa37YUu42oTQ4p017O9a6vvQEa6vyxAT00YJha4YWwva500drp00X8v9oV0Mp9oV8329p0E2O9p0Lis90AiJf90ApYR90EVYE90F4fi7p9tRE7p9x6m7p9sgk70AzV770Av6570AyjLOpVSzrjnlnVvr012YjaouxY2,P2Win,P1Win,,,,,,
